ID,SKU,Manufacturer,Model,Variant,Network,Capacity,Color,Grade,Damages,Weight,Weight Unit
2568273,IPHONE13MINIA2481128REDB,Apple,iPhone 13 mini,A2481,Wi-Fi,128GB,Red,B Grade,"",,
2607635,IPADAIR4THGEA231664GROSEA,Apple,iPad Air 4th Gen,A2316,Wi-Fi,64GB,Rose Gold,A Grade,"",,
2634743,IPHONE11A211164GBLACB,Apple,iPhone 11,A2111,Unlocked,64GB,Black,B Grade,"",,
2634744,IPHONE7A177832GBLACB,Apple,iPhone 7,A1778,Unlocked,32GB,Black,B Grade,"",,
2634745,IPHONE7A177832GBLACC,Apple,iPhone 7,A1778,Unlocked,32GB,Black,C Grade,"",,
2634746,IPHONESEA166264GBLACD,Apple,iPhone SE,A1662,Unlocked,64GB,Black,D Grade,"",,
2634747,IPHONEXA1865256BLACD,Apple,iPhone X,A1865,Unlocked,256GB,Black,D Grade,"",,
2634751,WATCHSE240MMGPS+LTEN/ABLACO,Apple,Watch SE 2,40MM GPS + LTE,Wi-Fi,N/A,Black,OPEN BOX,"",,
2634872,GALAXYTABA7LSM-T227U32GBLACC,Samsung,Galaxy Tab A7 Lite,SM-T227U,Wi-Fi & Cellular,32GB,Black,C Grade,"",,
2634890,ZFLIP3SM-F711W128BLACA,Samsung,Z Flip 3,SM-F711W,Wi-Fi,128GB,Black,A Grade,"",,
2634893,ZFLIP4AT&TUSASM-721128GREYA,Samsung,Z Flip 4,SM-721,Wi-Fi,128GB,Black,A Grade,"",,
2634895,ZFLIP5SM-F731512BLACC,Samsung,Z Flip 5,SM- F731,Wi-Fi,512GB,Black,C Grade,"",,
2634900,ZFOLD3SM-F926U256BLACA,Samsung,Z Fold 3,SM-F926U,Wi-Fi,256GB,Black,A Grade,"",,
2634901,ZFOLD3SM-F926U512BLACA,Samsung,Z Fold 3,SM-F926U,Wi-Fi,512GB,Black,A Grade,"",,
2634906,IPAD10THGENA269664GBLUEA,Apple,iPad 10th Gen,A2696,Wi-Fi,64GB,Blue,A Grade,"",,
2634908,IPADAIR4THGEA231664GBLUEA,Apple,iPad Air 4th Gen,A2316,Wi-Fi,64GB,Blue,A Grade,"",,
2634944,ZFOLD4SM-F936WZKEXAC256CREAA,Samsung,Z Fold 4,SM-F936WZKEXAC,Wi-Fi,256GB,Cream Beige,A Grade,"",,
2634975,ZFOLD3SM-F926U256GREEA,Samsung,Z Fold 3,SM-F926U,Wi-Fi,256GB,Green,A Grade,"",,
2635000,MAVIC3CLASSIT6-N900N/AGREYA,DJI,Mavic 3 Classic,T6-N900,Wi-Fi,N/A,Grey,A Grade,"",,
2635001,MINI2T6-N9002N/AGREYA,DJI,Mini 2,T6-N9002,Wi-Fi,N/A,Grey,A Grade,"",,
2635011,ZFLIP4SM-721256GREYA,Samsung,Z Flip 4,SM-721,Wi-Fi,256GB,Grey,A Grade,"",,
2635014,ZFOLD4SM-F936WZKEXAC256GREYA,Samsung,Z Fold 4,SM-F936WZKEXAC,Wi-Fi,256GB,Grey,A Grade,"",,
2636256,IPHONE7A177832GBLACA,Apple,iPhone 7,A1778,Unlocked,32GB,Black,A Grade,"",,
2636310,IPHONE7A1778BLACC,Apple,iPhone 7,A1778,Unlocked,32GB,Black,C Grade,Cracked Front Glass,,
2636344,IPHONESE2NDGA2275128REDC,Apple,iPhone SE 2nd Gen,A2275,Unlocked,128GB,Red,C Grade,"",,
2636352,IPHONESE2NDGA2275128REDB,Apple,iPhone SE 2nd Gen,A2275,Unlocked,128GB,Red,B Grade,"",,
2636365,IPHONESE2NDGA2275128BLACC,Apple,iPhone SE 2nd Gen,A2275,Unlocked,128GB,Black,C Grade,"",,
2636366,IPHONESE2NDGA227128BLACB,Apple,iPhone SE 2nd Gen,A2275,Unlocked,128GB,Black,B Grade,"",,
2636371,IPADMINI4A1538128BLACD,Apple,iPad mini 4,A1538,Wi-Fi,128GB,Black,D Grade,"",,
2636447,IPHONESE2NDGA2275128WHITC,Apple,iPhone SE 2nd Gen,A2275,Unlocked,128GB,White,C Grade,"",,
2636449,IPHONESE2NDGA227564GBLACC,Apple,iPhone SE 2nd Gen,A2275,Unlocked,64GB,Black,C Grade,"",,
2636453,IPHONESE2NDGA227564GBLACB,Apple,iPhone SE 2nd Gen,A2275,Unlocked,64GB,Black,B Grade,"",,
2636461,IPHONESE2NDGA2275128WHITD,Apple,iPhone SE 2nd Gen,A2275,Unlocked,128GB,White,C Grade,Cracked Front Glass,,
2636488,IPHONE12A217264GBLACC,Apple,iPhone 12,A2172,Unlocked,64GB,Black,A Grade,"",,
2636494,IPHONE11A211164GBLACC,Apple,iPhone 11,A2111,Unlocked,64GB,Black,C Grade,"",,
2636496,IPHONE11A211164GBLACA,Apple,iPhone 11,A2111,Unlocked,64GB,Black,A Grade,"",,
2639078,MACBOOK256ROSEB,Apple,"MacBook (12-inch, 2015)","A1534 (8GB RAM, 1.1GHz i5)",Wi-Fi,256GB,Rose Gold,B Grade,"",,
2639098,ZFLIP4SM-721128LIGHC,Samsung,Z Flip 4,SM-721,Wi-Fi,128GB,Light Blue,C Grade,"",,
2639128,IPAD10THGENA269664GPINKA,Apple,iPad 10th Gen,A2696,Wi-Fi,64GB,Pink,A Grade,"",,
2639143,IPAD6THGENA189332GSPACC,Apple,iPad 6th Gen,A1893,Wi-Fi,32GB,Space Grey,C Grade,"",,
2639146,IPHONE8A190564GSPACC,Apple,iPhone 8,A1905,Unlocked,64GB,Space Grey,C Grade,"",,
2639147,IPHONE8A19064GSPACB,Apple,iPhone 8,A1905,Unlocked,64GB,Space Grey,B Grade,"",,
2639148,IPHONE8CCA1905SPACC,Apple,iPhone 8,A1905,Unlocked,64GB,Space Grey,C Grade,Cracked Front Glass,,
2639149,IPHONE8A190564GSPACA,Apple,iPhone 8,A1905,Unlocked,64GB,Space Grey,A Grade,"",,
2639165,GALAXYTABS8USM-X900NZAAEAC256BLACA,Samsung,Galaxy Tab S8 Ultra,SM- X900NZAAEAC,Wi-Fi,256GB,Black,A Grade,"",,
2639180,IPAD7THGENA2197128WHITA,Apple,iPad 7th Gen,A2197,Wi-Fi,128GB,White,A Grade,"",,
2639182,IPADAIR1STGEA147464GWHITA,Apple,iPad Air 1st Gen,A1474,Wi-Fi,64GB,White,A Grade,"",,
2639184,IPADAIR3RDGEA215264GWHITA,Apple,iPad Air 3rd Gen,A2152,Wi-Fi,64GB,White,A Grade,"",,
2639186,IPADMINIBLCD4A155016GWHITD,Apple,iPad mini 4,A1550,Wi-Fi & Cellular,16GB,White,D Grade,Broken LCD,,
2639187,IPHONE11PROMA216164GWHITA,Apple,iPhone 11 Pro Max,A2161,Unlocked,64GB,White,A Grade,"",,
2639201,H476AH476A(1776W)N/AWHITA,EPSON,H476A,H476A (1776W),N/A,N/A,White,A Grade,"",,
2639211,PLAYSTATION5CFI-1216AN/AWHITN,Sony,PlayStation 5 Spiderman Combo,CFI-1216A,Wi-Fi,N/A,White,NEW,"",,
2639231,IPAD5THGENA182232GSPACD,Apple,iPad 5th Gen,A1822,Wi-Fi,32GB,Space Grey,D Grade,"",,
2639232,IPAD5THGENA182232GSPACC,Apple,iPad 5th Gen,A1822,Wi-Fi,32GB,Space Grey,C Grade,"",,
2639234,IPAD9THGENA260264GSPACB,Apple,iPad 9th Gen,A2602,Wi-Fi,64GB,Space Grey,B Grade,"",,
2639236,IPADAIR5THGEA258864GSPACA,Apple,iPad Air 5th Gen,A2588,Wi-Fi,64GB,Space Grey,A Grade,"",,
2639241,IPADMINI4A1538128SPACC,Apple,iPad mini 4,A1538,Wi-Fi & Cellular,128GB,Space Grey,C Grade,Broken Digitizer,,
2639242,IPADMINI4A1550128SPACB,Apple,iPad mini 4,A1550,Wi-Fi,128GB,Space Grey,B Grade,"",,
2639247,IPADPRO11INCA2377128SPACA,Apple,iPad Pro 11 inch 3rd Gen,A2377,Wi-Fi,128GB,Space Grey,A Grade,"",,
2639295,MACBOOKPRO256SPACB00002,Apple,"MacBook Pro (13-inch, 2017)","A1708 (16GB RAM, 2.3GHz i5)",Wi-Fi,256GB,Space Grey,B Grade,"",,
2639297,MACBOOKPRO512SPACB00003,Apple,"MacBook Pro (13-inch, 2017)","A1708 (16GB RAM, 3.5GHz i7)",Wi-Fi,512GB,Space Grey,B Grade,"",,
2639303,MACBOOKPRO128SPACA,Apple,"MacBook Pro (13-inch, 2017)","A1708 (8GB RAM, 2.3GHz i5)",Wi-Fi,128GB,Space Grey,A Grade,"",,
2639304,MACBOOKPRO128SPACD,Apple,"MacBook Pro (13-inch, 2017)","A1708 (8GB RAM, 2.3GHz i5)",Wi-Fi,128GB,Space Grey,D Grade,"",,
2639305,MACBOOKPRO128SPACB,Apple,"MacBook Pro (13-inch, 2017)","A1708 (8GB RAM, 2.3GHz i5)",Wi-Fi,128GB,Space Grey,B Grade,"",,
2639306,MACBOOKPRO256SPACC00003,Apple,"MacBook Pro (13-inch, 2017)","A1708 (8GB RAM, 2.3GHz i5)",Wi-Fi,256GB,Space Grey,C Grade,"",,
2639307,MACBOOKPRO256SPACB00004,Apple,"MacBook Pro (13-inch, 2017)","A1708 (8GB RAM, 2.3GHz i5)",Wi-Fi,256GB,Space Grey,B Grade,"",,
2639309,MACBOOKPRO256SPACP00002,Apple,"MacBook Pro (13-inch, 2017)","A1708 (8GB RAM, 2.3GHz i5)",Wi-Fi,256GB,Space Grey,PARTS & REPAIR,"Broken LCD, Broken Button(s)",,
2639310,MACBOOKPRO512SPACC,Apple,"MacBook Pro (13-inch, 2018)","A1989 (16GB RAM, 2.3GHz i5)",Wi-Fi,512GB,Space Grey,C Grade,"",,
2639312,MACBOOKPRO512SPACC00002,Apple,"MacBook Pro (13-inch, 2018)","A1989 (16GB RAM, 2.7GHz i7)",Wi-Fi,512GB,Space Grey,C Grade,"",,
2639316,MACBOOKPRO256SPACB00005,Apple,"MacBook Pro (13-inch, 2018)","A1989 (8GB RAM, 2.3GHz i5)",Wi-Fi,256GB,Space Grey,B Grade,"",,
2639317,MACBOOKPRO256SPACD00002,Apple,"MacBook Pro (13-inch, 2018)","A1989 (8GB RAM, 2.3GHz i5)",Wi-Fi,256GB,Space Grey,D Grade,"",,
2639318,MACBOOKPRO256SPACC00005,Apple,"MacBook Pro (13-inch, 2018)","A1989 (8GB RAM, 2.3GHz i5)",Wi-Fi,256GB,Space Grey,C Grade,"",,
2639320,MACBOOKPRO512SPACB00004,Apple,"MacBook Pro (13-inch, 2018)","A1989 (8GB RAM, 2.3GHz i5)",Wi-Fi,512GB,Space Grey,B Grade,"",,
2639327,MACBOOKPRO128SPACC00002,Apple,"MacBook Pro (13-inch, 2019)","A2159 (8GB RAM, 1.4GHz i5)",Wi-Fi,128GB,Space Grey,C Grade,"",,
2639328,MBPA21591.48128SGA,Apple,"MacBook Pro (13-inch, 2019)","A2159 (8GB RAM, 1.4GHz i5)",Wi-Fi,128GB,Space Grey,A Grade,"",,
2639329,MACBOOKPRO128SPACB00002,Apple,"MacBook Pro (13-inch, 2019)","A2159 (8GB RAM, 1.4GHz i5)",Wi-Fi,128GB,Space Grey,B Grade,"",,
2639330,MACBOOKPRO128SPACD00002,Apple,"MacBook Pro (13-inch, 2019)","A2159 (8GB RAM, 1.4GHz i5)",Wi-Fi,128GB,Space Grey,D Grade,Broken LCD,,
2639331,MACBOOKPRO128SPACP,Apple,"MacBook Pro (13-inch, 2019)","A2159 (8GB RAM, 1.4GHz i5)",Wi-Fi,128GB,Space Grey,PARTS & REPAIR,Screen Separating,,
2639332,MACBOOKPRO256SPACC00008,Apple,"MacBook Pro (13-inch, 2019)","A2159 (8GB RAM, 1.4GHz i5)",Wi-Fi,256GB,Space Grey,C Grade,"",,
2639333,MACBOOKPRO256SPACB00007,Apple,"MacBook Pro (13-inch, 2019)","A2159 (8GB RAM, 1.4GHz i5)",Wi-Fi,256GB,Space Grey,B Grade,"",,
2639367,A19902.2256SGA,Apple,"MacBook Pro (15-inch, 2018)","A1990 (16GB RAM, 2.2GHz i7)",Wi-Fi,256GB,Space Grey,A Grade,"",,
2639368,MACBOOKPRO256SPACC00006,Apple,"MacBook Pro (15-inch, 2018)","A1990 (16GB RAM, 2.2GHz i7)",Wi-Fi,256GB,Space Grey,C Grade,"",,
2639373,MACBOOKPRO512SPACB00006,Apple,"MacBook Pro (15-inch, 2018)","A1990 (16GB RAM, 2.6GHz i7)",Wi-Fi,512GB,Space Grey,B Grade,"",,
2639374,MACBOOKPRO512GS00002,Apple,"MacBook Pro (15-inch, 2018)","A1990 (16GB RAM, 2.6GHz i7)",Wi-Fi,512GB,Space Grey,C Grade,"",,
2639376,MACBOOKPRO512SPACC00004,Apple,"MacBook Pro (15-inch, 2019)","A1990 (16GB RAM, 2.6GHz i7)",Wi-Fi,512GB,Space Grey,C Grade,"",,
2639398,IPAD10THGENA269664GSILVN,Apple,iPad 10th Gen,A2696,Wi-Fi,64GB,Silver,NEW,"",,
2639399,IPAD10THGENA269664GSILVA,Apple,iPad 10th Gen,A2696,Wi-Fi,64GB,Silver,A Grade,"",,
2639401,IPADPRO11INCA2337128SILVA,Apple,iPad Pro 11 inch 3rd Gen,A2337,Wi-Fi,128GB,Silver,A Grade,"",,
2639403,IPADPRO11INCA2377128SILVB,Apple,iPad Pro 11 inch 3rd Gen,A2377,Wi-Fi,128GB,Silver,B Grade,"",,
2639405,IPADPRO11INCA2759128SILVA,Apple,iPad Pro 11 inch 4th Gen,A2759,Wi-Fi,128GB,Silver,A Grade,"",,
2639448,MACBOOKAIR256SILVC,Apple,"MacBook Air (13-inch, 2017)","A1466 (8GB RAM, 1.8GHz i5)",Wi-Fi,256GB,Silver,C Grade,"",,
2639449,MACBOOKAIR512SILVC,Apple,"MacBook Air (13-inch, 2017)","A1466 (8GB RAM, 1.8GHz i5)",Wi-Fi,512GB,Silver,C Grade,"",,
2639450,MACBOOKAIR512SILVB,Apple,"MacBook Air (13-inch, 2017)","A1466 (8GB RAM, 1.8GHz i5)",Wi-Fi,512GB,Silver,B Grade,"",,
2639455,MACBOOKAIR256SILVC00002,Apple,"MacBook Air (13-inch, 2017)","A1466 (8GB RAM, 2.2GHz i7)",Wi-Fi,256GB,Silver,C Grade,"",,
2639478,MACBOOKPRO256SILVC00003,Apple,"MacBook Pro (13-inch, 2017)","A1708 (16GB RAM, 2.3GHz i5)",Wi-Fi,256GB,Silver,C Grade,"",,
2639479,MACBOOKPRO256SILVA,Apple,"MacBook Pro (13-inch, 2017)","A1708 (16GB RAM, 2.3GHz i5)",Wi-Fi,256GB,Silver,A Grade,"",,
2639488,MACBOOKPRO128SILVB,Apple,"MacBook Pro (13-inch, 2017)","A1708 (8GB RAM, 2.3GHz i5)",Wi-Fi,128GB,Silver,B Grade,"",,
2639490,MACBOOKPRO128SILVD00002,Apple,"MacBook Pro (13-inch, 2017)","A1708 (8GB RAM, 2.3GHz i5)",Wi-Fi,128GB,Silver,D Grade,"",,
2639491,MACBOOKPRO128SILVC00002,Apple,"MacBook Pro (13-inch, 2017)","A1708 (8GB RAM, 2.3GHz i5)",Wi-Fi,128GB,Silver,C Grade,"",,
2639492,MACBOOKPRO128SILVA,Apple,"MacBook Pro (13-inch, 2017)","A1708 (8GB RAM, 2.3GHz i5)",Wi-Fi,128GB,Silver,A Grade,"",,
2639498,MACBOOKPRO256SILVB00004,Apple,"MacBook Pro (13-inch, 2017)","A1708 (8GB RAM, 2.3GHz i5)",Wi-Fi,256GB,Silver,B Grade,"",,
2639499,MACBOOKPRO256SILVC00004,Apple,"MacBook Pro (13-inch, 2017)","A1708 (8GB RAM, 2.3GHz i5)",Wi-Fi,256GB,Silver,C Grade,"",,
2639503,MACBOOKPRO512SILVA,Apple,"MacBook Pro (13-inch, 2018)","A1989 (8GB RAM, 2.3GHz i5)",Wi-Fi,512GB,Silver,A Grade,"",,
2639510,MACBOOKPRO128SILVC00003,Apple,"MacBook Pro (13-inch, 2019)","A2159 (8GB RAM, 1.4GHz i5)",Wi-Fi,128GB,Silver,C Grade,"",,
2639523,MACBOOKPRO512SILVD,Apple,"MacBook Pro (15-inch, 2013)","A1398 (16GB RAM, 2.3GHz i7)",Wi-Fi,512GB,Silver,D Grade,"",,
2639528,MACBOOKPRO256SILVD,Apple,"MacBook Pro (15-inch, 2015)","A1398 (16GB RAM, 2.5GHz i7)",Wi-Fi,256GB,Silver,D Grade,"",,
2639530,MACBOOKPRO512SILVD00002,Apple,"MacBook Pro (15-inch, 2015)","A1398 (16GB RAM, 2.5GHz i7)",Wi-Fi,512GB,Silver,D Grade,"",,
2639532,MACBOOKPRO512GS,Apple,"MacBook Pro (15-inch, 2015)","A1398 (16GB RAM, 2.5GHz i7)",Wi-Fi,512GB,Silver,D Grade,No Boot,,
2639874,IPADPRO12.9IA158432GBLACD,Apple,iPad Pro 12.9 inch 1st Gen,A1584,Wi-Fi,32GB,Black,D Grade,"",,
2639875,IPADPRO12.9IA158464GBLACD,Apple,iPad Pro 12.9 inch 1st Gen,A1584,Wi-Fi,64GB,Black,D Grade,"",,
2639878,IPADPRO12.9IA1652128BLACD,Apple,iPad Pro 12.9 inch 1st Gen,A1652,Wi-Fi,128GB,Black,D Grade,"",,
2639879,IPADPRO12.9IA165264GBLACD,Apple,iPad Pro 12.9 inch 1st Gen,A1652,Wi-Fi,64GB,Black,D Grade,"",,
2639895,IPADPRO12.9IA2436128SPACA,Apple,iPad Pro 12.9 inch 6th Gen,A2436,Wi-Fi,128GB,Space Grey,A Grade,"",,
2639903,IPADPRO12.9IA2378128SILVA,Apple,iPad Pro 12.9 inch 5th Gen,A2378,Wi-Fi,128GB,Silver,A Grade,"",,
2639905,IPADPRO12.9IA2378256SPACA,Apple,iPad Pro 12.9 inch 5th Gen,A2378,Wi-Fi,256GB,Space Grey,A Grade,"",,
2639906,IPADPRO12.9IA23782TBSILVA,Apple,iPad Pro 12.9 inch 5th Gen,A2378,Wi-Fi,2TB,Silver,A Grade,"",,
2639907,IPADPRO12.9IA23782TBSPACA,Apple,iPad Pro 12.9 inch 5th Gen,A2378,Wi-Fi,2TB,Space Grey,A Grade,"",,
2639908,IPADPRO12.9IA2378512SILVA,Apple,iPad Pro 12.9 inch 5th Gen,A2378,Wi-Fi,512GB,Silver,A Grade,"",,
2639909,IPADPRO12.9IA2378512SPACA,Apple,iPad Pro 12.9 inch 5th Gen,A2378,Wi-Fi,512GB,Space Grey,A Grade,"",,
2639911,IPADPRO12.9IA167064GBLACB,Apple,iPad Pro 12.9 inch 2nd Gen,A1670,Wi-Fi,64GB,Black,B Grade,"",,
2639915,IPADPRO12.9IA1671512BLACA,Apple,iPad Pro 12.9 inch 2nd Gen,A1671,Wi-Fi,512GB,Black,A Grade,"",,
2639916,IPADPRO12.9IA167164GBLACD,Apple,iPad Pro 12.9 inch 2nd Gen,A1671,Wi-Fi,64GB,Black,D Grade,"",,
2639917,LATITUDE5430512GREYN,Dell,"Latitude 5430 (14-inch, 2022)","(8GB RAM, i5 1235U)",Wi-Fi,512GB,Grey,NEW,"",,
2640147,LATITUDE5440256GREYN,Dell,"Latitude 5440 (14-inch, 2023)","(16GB RAM, i5 1335U)",Wi-Fi,256GB,Grey,NEW,"",,
2640501,GALAXYNOTE20SM-981U128MYSTC,Samsung,Galaxy Note 20 5G,SM-981U,Wi-Fi,128GB,Mystic Bronze,C Grade,"",,
2640516,GALAXYS215GSM-G991128GREYC,Samsung,Galaxy S21 5G,SM-G991,Wi-Fi,128GB,Grey,C Grade,"",,
2640523,GALAXYS22ULTSM-S908UZKAXAA128BLACA,Samsung,Galaxy S22 Ultra,SM-S908UZKAXAA,Wi-Fi,128GB,Black,A Grade,"",,
2640524,GALAXYS22ULTSM-S908UZKAXAA128BLACC,Samsung,Galaxy S22 Ultra,SM-S908UZKAXAA,Wi-Fi,128GB,Black,C Grade,"",,
2640528,GALAXYS22ULTSM-S908UZKFXAA512GREEA,Samsung,Galaxy S22 Ultra,SM-S908UZKFXAA,Wi-Fi,512GB,Green,A Grade,"",,
2640531,GALAXYS21+5GSM-G996BZKGEUB128BLACB,Samsung,Galaxy S21+ 5G,SM-G996BZKGEUB,Wi-Fi,128GB,Black,B Grade,"",,
2640534,GALAXYS20FE5SM-G781U128NAVYA,Samsung,Galaxy S20 FE 5G,SM-G781U,Wi-Fi,128GB,Navy,A Grade,"",,
2640537,GALAXYS21ULTSM-G998B/DS256BLACA,Samsung,Galaxy S21 Ultra 5G,SM-G998B/DS,Wi-Fi,256GB,Black,A Grade,"",,
2640541,AIRPODS2NDGEA2032N/AWHITB,Apple,AirPods 2nd Gen,A2032,Wi-Fi,N/A,White,B Grade,"",,
2640542,AIRPODS2NDGEA2032N/AWHITP,Apple,AirPods 2nd Gen,A2032,Wi-Fi,N/A,White,PARTS & REPAIR,"",,
2640545,AIRPODS3RDGEA2565N/AWHITN,Apple,AirPods 3rd Gen,A2565,Wi-Fi,N/A,White,NEW,"",,
2640546,AIRPODS3RDGEA2565N/AWHITA,Apple,AirPods 3rd Gen,A2565,Wi-Fi,N/A,White,A Grade,"",,
2640547,AIRPODS3RDGEA2565N/AWHITB,Apple,AirPods 3rd Gen,A2565,Wi-Fi,N/A,White,B Grade,"",,
2640548,AIRPODS3RDGEA2565N/AWHITC,Apple,AirPods 3rd Gen,A2565,Wi-Fi,N/A,White,C Grade,"",,
2640558,GALAXYS22SMS901U1SPECTRUMUSA128VLA,Samsung,Galaxy S22,SM-S901U1,Wi-Fi,128GB,Violet,A Grade,"",,
2640559,GALAXYS22SM-S901U1256GREEA,Samsung,Galaxy S22,SM-S901U1,Wi-Fi,256GB,Green,A Grade,"",,
2640560,GALAXYS22SM-S901U1256PINKA,Samsung,Galaxy S22,SM-S901U1,Wi-Fi,256GB,Pink,A Grade,"",,
2640569,LATITUDE3440512BLACA,Dell,"Latitude 3440 (14-inch, 2023)","3440 (16GB RAM, i7 1335U)",Wi-Fi,512GB,Black,A Grade,"",,
2640581,GALAXYS21FE5SM-G990U128WHITA,Samsung,Galaxy S21 FE 5G,SM-G990U,Wi-Fi,128GB,White,A Grade,"",,
2640589,YOGA260128BLACC,Lenovo,"Yoga 260 (12.5-inch, 2016)","(4GB RAM, i3 6200U)",Wi-Fi,128GB,Black,C Grade,"",,
2640590,YOGA260128BLACB,Lenovo,"Yoga 260 (12.5-inch, 2016)","(4GB RAM, i3 6200U)",Wi-Fi,128GB,Black,B Grade,"",,
2640592,MACBOOKPRO256SILVA00002,Apple,"MacBook Pro (13-inch, 2018)","A1989 (8GB RAM, 2.3GHz i5)",Wi-Fi,256GB,Silver,A Grade,"",,
2640595,GALAXYS8ULTRKEYBOARDCOVERN/ABLACA,Samsung,Galaxy S8 Ultra Keyboard Cover,Keyboard Cover,N/A,N/A,Black,A Grade,"",,
2640608,DJIMAVICCLASCPMA0000055401NAGREYA,DJI,Dji Mavic Classic,CP.MA.00000554.01,Wi-Fi,N/A,Grey,A Grade,"",,
2640611,GALAXYA13SM-A13564GBLACA,Samsung,Galaxy A13,SM-A135,Wi-Fi,64GB,Black,A Grade,"",,
2640614,GALAXYA155GSM-A155128BLACA,Samsung,Galaxy A15 5G,SM-A155,Wi-Fi,128GB,Black,A Grade,"",,
2640617,GALAXYA325G6SMA326XFINITYUSA64BLCA,Samsung,Galaxy A32 5G,SM-A326,Wi-Fi,64GB,Black,A Grade,"",,
2640620,GALAXYA535GSM-A536128BLACA,Samsung,Galaxy A53 5G,SM-A536,Wi-Fi,128GB,Black,A Grade,"",,
2640623,GALAXYA525GSMA526TMOBUSA128BLACA,Samsung,Galaxy A52 5G,SM-A526,Wi-Fi,128GB,Black,A Grade,"",,
2640627,IMAC512SILVA,Apple,"iMac (27-inch, 5K, 2020)","A2115 (64GB RAM, 3.8GHz 8 Core i7)",Wi-Fi,512GB,Silver,A Grade,"",,
2640634,LATITUDE7370256GREYB,Dell,"Latitude 7370 (13-inch, 2016)","7370 (8GB RAM, M7-6Y7S)",Wi-Fi,256GB,Grey,B Grade,"",,
2640645,MACBOOKAIR256GOLDC,Apple,"MacBook Air (13-inch, 2020)","A2179 (8GB RAM, 1.1GHz i3)",Wi-Fi,256GB,Gold,C Grade,"",,
2640646,MACBOOKAIR256ROSEC,Apple,"MacBook Air (13-inch, 2020)","A2179 (8GB RAM, 1.1GHz i3)",Wi-Fi,256GB,Rose Gold,C Grade,"",,
2640647,MACBOOKAIR(1A2179)8256RGA,Apple,"MacBook Air (13-inch, 2020)","A2179 (8GB RAM, 1.1GHz i3)",Wi-Fi,256GB,Rose Gold,A Grade,"",,
2640648,MACBOOKAIR256SILVA,Apple,"MacBook Air (13-inch, 2020)","A2179 (8GB RAM, 1.1GHz i3)",Wi-Fi,256GB,Silver,A Grade,"",,
2640649,MACBOOKAIR256SPACC00002,Apple,"MacBook Air (13-inch, 2020)","A2179 (8GB RAM, 1.1GHz i3)",Wi-Fi,256GB,Space Grey,C Grade,"",,
2640650,MBAA2179i38256SGB,Apple,"MacBook Air (13-inch, 2020)","A2179 (8GB RAM, 1.1GHz i3)",Wi-Fi,256GB,Space Grey,B Grade,"",,
2640651,MBAA2179i38256SGA,Apple,"MacBook Air (13-inch, 2020)","A2179 (8GB RAM, 1.1GHz i3)",Wi-Fi,256GB,Space Grey,A Grade,"",,
2640654,MACBOOKAIR256SPACA00002,Apple,"MacBook Air (13-inch, 2019)","A1932 (16GB RAM, 1.6GHz i5)",Wi-Fi,256GB,Space Grey,A Grade,"",,
2640662,MACBOOKAIR128GOLDB,Apple,"MacBook Air (13-inch, 2019)","A1932 (8GB RAM, 1.6GHz i5)",Wi-Fi,128GB,Gold,B Grade,"",,
2640663,MACBOOKAIA1932128SILVC,Apple,"MacBook Air (13-inch, 2019)","A1932 (8GB RAM, 1.6GHz i5)",Wi-Fi,128GB,Silver,C Grade,"",,
2640664,MBA1919328128SLVA,Apple,"MacBook Air (13-inch, 2019)","A1932 (8GB RAM, 1.6GHz i5)",Wi-Fi,128GB,Silver,A Grade,"",,
2640666,MBA1932i58128SGA,Apple,"MacBook Air (13-inch, 2019)","A1932 (8GB RAM, 1.6GHz i5)",Wi-Fi,128GB,Space Grey,A Grade,"",,
2640667,MACBOOKAIA1932128SPACC,Apple,"MacBook Air (13-inch, 2019)","A1932 (8GB RAM, 1.6GHz i5)",Wi-Fi,128GB,Space Grey,C Grade,"",,
2640668,MACBOOKAIR512SPACA,Apple,"MacBook Air (13-inch, 2019)","A1932 (8GB RAM, 1.6GHz i5)",Wi-Fi,512GB,Space Grey,A Grade,"",,
2640670,MACBOOKAIR256SPACA,Apple,"MacBook Air (13-inch, 2018)","A1932 (16GB RAM, 1.6GHz i5)",Wi-Fi,256GB,Space Grey,A Grade,"",,
2640681,MACBOOKAIR128ROSEC,Apple,"MacBook Air (13-inch, 2018)","A1932 (8GB RAM, 1.6GHz i5)",Wi-Fi,128GB,Rose Gold,C Grade,"",,
2640683,MACBOOKAIR128SILVC00003,Apple,"MacBook Air (13-inch, 2018)","A1932 (8GB RAM, 1.6GHz i5)",Wi-Fi,128GB,Silver,C Grade,"",,
2640684,MBA2018SLVA,Apple,"MacBook Air (13-inch, 2018)","A1932 (8GB RAM, 1.6GHz i5)",Wi-Fi,128GB,Silver,A Grade,"",,
2640685,MACBOOKAIR128SPACC,Apple,"MacBook Air (13-inch, 2018)","A1932 (8GB RAM, 1.6GHz i5)",Wi-Fi,128GB,Space Grey,C Grade,"",,
2640686,MBA201813128SGA,Apple,"MacBook Air (13-inch, 2018)","A1932 (8GB RAM, 1.6GHz i5)",Wi-Fi,128GB,Space Grey,A Grade,"",,
2640687,MACBOOKAIR128SPACD,Apple,"MacBook Air (13-inch, 2018)","A1932 (8GB RAM, 1.6GHz i5)",Wi-Fi,128GB,Space Grey,D Grade,No Boot,,
2640690,MACBOOKAIR256ROSEA,Apple,"MacBook Air (13-inch, 2018)","A1932 (8GB RAM, 1.6GHz i5)",Wi-Fi,256GB,Rose Gold,A Grade,"",,
2640691,MACBOOKAIR256ROSEB,Apple,"MacBook Air (13-inch, 2018)","A1932 (8GB RAM, 1.6GHz i5)",Wi-Fi,256GB,Rose Gold,B Grade,"",,
2640692,MACBOOKAIR256SPACC,Apple,"MacBook Air (13-inch, 2018)","A1932 (8GB RAM, 1.6GHz i5)",Wi-Fi,256GB,Space Grey,C Grade,"",,
2640693,MBA20188256SGA,Apple,"MacBook Air (13-inch, 2018)","A1932 (8GB RAM, 1.6GHz i5)",Wi-Fi,256GB,Space Grey,A Grade,"",,
2640695,MACBOOKAIR128SILVC,Apple,"MacBook Air (13-inch, 2015)","A1466 (8GB RAM, 1.6GHz i5)",Wi-Fi,128GB,Silver,C Grade,"",,
2640698,MACBOOKPRO256SPACA00003,Apple,"MacBook Pro (13-inch, 2019)","A2159 (8GB RAM, 2.4GHz i5)",Wi-Fi,256GB,Space Grey,A Grade,"",,
2640699,MACBOOKPROSPACD,Apple,"MacBook Pro (13-inch, 2019)","A2159 (8GB RAM, 2.4GHz i5)",Wi-Fi,256GB,Space Grey,D Grade,Broken LCD,,
2640700,MACBOOKPRO256SPACD00003,Apple,"MacBook Pro (13-inch, 2019)","A2159 (8GB RAM, 2.4GHz i5)",Wi-Fi,256GB,Space Grey,D Grade,"Broken LCD, Broken Camera, Broken Button(s)",,
2640824,XBOXONESONES1881500WHITB,Microsoft,Xbox One S,One S 1881,Wi-Fi,500GB,White,B Grade,"",,
2640830,MACBOOKAIR128SILVC00002,Apple,"MacBook Air (13-inch, 2017)","A1466 (8GB RAM, 1.8GHz i5)",Wi-Fi,128GB,Silver,C Grade,"",,
2640831,MACBOOKAIR1466128SLVB,Apple,"MacBook Air (13-inch, 2017)","A1466 (8GB RAM, 1.8GHz i5)",Wi-Fi,128GB,Silver,B Grade,"",,
2640832,MACBOOKAIR128SILVA,Apple,"MacBook Air (13-inch, 2017)","A1466 (8GB RAM, 1.8GHz i5)",Wi-Fi,128GB,Silver,A Grade,"",,
2640849,THINKBOOK256SILVD,Lenovo,"Thinkbook (14-inch, 2020)","(16GB RAM, i7 1065G7)",Wi-Fi,256GB,Silver,D Grade,"",,
2640882,IMAC1TBSILVA,Apple,"iMac (21.5-inch, 2013)","A1418 (8GB RAM, 2.9GHz i5)",Wi-Fi,1TB,Silver,A Grade,"",,
2640885,IMAC1TBSILVB,Apple,"iMac (27-inch, 5K, 2015)","A1419 (16GB RAM, 4.0GHz Quad-Core i7)",Wi-Fi,1TB,Silver,B Grade,"",,
2640888,MACBOOKPRO1TBSPACB,Apple,"MacBook Pro (15-inch, 2018)","A1990 (16GB RAM, 2.2GHz i7)",Wi-Fi,1TB,Space Grey,B Grade,"",,
2640890,MACBOOKPRO1TBSPACD,Apple,"MacBook Pro (15-inch, 2018)","A1990 (16GB RAM, 2.6GHz i7)",Wi-Fi,1TB,Space Grey,D Grade,"",,
2640891,LATITUDE357035701TBGREYB,Dell,"Latitude 3570 (15-inch, 2016)","3570 (16GB RAM, i7 6500U)",Wi-Fi,1TB,Grey,B Grade,"",,
2640899,ZFOLD4SM-F936U11TBBLACB,Samsung,Z Fold 4,SM-F936U1,Wi-Fi,1TB,Black,B Grade,"",,
2640987,DJIFPVDRONEFPV250477N/ABLACC,DJI,DJI FPV Drone,FPV 250477,Wi-Fi,N/A,Black,C Grade,"",,
2640989,WATCHSERIES741MMGPSN/AMIDNB,Apple,Watch Series 7,41MM GPS,GPS,N/A,Midnight,B Grade,"",,
2640998,WATCHSERIES644MMGPSN/ASPACC,Apple,Watch Series 6,44MM GPS,GPS,N/A,Space Grey,C Grade,"",,
2641001,WATCHSERIESS44MMGPSN/ASPACB,Apple,Watch Series SE,44MM GPS,GPS,N/A,Space Grey,B Grade,"",,
2641002,WATCHSERIES444MMGPS+LTEN/ABLACO,Apple,Watch Series 4,44MM GPS + LTE,GPS,N/A,Black,OPEN BOX,"",,
2641003,WATCHSERIES444MMGPS+LTEN/ABLACN,Apple,Watch Series 4,44MM GPS + LTE,GPS,N/A,Black,NEW,"",,
2641004,WATCHSERIES444MMGPS+LTEN/AGOLDN,Apple,Watch Series 4,44MM GPS + LTE,GPS,N/A,Gold,NEW,"",,
2641005,WATCHSERIES444MMGPS+LTEN/ASILVN,Apple,Watch Series 4,44MM GPS + LTE,GPS,N/A,Silver,NEW,"",,
2641006,WATCHSERIES444MMGPS+LTEN/AWHITO,Apple,Watch Series 4,44MM GPS + LTE,GPS,N/A,White,OPEN BOX,"",,
2641007,WATCHSERIES444MMGPS+LTEN/AWHITN,Apple,Watch Series 4,44MM GPS + LTE,GPS,N/A,White,NEW,"",,
2641040,WATCHSERIES644MMNIKEGPSLTENABLACA,Apple,Watch Series 6,44MM NIKE GPS + LTE,GPS,N/A,Black,A Grade,"",,
2641044,WATCHSERIES745MMGPSN/ASTARA,Apple,Watch Series 7,45MM GPS,GPS,N/A,Starlight,A Grade,"",,
2641048,WATCHSERIES845MMGPSN/ABLACB,Apple,Watch Series 8,45MM GPS,GPS,N/A,Black,B Grade,"",,
2641049,WATCHSERIES845MMGPSN/AWHITA,Apple,Watch Series 8,45MM GPS,GPS,N/A,White,A Grade,"",,
2641058,PRECISION7517510500BLACD,Dell,"Precision 7510 (15-inch, 2016)","7510 (16GB RAM, i7-6820HQ)",Wi-Fi,500GB,Black,D Grade,"",,
2641064,MACBOOKPRO256SPACP,Apple,"Macbook Pro (13-inch, 2016)","A1706 (8GB RAM, 3.1GHz i5)",Wi-Fi,256GB,Space Grey,PARTS & REPAIR,Broken LCD,,
2641069,MACBOOKPRO256SPACA,Apple,"MacBook Pro (13-inch, 2017)","A1706 (8GB RAM, 3.1GHz i5)",Wi-Fi,256GB,Space Grey,A Grade,"",,
2641070,MACBOOKPRO256SPACB,Apple,"MacBook Pro (13-inch, 2017)","A1706 (8GB RAM, 3.1GHz i5)",Wi-Fi,256GB,Space Grey,B Grade,"",,
2641071,MACBOOKPRO512SPACB00002,Apple,"MacBook Pro (13-inch, 2017)","A1706 (8GB RAM, 3.1GHz i5)",Wi-Fi,512GB,Space Grey,B Grade,"",,
2641074,MACBOOKPRO256SPACC00002,Apple,"MacBook Pro (15-inch, 2017)","A1707 (16GB RAM, 2.9GHz i7)",Wi-Fi,256GB,Space Grey,C Grade,"",,
2641075,MACBOOKPRO512SPACA,Apple,"MacBook Pro (15-inch, 2017)","A1707 (16GB RAM, 2.9GHz i7)",Wi-Fi,512GB,Space Grey,A Grade,"",,
2641076,MACBOOKAIR256SPACP,Apple,"MacBook Air (13-inch, 2020)","A2179 (8GB RAM, 1.1GHz i3)",Wi-Fi,256GB,Space Grey,PARTS & REPAIR,"Broken LCD, Broken Button(s)",,
2641077,MACBOOKAIR256SPACP00002,Apple,"MacBook Air (13-inch, 2020)","A2179 (8GB RAM, 1.1GHz i5)",Wi-Fi,256GB,Space Grey,PARTS & REPAIR,"",,
2641092,MACBOOKPRO256SILVA00004,Apple,"MacBook Pro (13-inch, 2021)","A2338 (8GB RAM, M1 8 Core)",Wi-Fi,256GB,Silver,A Grade,"Broken Speaker/Microphone, Broken Button(s)",,
2641095,MACBOOKPRO256SPACB00011,Apple,"MacBook Pro (13-inch, 2021)","A2338 (8GB RAM, M1 8 Core)",Wi-Fi,256GB,Space Grey,B Grade,"",,
2641096,MACBOOKPRO256SPACA00005,Apple,"MacBook Pro (13-inch, 2021)","A2338 (8GB RAM, M1 8 Core)",Wi-Fi,256GB,Space Grey,A Grade,"",,
2641097,MACBOOKPRA2338256SPACB,Apple,"MacBook Pro (13-inch, 2021)","A2338 (8GB RAM, M1 8 Core)",Wi-Fi,256GB,Space Grey,B Grade,Broken Speaker/Microphone,,
2641098,MACBOOKPRO512SPACB00010,Apple,"MacBook Pro (13-inch, 2021)","A2338 (8GB RAM, M1 8 Core)",Wi-Fi,512GB,Space Grey,B Grade,"",,
2641104,MACBOOKAIR256PINKD,Apple,"MacBook Air (13-inch, 2020)","A2337 (8GB RAM, M1 8 Core)",Wi-Fi,256GB,Pink,D Grade,"",,
2641105,MACBOOKAIR256ROSED,Apple,"MacBook Air (13-inch, 2020)","A2337 (8GB RAM, M1 8 Core)",Wi-Fi,256GB,Rose Gold,D Grade,"",,
2641106,MACBOOKAIR256SILVD,Apple,"MacBook Air (13-inch, 2020)","A2337 (8GB RAM, M1 8 Core)",Wi-Fi,256GB,Silver,D Grade,"",,
2641107,MACBOOKAIR256SILVC00003,Apple,"MacBook Air (13-inch, 2020)","A2337 (8GB RAM, M1 8 Core)",Wi-Fi,256GB,Silver,C Grade,"",,
2641110,MACBOOKPRO256SPACC00011,Apple,"MacBook Pro (13-inch, 2022)","A2338 (16GB RAM, M2 8 Core)",Wi-Fi,256GB,Space Grey,C Grade,"",,
2641112,MACBOOKPRO256SPACA00006,Apple,"MacBook Pro (13-inch, 2022)","A2338 (8GB RAM, M2 8 Core)",Wi-Fi,256GB,Space Grey,A Grade,"",,
2641116,MACBOOKPRO512SPACN,Apple,"MacBook Pro (14-inch, 2023)","A2992 (8GB RAM, M3 8CPU/10GPU)",Wi-Fi,512GB,Space Grey,NEW,"",,
2641123,T460512BLACB,Lenovo,"T460 (14-inch, 2016)","(8GB RAM, i5 6300U)",Wi-Fi,512GB,Black,B Grade,"",,
2641124,T470512BLACB,Lenovo,"T470 (14-inch, 2017)","(8GB RAM, i5 7300U)",Wi-Fi,512GB,Black,B Grade,"",,
2641126,X1CARBON256BLACP,Lenovo,"X1 Carbon (13-inch, 7th Gen)","(8GB RAM, i5 7300U)",Wi-Fi,256GB,Black,PARTS & REPAIR,Broken LCD,,
2641127,T480512BLACB,Lenovo,"T480 (14-inch, 2018)","(16GB RAM, i5 8250U)",Wi-Fi,512GB,Black,B Grade,"",,
2641130,T570256BLACD,Lenovo,"T570 (15-inch, 2017)","(8GB RAM, i5 7300U)",Wi-Fi,256GB,Black,D Grade,"",,
2641132,ZENBOOK128SILVC,ASUS,"ZenBook (15-inch, 2019)","(16GB RAM, i7 6500U)",Wi-Fi,128GB,Silver,C Grade,"",,
2641136,SURFACEPRO5256SILVD,Microsoft,"Surface Pro 5 (12-inch, 2017)","(8GB RAM, i5 7300U)",Wi-Fi,256GB,Silver,D Grade,Cracked Front Glass,,
2641137,SURFACEPRO5256SILVA,Microsoft,"Surface Pro 5 (12-inch, 2017)","(8GB RAM, i5 7300U)",Wi-Fi,256GB,Silver,A Grade,"",,
2641138,"SURFACEPRO5((8GBRAM,I57300U)SILVD",Microsoft,"Surface Pro 5 (12-inch, 2017)","(8GB RAM, i5 7300U)",Wi-Fi,256GB,Silver,D Grade,Broken Digitizer,,
2641143,SURFACEPRO8128SILVA,Microsoft,"Surface Pro 8 (13-inch, 2021)","(8GB RAM, i5 1135G7)",Wi-Fi,128GB,Silver,A Grade,"",,
2641155,SURFACEPRO4256SILVB00002,Microsoft,"Surface Pro 4 (12-inch, 2016)","(8GB RAM, i5 6300U)",Wi-Fi,256GB,Silver,B Grade,"",,
2641167,SURFACEPRO4128SILVB,Microsoft,"Surface Pro 4 (12-inch, 2016)","(4GB RAM, i5 6300U)",Wi-Fi,128GB,Silver,B Grade,"",,
2641168,SURFACEPRO4128SILVD,Microsoft,"Surface Pro 4 (12-inch, 2016)","(4GB RAM, i5 6300U)",Wi-Fi,128GB,Silver,D Grade,"",,
2641169,SURFACEPRO4128SILVC,Microsoft,"Surface Pro 4 (12-inch, 2016)","(4GB RAM, i5 6300U)",Wi-Fi,128GB,Silver,C Grade,"",,
2641172,T520500BLACB,Lenovo,"T520 (15-inch, 2012)","(4GB RAM, i5 2320M)",Wi-Fi,500GB,Black,B Grade,"",,
2641173,T520500BLACP,Lenovo,"T520 (15-inch, 2012)","(4GB RAM, i5 2320M)",Wi-Fi,500GB,Black,PARTS & REPAIR,"",,
2641180,W530500BLACB,Lenovo,"W530 (15-inch, 2013)","(8GB RAM, I7 3720QM)",Wi-Fi,500GB,Black,B Grade,"",,
2641182,SURFACEPRO7256GREYA,Microsoft,"Surface Pro 7 (13-inch, 2020)","(8GB RAM, i5 1065G7)",Wi-Fi,256GB,Grey,A Grade,"",,
2641191,T540P500BLACB,Lenovo,"T540P (15-inch, 2014)","(8GB RAM, i7 4700)",Wi-Fi,500GB,Black,B Grade,"",,
2641194,W540500BLACB,Lenovo,"W540 (15-inch, 2014)","(8GB RAM, i7 4700)",Wi-Fi,500GB,Black,B Grade,"",,
2641201,HP17CN2008C1TBSILVO,HP,"HP 17-CN2008CA (17-inch, 2022)","(16GB RAM, i5 1235U)",Wi-Fi,1TB,Silver,OPEN BOX,"",,
2641204,E590512BLACC,Lenovo,"E590 (15-inch, 2019)","(16GB RAM, i7 8565U)",Wi-Fi,512GB,Black,C Grade,"",,
2641205,E590512BLACB,Lenovo,"E590 (15-inch, 2019)","(16GB RAM, i7 8565U)",Wi-Fi,512GB,Black,B Grade,"",,
2641207,ROG256BLACB,ASUS,"ROG (15-inch, 2019)","(8GB RAM, i5 9750H)",Wi-Fi,256GB,Black,B Grade,"",,
2641209,GF72VR1TBBLACD,MSI,"GF72VR (17-inch, 2017)","(16GB RAM, i7 7700HQ)",Wi-Fi,1TB,Black,D Grade,"",,
2641211,LATITUDE5401512BLACA,Dell,"Latitude 5401 (14-inch, 2019)","(16GB RAM, i5 9400H)",Wi-Fi,512GB,Black,A Grade,"",,
2641212,LATITUDE5411256GREYA,Dell,"Latitude 5411 (14-inch, 2020)","(16GB RAM, i5 10400H)",Wi-Fi,256GB,Grey,A Grade,"",,
2641214,LATITUDE7350256BLACD,Dell,"Latitude 7350 (13-inch, 2014)","(8GB RAM, M-5Y71)",Wi-Fi,256GB,Black,D Grade,"",,
2641219,GL75512BLACB,MSI,"GL75 (17-inch, 2019)","(16GB RAM, i7 9750H)",Wi-Fi,512GB,Black,B Grade,"",,
2641220,GL75512BLACA,MSI,"GL75 (17-inch, 2019)","(16GB RAM, i7 9750H)",Wi-Fi,512GB,Black,A Grade,"",,
2641221,SURFACEPRO4256SILVB,Microsoft,"Surface Pro 4 (12-inch, 2016)","(16GB RAM, i7 6650U)",Wi-Fi,256GB,Silver,B Grade,"",,
2641223,SURFACEPRO3128SILVC,Microsoft,"Surface Pro 3 (12-inch, 2014)","(4GB RAM, i5 4300U)",Wi-Fi,128GB,Silver,C Grade,"",,
2641229,MACBOOKPRO256SILVA00003,Apple,"MacBook Pro (13-inch, 2020)","A2251 (8GB RAM, 1.4GHz i5)",Wi-Fi,256GB,Silver,A Grade,"",,
2641230,"MBPA2251(8GBRAM,1.4GHZI5)256SPACA",Apple,"MacBook Pro (13-inch, 2020)","A2251 (8GB RAM, 1.4GHz i5)",Wi-Fi,256GB,Space Grey,A Grade,"",,
2641231,MACBOOKPRO256SPACD00004,Apple,"MacBook Pro (13-inch, 2020)","A2251 (8GB RAM, 1.4GHz i5)",Wi-Fi,256GB,Space Grey,D Grade,"",,
2641237,WATCHSERIESS40MMGPSN/ABLACB,Apple,Watch Series SE,40MM GPS,GPS,N/A,Black,B Grade,"",,
2641238,WATCHSERIESS40MMGPS+LTEN/ASILVB,Apple,Watch Series SE,40MM GPS + LTE,GPS,N/A,Silver,B Grade,"",,
2641239,WATCHSERIES945MMGPSN/AMIDNA,Apple,Watch Series 9,45MM GPS,GPS,N/A,Midnight,A Grade,"",,
2641240,WATCHSERIES941MMGPSN/AGOLDA,Apple,Watch Series 9,41MM GPS,GPS,N/A,Gold,A Grade,"",,
2641241,WATCHSERIES845MMGPSN/AMIDNA,Apple,Watch Series 8,45MM GPS,GPS,N/A,Midnight,A Grade,"",,
2641242,WATCHSERIES745MMGPSNIKEN/AMIDNB,Apple,Watch Series 7,45MM GPS NIKE,GPS,N/A,Midnight,B Grade,"",,
2641243,WATCHSERIES741MMGPSN/ABLACB,Apple,Watch Series 7,41MM GPS,GPS,N/A,Black,B Grade,"",,
2641244,WATCHSERIES745MMGPSN/ACREAB,Apple,Watch Series 7,45MM GPS,GPS,N/A,Cream Beige,B Grade,"",,
2641245,WATCHSERIES745MMGPSN/AMIDNA,Apple,Watch Series 7,45MM GPS,GPS,N/A,Midnight,A Grade,"",,
2641246,WATCHSERIES644MMGPSN/ASILVA,Apple,Watch Series 6,44MM GPS,GPS,N/A,Silver,A Grade,"",,
2641247,WATCHSERIES644MMGPSN/ABLACB,Apple,Watch Series 6,44MM GPS,GPS,N/A,Black,B Grade,"",,
2641248,WATCHSERIES640MMGPSNIKEN/ABLACA,Apple,Watch Series 6,40MM GPS NIKE,GPS,N/A,Black,A Grade,"",,
2641249,WATCHSERIES640MMGPSN/AGOLDB,Apple,Watch Series 6,40MM GPS,GPS,N/A,Gold,B Grade,"",,
2641250,WATCHSERIES644MMGPSN/ABLUEA,Apple,Watch Series 6,44MM GPS,GPS,N/A,Blue,A Grade,"",,
2641251,WATCHSERIES540MMGPSN/AGOLDB,Apple,Watch Series 5,40MM GPS,GPS,N/A,Gold,B Grade,"",,
2641252,WATCHSERIES544MMGPS+LTEN/ABLACB,Apple,Watch Series 5,44MM GPS + LTE,GPS,N/A,Black,B Grade,"",,
2641253,WATCHSERIES544MMGPS+LTEN/ASILVC,Apple,Watch Series 5,44MM GPS + LTE,GPS,N/A,Silver,C Grade,"",,
2641254,WATCHSERIES544MMGPSN/ASPACC,Apple,Watch Series 5,44MM GPS,GPS,N/A,Space Grey,C Grade,"",,
2641255,WATCHSERIES544MMNIKEN/ABLACB,Apple,Watch Series 5,44MM NIKE,GPS,N/A,Black,B Grade,"",,
2641256,WATCHSERIES540MMGPS+LTEN/ABLACD,Apple,Watch Series 5,40MM GPS + LTE,GPS,N/A,Black,D Grade,"",,
2643320,PROBOOK450G8450G8512SILVC,HP,"ProBook 450 G8 (15-inch, 2021)","450 G8 (16GB RAM, i5 1135G7)",Wi-Fi,512GB,Silver,C Grade,"",,
2645654,IPHONESE2NDGA2275128WHIT,Apple,iPhone SE 2nd Gen,A2275,Unlocked,128GB,White,D Grade,Cracked Front Glass,,
2653858,IPHONE14A2649TMOBSPRINTUSA128GMINA,Apple,iPhone 14,A2649,Unlocked,128GB,Midnight,A Grade,"",,
2653860,IPHONE14A2881128GBMIDNA,Apple,iPhone 14,A2881,Unlocked,128GB,Midnight,A Grade,"",,
2653869,IPHONE12PROMA2342256GGOLDA,Apple,iPhone 12 Pro Max,A2342,Unlocked,256GB,Gold,A Grade,"",,
2653872,IPHONE14A2881128GMIDNB,Apple,iPhone 14,A2881,Unlocked,128GB,Midnight,B Grade,"",,
2765703,WATCHSERIES44MMGPS+LTEN/WHITB,Apple,Watch Series 4,44MM GPS + LTE,GPS,N/A,White,B Grade,"",,
2765705,PS51TBWHITB0002,Sony,PlayStation 5 Spiderman Combo,CFI-1216A,Wi-Fi,1TB,White,B Grade,"",,
2765706,PLAYSTATION4ORIGINALCUH1115A500BCB,Sony,PlayStation 4 Original,CUH-1115A,Wi-Fi,500GB,Black,B Grade,"",,
2765711,IMAC272016GBI740512GBSILVA,Apple,"iMac (27-inch, 5K, 2020)","A1419 (16GB RAM, 4.0GHz Quad-Core i7)",Wi-Fi,512GB,Silver,A Grade,"",,
2765733,NINTENDOSWITCHLITEHDH-00132BLUA,Nintendo,Switch Lite,HDH-001,Wi-Fi,32GB,Blue,A Grade,"",,
2765738,LATI34401416GBI7512GBBLACO,Dell,"Latitude 3440 (14-inch, 2023)","(16GB RAM, i7 1335U)",Wi-Fi,512GB,Black,OPEN BOX,"",,
2765741,OPTISMALFORM16GBI5256GBBLACO,Dell,OptiPlex Small Form Factor,"(16GB RAM, i5 7010)",Wi-Fi,256GB,Black,OPEN BOX,"",,
2765745,OPTISFF701016GBI5256GBBLACO,Dell,OptiPlex SFF 7010,"(16GB RAM, i5 13500)",Wi-Fi,256GB,Black,OPEN BOX,"",,
2765793,OPTIPLEXSFF7010256BLACO,Dell,OptiPlex SFF 7010,"(16GB RAM, i5 13500 14 Cores)",Wi-Fi,256GB,Black,OPEN BOX,"",,
2766474,X1CARB138GBI5256GBBLACB,Lenovo,"X1 Carbon (13-inch, 7th Gen)","(8GB RAM, i5 7300U)",Wi-Fi,256GB,Black,B Grade,"",,
2766477,X1CARBON13512BLACB,Lenovo,"X1 Carbon (13-inch, 7th Gen)","(16GB RAM, i7 2.80 Ghz)",Wi-Fi,512GB,Black,B Grade,"",,
2769370,IPHONE12A217264GBLACB,Apple,iPhone 12,A2172,Unlocked,64GB,Black,B Grade,"",,
2769385,IPHONE12A217264BLACC,Apple,iPhone 12,A2172,Unlocked,64GB,Black,C Grade,"",,
2771744,MBP13198GBI514256GBSPACD0002,Apple,"MacBook Pro (13-inch, 2019)","A2159 (8GB RAM, 1.4GHz i5)",Wi-Fi,256GB,Space Grey,D Grade,"Broken LCD, Broken Camera, Broken Button(s)",,
2774342,IPADPRO11IA2761CELLULAR256SPACA,Apple,iPad Pro 11 inch 4th Gen,A2761,Wi-Fi & Cellular,256GB,Space Grey,A Grade,"",,
2774545,ZENB15INCH16GBI7128GBSILVA,ASUS,"ZenBook (15-inch, 2019)","(16GB RAM, i7 6500U)",Wi-Fi,128GB,Silver,A Grade,"",,
2774548,ZENB15INCH16GBI7128GBSILVB,ASUS,"ZenBook (15-inch, 2019)","(16GB RAM, i7 6500U)",Wi-Fi,128GB,Silver,B Grade,"",,
2774549,X51515INCH16GBI52401TBSLGRB,ASUS,"X515EA (15-inch, 11th Gen)","(16GB RAM, i5 2.40Ghz )",Wi-Fi,1TB,Slate Grey,B Grade,"",,
2865213,IPAD5THGENA182232SPACA,Apple,iPad 5th Gen,A1822,Wi-Fi,32GB,Space Grey,A Grade,"",,
2865269,"X515EA(16GBRAM,i51135G7)1TBSLATB",ASUS,"X515EA (15-inch, 2021)","(16GB RAM, i5 1135G7 )",Wi-Fi,1TB,Slate Grey,B Grade,"",,
2865316,MBA13208GBM1256GBROSGB0002,Apple,"MacBook Air (13-inch, 2020)","A2337 (8GB RAM, M1 8 Core)",Wi-Fi,256GB,Rose Gold,B Grade,"",,
2865317,MACBOOKAIR256ROSEC00003,Apple,"MacBook Air (13-inch, 2020)","A2337 (8GB RAM, M1 8 Core)",Wi-Fi,256GB,Rose Gold,C Grade,"",,
2867090,WATCHSERIES5SILVA,Apple,Watch Series 5,44MM GPS + LTE,GPS,N/A,Silver,A Grade,"",,
2867242,WATCHSERIES544MMGPS+LTEN/ASPACA,Apple,Watch Series 5,44MM GPS + LTE,GPS,N/A,Space Grey,A Grade,"",,
2867252,ZFOLD3SM-F926U256BLACC,Samsung,Z Fold 3,SM-F926U,Wi-Fi,256GB,Black,C Grade,"",,
2868813,MACBOOKAIR256ROSEB00002,Apple,"MacBook Air (13-inch, 2020)","A2179 (8GB RAM, 1.1GHz i3)",Wi-Fi,256GB,Rose Gold,B Grade,"",,
2881255,IPH1116GBBLACC,Apple,iPhone 11,A1396,AT&T,16GB,Black,C Grade,"",,
2881258,OUTTERBOXIPHONE11A139616GBATTBLACC,Outter Box,iPhone 11,A1396,AT&T,16GB,Black,C Grade,"",,
2881445,GL73512BLACA,MSI,"GL73 (17-inch, 2019)","(16GB RAM, i7 8750H)",Wi-Fi,512GB,Black,A Grade,"",,
2882583,MACBOOKAIR128SILVB00002,Apple,"MacBook Air (13-inch, 2015)","A1466 (8GB RAM, 1.6GHz i5)",Wi-Fi,128GB,Silver,B Grade,"",,
2882585,MACBOOKAIR128SILVB,Apple,"MacBook Air (13-inch, 2015)","A1466 (4GB RAM, 1.6GHz i5)",Wi-Fi,128GB,Silver,B Grade,"",,
2882597,LEGIY5401512GBI5512GBBLACB,Lenovo,"Legion Y540 (15-inch, 2019)","(12GB RAM, i5 9300H)",Wi-Fi,512GB,Black,B Grade,"",,
2882599,PS4500GBBLACA,Sony,PlayStation 4 Original,CUH-1115A,Wi-Fi,500GB,Black,A Grade,"",,
2882601,PLAYSTATION4SLIMCUH-2215B1TBBLACA,Sony,PlayStation 4 Slim,CUH-2215B,Wi-Fi,1TB,Black,A Grade,"",,
2882681,IPHONE11PROMA216164GBWHITB,Apple,iPhone 11 Pro Max,A2161,Unlocked,64GB,White,B Grade,"",,
2886637,X51515INCH16GBI51TBSLGRA,ASUS,"X515EA (15-inch, 2021)","(16GB RAM, i5 1135G7 )",Wi-Fi,1TB,Slate Grey,A Grade,"",,
2886638,ASPISW50122GB2232GBSILVA,Acer,Aspire SW5-012(10-inch),"(2GB RAM, 2.2Ghz)",Wi-Fi,32GB,Silver,A Grade,"",,
2887577,"MACBOOKAIR(8GBRAM,M18CORE)256ROSEA",Apple,"MacBook Air (13-inch, 2020)","A2337 (8GB RAM, M1 8 Core)",Wi-Fi,256GB,Rose Gold,A Grade,"",,
2887805,MACBOOKAIR256SPACA00003,Apple,"MacBook Air (13-inch, 2020)","A2337 (8GB RAM, M1 8 Core)",Wi-Fi,256GB,Space Grey,A Grade,"",,
2894859,MACBOOKPRO256SPACB00006,Apple,"MacBook Pro (15-inch, 2018)","A1990 (16GB RAM, 2.2GHz i7)",Wi-Fi,256GB,Space Grey,B Grade,"",,
2896763,IPHONE11A2111128GBYELLA,Apple,iPhone 11,A2111,Unlocked,128GB,Yellow,A Grade,"",,
2896776,MBA13158GBI516128GBSILVA,Apple,"MacBook Air (13-inch, 2015)","A1466 (8GB RAM, 1.6GHz i5)",Wi-Fi,128GB,Silver,A Grade,"",,
2897692,IPADPRO12.9IA2378128SPACB,Apple,iPad Pro 12.9 inch 5th Gen,A2378,Wi-Fi,128GB,Space Grey,B Grade,"",,
2897888,WATCHSERIES4WHITO0002,Apple,Watch Series 4,44MM GPS + LTE,Unlocked,N/A,White,OPEN BOX,"",,
2897891,WATCHSERIES4WHITO,Apple,Watch Series 4,44MM GPS + LTE,N/A,N/A,White,OPEN BOX,"",,
2899331,MACBOOKPRO512SPACB00011,Apple,"MacBook Pro (14-inch, 2023)","A2992 (8GB RAM, M3 8CPU/10GPU)",Wi-Fi,512GB,Space Grey,B Grade,"",,
2899332,GIGABYTEG5152022512GBBLACA,Gigabyte,"G5 (15-inch, 2022)","(32GB RAM, i5-12500H)",Wi-Fi,512GB,Black,A Grade,"",,
2916949,IPHONE12A217264GREDA,Apple,iPhone 12,A2172,Unlocked,64GB,Red,A Grade,"",,
2917825,MACBOOKPRO512SPACA00008,Apple,"MacBook Pro (14-inch, 2023)","A2992 (8GB RAM, M3 8CPU/10GPU)",Wi-Fi,512GB,Space Grey,A Grade,"",,
2917826,MBP14238GBM3512GBSPBLA,Apple,"MacBook Pro (14-inch, 2023)","A2992 (8GB RAM, M3 8CPU/10GPU)",Wi-Fi,512GB,Space Black,A Grade,"",,
2917833,MACBOOKPRO512SBLKA,Apple,"MacBook Pro (14-inch, 2023)","(18GB RAM, M3 11CPU/14GPU)",Wi-Fi,512GB,Space Black,A Grade,"",,
2932935,SURFACEPRO5256SILVB,Microsoft,"Surface Pro 5 (12-inch, 2017)","(8GB RAM, i5 7300U)",Wi-Fi,256GB,Silver,B Grade,"",,
2932936,SURFACEPRO5256SILVC,Microsoft,"Surface Pro 5 (12-inch, 2017)","(8GB RAM, i5 7300U)",Wi-Fi,256GB,Silver,C Grade,"",,
2932939,SRFCPRO412164GBI5128GBSILVD0003,Microsoft,"Surface Pro 4 (12-inch, 2016)","(4GB RAM, i5 6300U)",Wi-Fi,128GB,Silver,D Grade,No Boot,,
2934525,MBP13178GBI523128GBSILVB,Apple,"MacBook Pro (13-inch, 2017)","A1708 (8GB RAM, 2.3GHz i5)",Wi-Fi,128GB,Silver,B Grade,Screen Separating,,
2934802,ZFOLD4SM-F936WZKEXAC256GREYB,Samsung,Z Fold 4,SM-F936WZKEXAC,Wi-Fi,256GB,Grey,B Grade,"",,
2934818,SURFACEPRO8128SILVC,Microsoft,"Surface Pro 8 (13-inch, 2021)","(8GB RAM, i5 1135G7)",Wi-Fi,128GB,Silver,C Grade,"",,
2934893,IPADPRO12.9IA2436512SPACA,Apple,iPad Pro 12.9 inch 6th Gen,A2436,Wi-Fi,512GB,Space Grey,A Grade,"",,
2934920,LATITUDE5420256SILVA,Dell,"Latitude 5420 (14-inch, 2021)","(8GB RAM, i5 1145G7)",Wifi,256GB,Silver,A Grade,"",,
2939375,SURFACELAPTOP3256SILVB,Microsoft,"Surface Laptop 3(15 inch, 2019)","(8GB RAM, i5 1035G7)",Wifi,256GB,Silver,B Grade,"",,
2939396,LATITUDE5420256SILVB,Dell,"Latitude 5420 (14-inch, 2021)","(8GB RAM, i5 1145G7)",Wifi,256GB,Silver,B Grade,"",,
2939519,LATITUDE7480256BLACB00002,Dell,"Latitude 7480 (14-inch, 2017)","(8GB RAM, i5 6360U)",Wifi,256GB,Black,B Grade,"",,
2939662,MBP13178GBI531256GBSPACD,Apple,"MacBook Pro (13-inch, 2017)","A1706 (8GB RAM, 3.1GHz i5)",Wi-Fi,256GB,Space Grey,D Grade,Broken LCD,,
2939734,IPAD6THGENFMILA189332GOLD,Apple,iPad 6th Gen,A1893,Wi-Fi,32GB,Gold,D Grade,Find my iPhone Locked,,
2939735,IPAD6THGEN32GBSILVD,Apple,iPad 6th Gen,A1893,Wi-Fi,32GB,Silver,D Grade,Find my iPhone Locked,,
2939765,MACBOOKPRO256SILVB00003,Apple,"MacBook Pro (13-inch, 2017)","A1706 (8GB RAM, 3.1GHz i5)",Wi-Fi,256GB,Silver,B Grade,"",,
2939787,MBP13178GBI523256GBSILVPR0002,Apple,"MacBook Pro (13-inch, 2017)","A1706 (8GB RAM, 2.3GHz i5)",Wi-Fi,256GB,Silver,PARTS & REPAIR,"",,
2939804,MBP13218GBM1256GBSPACD0002,Apple,"MacBook Pro (13-inch, 2021)","A2338 (8GB RAM, M1 8 Core)",Wi-Fi,256GB,Space Grey,D Grade,Broken Speaker/Microphone,,
2939934,WATCHSERIES8BLACD,Apple,Watch Series 8,45MM GPS,GPS,N/A,Black,D Grade,"",,
2940084,MBA13188GBI516128GBSILVPR0003,Apple,"MacBook Air (13-inch, 2018)","A1932 (8GB RAM, 1.6GHz i5)",Wi-Fi,128GB,Silver,PARTS & REPAIR,"",,
2944495,MACBOOKPRO512SILVB00007,Apple,"Macbook Pro (14-inch, 2021)","A2442 (16GB RAM, M1 Pro)",Wi-Fi,512GB,Silver,B Grade,"",,
2944529,MBP13218GBM1256GBSILVD,Apple,"MacBook Pro (13-inch, 2021)","A2338 (8GB RAM, M1 8 Core)",Wi-Fi,256GB,Silver,D Grade,"",,
2944539,WATCHSERIES945MMGPSN/AWINBN,Apple,Watch Series 9,45MM GPS,GPS,N/A,Silver Winter Blue,NEW,"",,
2945300,MACBOOKPRO256SILVA00005,Apple,"MacBook Pro (13-inch, 2021)","A2338 (8GB RAM, M1 8 Core)",Wi-Fi,256GB,Silver,A Grade,"",,
2945711,MACBOOKPRO256SILVC00005,Apple,"MacBook Pro (13-inch, 2021)","A2338 (8GB RAM, M1 8 Core)",Wi-Fi,256GB,Silver,C Grade,"",,
2947086,PROB650G14GBI5512GBBLACD,HP,"ProBook 650 G1 (15-inch, 2014)","(4GB RAM, i5 43)",Wi-Fi,512GB,Black,D Grade,No Boot,,
2947089,PROBOOK650G1NB500BLACD,HP,"ProBook 650 G1 (15-inch, 2014)","(4GB RAM, i5 4300)",Wi-Fi,500GB,Black,D Grade,No Boot,,
2956464,SAMS22128GBBLACA,Samsung,Galaxy S22,SM-A526,Unlocked,128GB,Black,A Grade,"",,
2956466,SAMS23128GBBLACA0002,Samsung,Galaxy S23,SM-A526,Unlocked,128GB,Black,A Grade,"",,
2956475,SMS911128GBBLACA0002,Samsung,SM-S911,SM-A526,Unlocked,128GB,Black,A Grade,"",,
2956476,SMS911128GBBLACA,Samsung,SM-S911,SM-S911,Unlocked,128GB,Black,A Grade,"",,
2956479,SAMS23128GBBLACA,Samsung,Galaxy S23,SM-S911,Unlocked,128GB,Black,A Grade,"",,
2956480,SAMS23128GBBLACC,Samsung,Galaxy S23,SM-S911,Unlocked,128GB,Black,C Grade,"",,
2962367,IPHONE11PROA221764GBGOLDB,Apple,iPhone 11 Pro,A2217,Unlocked,64GB,Gold,B Grade,"",,
2962374,MBP14238GBM3512GBSPACO,Apple,"MacBook Pro (14-inch, 2023)","A2992 (8GB RAM, M3 8CPU/10GPU)",Wi-Fi,512GB,Space Grey,OPEN BOX,"",,
2963237,GALAXYTABA8X20032GBBLACA,Apple,Galaxy Tab A8,X200,Unlocked,32GB,Black,A Grade,"",,
2967219,GALAXYTABA8X20032GBBLACKA,Samsung,Galaxy Tab A8,X200,Unlocked,32GB,Black,A Grade,"",,
2971625,IMAC21158GBI528256GBSILVA,Apple,"iMac (21-inch,4K,2015)","A1418 (8GB RAM, 2.8Ghz Quad-Core i5)",Wi-Fi,256GB,Silver,A Grade,"",,
2972264,MBP13178GBI523256GBSPACD,Apple,"MacBook Pro (13-inch, 2017)","A1706 (8GB RAM, 2.3GHz i5)",Wi-Fi,256GB,Space Grey,D Grade,"",,
2972321,MACBOOKPRO512SILVB00006,Apple,"MacBook Pro (13-inch, 2020)","A2338 (8GB RAM, M1)",Wi-Fi,512GB,Silver,B Grade,"",,
2972379,SRFCPRO412164GBI5128GBSILVN,Microsoft,"Surface Pro 4 (12-inch, 2016)","(4GB RAM, i5 6300U)",Wi-Fi,128GB,Silver,NEW,"",,
2972381,IPH11PROMAX256GBSPACD,Apple,iPhone 11 Pro Max,A2220,Unlocked,256GB,Space Grey,D Grade,"",,
2972432,IPH11PROMAX256GBMDGRD,Apple,iPhone 11 Pro Max,A2220,Unlocked,256GB,Midnight Green,D Grade,"",,
2972437,IMAC256GBSILVA,Apple,"iMac (21.5-inch, 2015)","A1418 (8GB RAM, 2.8Ghz Quad-Core i5)",Wi-Fi,256GB,Silver,A Grade,"",,
2973505,IPHONEXRA198464GBLACA,Apple,iPhone XR,A1984,Unlocked,64GB,Black,A Grade,"",,
2973558,MBA13188GBI516128GBSPACC,Apple,"MacBook Air (13-inch, 2018)","A1932 (8GB RAM, 1.6GHz i5)",Wi-Fi,128GB,Space Grey,C Grade,No Boot,,
2973636,MACBOOKPRO256SILVC00002,Apple,"MacBook Pro (13-inch, 2017)","A1706 (8GB RAM, 3.1GHz i5)",Wi-Fi,256GB,Silver,C Grade,"",,
2979829,IPADPRO129INBLACB,Apple,iPad Pro 12.9 inch 6th Gen,A2764,Unlocked,N/A,Black,B Grade,"",,
2979839,IPADPRO1296THGENKEYBOARDCASENABLCB,Apple,iPad Pro 12.9 inch 6th Gen,KEYBOARD CASE,N/A,N/A,Black,B Grade,"",,
2979898,PENCILA3085N/AWHITB,Apple,Pencil,A3085,N/A,N/A,White,B Grade,"",,
2979969,MBP13178GBI531256GBSPACC,Apple,"MacBook Pro (13-inch, 2017)","A1706 (8GB RAM, 3.1GHz i5)",Wi-Fi,256GB,Space Grey,C Grade,Broken LCD,,
2979970,MACBOOKPRO256SPACC,Apple,"MacBook Pro (13-inch, 2017)","A1706 (8GB RAM, 3.1GHz i5)",Wi-Fi,256GB,Space Grey,C Grade,"",,
2991824,GALAXYS22SM-S901U1256PINKB,Samsung,Galaxy S22,SM-S901U1,Wi-Fi,256GB,Pink,B Grade,"",,
2996906,IPH1164GBBLACD,Apple,iPhone 11,A2111,Unlocked,64GB,Black,D Grade,"",,
2996918,IPH7128GBGOLDA,Apple,iPhone 7,A1778,Unlocked,128GB,Gold,A Grade,"",,
2996931,IPHONE7A1778128GOLDD,Apple,iPhone 7,A1778,Unlocked,128GB,Gold,D Grade,"",,
2996973,MACBOOKPRO512SPACA00004,Apple,"MacBook Pro (13-inch, 2020)","A2251 (16GB RAM, 2GHz i5)",Wi-Fi,512GB,Space Grey,A Grade,"",,
2998413,IPHONE11PROMA2220256GBMGREC,Apple,iPhone 11 Pro Max,A2220,Unlocked,256GB,Midnight Green,C Grade,"",,
3004877,SURFACEGO2128SILVB,Microsoft,"Surface Go 2 (10.5-inch, 2020)","(8GB RAM, 1.70 GHz Intel Pentium 4425Y)",Wi-Fi,128GB,Silver,B Grade,"",,
3004932,IPHONE11PROA216064GBSPACB,Apple,iPhone 11 Pro,A2160,Unlocked,64GB,Space Grey,B Grade,"",,
3004974,IPHONE12A240264GBLACA,Apple,iPhone 12,A2402,Unlocked,64GB,Black,A Grade,"",,
3004977,IPHONE12MINIA2398128GBLACA,Apple,iPhone 12 mini,A2398,Unlocked,128GB,Black,A Grade,"",,
3004978,IPHONE12A2402128GBLACC,Apple,iPhone 12,A2402,Unlocked,128GB,Black,C Grade,"",,
3005009,IPHONE12A240264GBLACB,Apple,iPhone 12,A2402,Unlocked,64GB,Black,B Grade,"",,
3005016,IPHONE12A240264GBLACC,Apple,iPhone 12,A2402,Unlocked,64GB,Black,C Grade,"",,
3005020,IPHONEXRA198464GBLACC,Apple,iPhone XR,A1984,Unlocked,64GB,Black,C Grade,"",,
3005022,IPHONEXRA1984128GBLACC,Apple,iPhone XR,A1984,Unlocked,128GB,Black,C Grade,"",,
3005023,IPHONEXRA1984128GBLACB,Apple,iPhone XR,A1984,Unlocked,128GB,Black,B Grade,"",,
3005032,IPHONESE3RDGA259564BLACC,Apple,iPhone SE 3rd Gen,A2595,Unlocked,64GB,Black,C Grade,"",,
3005033,IPHONESE3RDGA2595128BLACC,Apple,iPhone SE 3rd Gen,A2595,Unlocked,128GB,Black,C Grade,"",,
3005036,IPHONESE3RDGA259564BLACBB,Apple,iPhone SE 3rd Gen,A2595,Unlocked,64GB,Black,B Grade,"",,
3005038,IPHONESE3RDGA259564BLACA,Apple,iPhone SE 3rd Gen,A2595,Unlocked,64GB,Black,A Grade,"",,
3005045,IPH732GBBLACD,Apple,iPhone 7,A1778,Unlocked,32GB,Black,D Grade,Cracked Front Glass,,
3005060,IPHSE3RDGEN64GBBLACD0003,Apple,iPhone SE 3rd Gen,A2595,Unlocked,64GB,Black,D Grade,Cracked Front Glass,,
3005061,IPHONESE2NDGA2275128WHITA,Apple,iPhone SE 2nd Gen,A2275,Unlocked,128GB,White,A Grade,"",,
3005062,IPHONESE2NDGA2275128BLACA,Apple,iPhone SE 2nd Gen,A2275,Unlocked,128GB,Black,A Grade,"",,
3005063,IPHPHONE6A163332GWHITB,Apple,iPhone 6S,A1633,Unlocked,32GB,Silver,B Grade,"",,
3005064,IPHONE6SA163332SPACC,Apple,iPhone 6S,A1633,Unlocked,32GB,Space Grey,C Grade,"",,
3005065,IPHONE6SA163364GSILVB,Apple,iPhone 6S,A1633,Unlocked,64GB,Silver,B Grade,"",,
3005066,IPHONE6SA163364GSPACC,Apple,iPhone 6S,A1633,Unlocked,64GB,Space Grey,C Grade,"",,
3005067,IPHONE6SA163364GSPACB,Apple,iPhone 6S,A1633,Unlocked,64GB,Space Grey,B Grade,"",,
3005068,IPHONE6SA1633128GSPACB,Apple,iPhone 6S,A1633,Unlocked,128GB,Space Grey,B Grade,"",,
3005069,IPHONE6SA1633128GSILVB,Apple,iPhone 6S,A1633,Unlocked,128GB,Silver,B Grade,"",,
3005070,IPH732GBBLACD0002,Apple,iPhone 7,A1660,Unlocked,32GB,Black,D Grade,Broken LCD,,
3028403,IPHONE12PROMA2411256GRAPC,Apple,iPhone 12 Pro Max,A2411,Unlocked,256GB,Graphite,C Grade,"",,
3028416,MACBOOKPRO512SILVA00005,Apple,"Macbook Pro (14-inch, 2021)","A2442 (16GB RAM, M1 Pro)",Wi-Fi,512GB,Silver,A Grade,"",,
3030210,SAMA1364GBBLACB,Samsung,Galaxy A13,SM-A135,Wi-Fi,64GB,Black,B Grade,"",,
3030213,GALAXYA13SM-A13564GBLACC,Samsung,Galaxy A13,SM-A135,Wi-Fi,64GB,Black,C Grade,"",,
3037910,IPADMINI6A256764PINKA,Apple,iPad mini 6,A2567,Wi-Fi,64GB,Pink,A Grade,"",,
3038821,IPH11PRO64GBSPACD,Apple,iPhone 11 Pro,A2160,Unlocked,64GB,Space Grey,D Grade,"",,
3053701,IPHONEXA190164GSPACB,Apple,iPhone X,A1901,Unlocked,64GB,Space Grey,B Grade,"",,
3053702,IPHX256GBSPACC,Apple,iPhone X,A1901,Unlocked,256GB,Space Grey,C Grade,"",,
3053713,IPHONE11A211164GGBWHITA,Apple,iPhone 11,A2111,Unlocked,64GB,White,A Grade,"",,
3108668,MBA13208GBM1128GBSPACD,Apple,"MacBook Air (13-inch, 2020)","A2337 (8GB RAM, M1 8 Core)",Wi-Fi,128GB,Space Grey,D Grade,Broken Button(s),,
3109199,E59015INCH16GBI7512GBBLACB,Lenovo,"E590 (15-inch, 2019)","(16GB RAM, i7 8565U)",Wi-Fi,512GB,Black,B Grade,No Boot,,
3109684,SURFACEPRO4256SILVC,Microsoft,"Surface Pro 4 (12-inch, 2016)","(8GB RAM, i5 6300U)",Wi-Fi,256GB,Silver,C Grade,"",,
3120358,SRFCPRO713208GBI5256GBBLACD0002,Microsoft,"Surface Pro 7 (13-inch, 2020)","(8GB RAM, i5 1065G7)",Wi-Fi,256GB,Black,D Grade,"",,
3120363,SRFCPRO713204GBI5128GBSILVD,Microsoft,"Surface Pro 7 (13-inch, 2020)","(4GB RAM, i5 1065G7)",Wi-Fi,128GB,Silver,D Grade,No Boot,,
3120364,SRFCPRO713208GBI5256GBBLACD,Microsoft,"Surface Pro 7 (13-inch, 2020)","(8GB RAM, i5 1065G7)",Wi-Fi,256GB,Black,D Grade,Broken LCD,,
3120368,SRFCPRO713208GBI5256GBSILVA,Microsoft,"Surface Pro 7+ (13-inch, 2020)","(8GB RAM, i5 1065G7)",Wi-Fi,256GB,Silver,A Grade,"",,
3120432,ZFLIP3256GBBLACD,Samsung,Z Flip 3,SM-F926W,Unlocked,256GB,Black,D Grade,Broken LCD,,
3120508,YOGA260124GBI3128GBBLACD0003,Lenovo,"Yoga 260 (12.5-inch, 2016)","(4GB RAM, i3 6200U)",Wi-Fi,128GB,Black,D Grade,"",,
3120519,ZFOLD3256GBBLACD,Samsung,Z Fold 3,SM-F926W,Unlocked,256GB,Black,D Grade,Broken LCD,,
3120565,SRFCPRO713208GBI5128GBSILVD0006,Microsoft,"Surface Pro 7 (13-inch, 2020)","(8GB RAM, i5 1065G7)",Wi-Fi,128GB,Silver,D Grade,No Boot,,
3120566,SRFCPRO713208GBI5128GBSILVD0004,Microsoft,"Surface Pro 7 (13-inch, 2020)","(8GB RAM, i5 1065G7)",Wi-Fi,128GB,Silver,D Grade,"",,
3120572,SRFCPRO713208GBI5128GBSILVD0005,Microsoft,"Surface Pro 7 (13-inch, 2020)","(8GB RAM, i5 1065G7)",Wi-Fi,128GB,Silver,D Grade,Bad Battery,,
3120594,SURFACEPRO7256SILVA,Microsoft,"Surface Pro 7+ (13-inch, 2020)","(8GB RAM, i5 1135G7)",Wi-Fi,256GB,Silver,A Grade,"",,
3120604,NINTENDOSWITCHLITEHDH-00132BLUB,Nintendo,Switch Lite,HDH-001,Wi-Fi,32GB,Blue,B Grade,"",,
3121201,MBP13158GBI523128GBSILVD,Apple,"MacBook Pro (13-inch, 2015)","A1502 (8GB RAM, 2.3GHz i5)",Wi-Fi,128GB,Silver,D Grade,Broken LCD,,
3121288,MBP13178GBI523128GBSPACD0002,Apple,"MacBook Pro (13-inch, 2017)","A1708 (8GB RAM, 2.3GHz i5)",Wi-Fi,128GB,Space Grey,D Grade,No Boot,,
3121309,MBP13178GBI523128GBSPACD0004,Apple,"MacBook Pro (13-inch, 2017)","A1708 (8GB RAM, 2.3GHz i5)",Wi-Fi,128GB,Space Grey,D Grade,"No Boot, Broken LCD",,
3121347,MBP13158GBI527128GBSILVD0004,Apple,"MacBook Pro (13-inch, 2015)","A1502 (8GB RAM, 2.7GHz i5)",Wi-Fi,128GB,Silver,D Grade,Broken LCD,,
3121415,MBP13178GBI523128GBSPACD0003,Apple,"MacBook Pro (13-inch, 2017)","A1708 (8GB RAM, 2.3GHz i5)",Wi-Fi,128GB,Space Grey,D Grade,"NO BOARD, No Boot",,
3121417,MACBOOKPRONB256SPACD,Apple,"MacBook Pro (13-inch, 2017)","A1706 (8GB RAM, 3.1GHz i5)",Wi-Fi,256GB,Space Grey,D Grade,No Boot,,
3121425,MACBOOKPRONBRD128SPACD,Apple,"MacBook Pro (13-inch, 2017)","A1708 (8GB RAM, 2.3GHz i5)",Wi-Fi,128GB,Space Grey,D Grade,NO BOARD,,
3121447,MBP151816GBI722256GBSPACD,Apple,"MacBook Pro (15-inch, 2018)","A1990 (16GB RAM, 2.2GHz i7)",Wi-Fi,256GB,Space Grey,D Grade,"",,
3121450,MACBOOKPRONLCD256SPACD,Apple,"MacBook Pro (15-inch, 2018)","A1990 (16GB RAM, 2.2GHz i7)",Wi-Fi,256GB,Space Grey,D Grade,NO LCD,,
3121459,MACBOOKPRONBNLCD256SPACD,Apple,"MacBook Pro (13-inch, 2017)","A1706 (8GB RAM, 3.1GHz i5)",Wi-Fi,256GB,Space Grey,D Grade,"No Boot, NO LCD",,
3121517,XBOXONESNB1881WHITD,Microsoft,Xbox One S,One S 1881,Wi-Fi,N/A,White,D Grade,No Boot,,
3122487,MSIGF72VR1TBLACB,MSI,"GF72VR (17-inch, 2017)","(16GB RAM, i7 7700HQ)",Wi-Fi,1TB,Black,B Grade,"",,
3122488,GT75TITAN8SG512GB16GBI78750HBLACB,MSI,"GT75 TITAN 8SG (17-inch, 2018)","(16GB RAM, i7 8750H)",Wi-Fi,512GB,Black,B Grade,"",,
3136512,IPAD7THGENA219732GSPACC,Apple,iPad 7th Gen,A2197,Wi-Fi,32GB,Space Grey,C Grade,"",,
3136528,SAMA515G128GBBLACD,Samsung,Galaxy A51 5G,SM-A515U,Unlocked,128GB,Black,D Grade,Broken LCD,,
3140576,IPH14PRO128GBDPPUD,Apple,iPhone 14 Pro,A2889,Unlocked,128GB,Deep Purple,D Grade,"Broken LCD, Cracked Front Glass",,
3140577,PLAYSTATION4SLIMCUH-2215B1TBBLACB,Sony,PlayStation 4 Slim,CUH-2215B,Wi-Fi,1TB,Black,B Grade,"",,
3140584,MBP1317SILVN,Apple,"MacBook Pro (13-inch, 2017)",A1706,N/A,N/A,Silver,NEW,"",,
3140854,IPHONE11A2111128GBYELLC,Apple,iPhone 11,A2111,Unlocked,128GB,Yellow,C Grade,"",,
3140855,IPH14PRO128GBDPPUC0002,Apple,iPhone 14 Pro,A2889,Unlocked,128GB,Deep Purple,C Grade,"Cracked Front Glass, Broken LCD",,
3140856,IPHONE14PROA2889128GBPURPC,Apple,iPhone 14 Pro,A2889,Unlocked,128GB,Deep Purple,C Grade,"",,
3140862,MACBOOKPRO256SILVB00002,Apple,"MacBook Pro (13-inch, 2015)","A1502 (8GB RAM, 2.7GHz i5)",Wi-Fi,256GB,Silver,B Grade,"",,
3140870,IPHX64GBSILVD0002,Apple,iPhone X,A1865,Unlocked,64GB,Silver,D Grade,"Broken LCD, Cracked Front Glass",,
3140894,IPH864GBSPACA,Apple,iPhone 8,A1905,Unlocked,64GB,Space Grey,A Grade,Cracked Front Glass,,
3140895,IPHX256GBBLACB,Apple,iPhone X,A1865,Unlocked,256GB,Black,B Grade,"",,
3140896,IPHXS256GBBLACB,Apple,iPhone XS,A1920,Unlocked,256GB,Black,B Grade,"",,
3140996,IPH14PLUS128GBSTARC,Apple,iPhone 14 Plus,A2632,Unlocked,128GB,Starlight,C Grade,Broken LCD,,
3141007,IPH14PLUS128GBSTARB0002,Apple,iPhone 14 Plus,A2632,Unlocked,128GB,Starlight,B Grade,Broken LCD,,
3145540,IPAD9THGENA260264GSPACA,Apple,iPad 9th Gen,A2602,Wi-Fi,64GB,Space Grey,A Grade,"",,
3146853,IPH732GBBLACC,Apple,iPhone 7,A1660,Unlocked,32GB,Black,C Grade,Broken LCD,,
3146856,IPHONE7A166032GBLACC,Apple,iPhone 7,A1660,Unlocked,32GB,Black,C Grade,"",,
3147918,IPHONE12PROMA2411128GBLUEC,Apple,iPhone 12 Pro Max,A2411,Unlocked,128GB,Pacific Blue,C Grade,"",,
3155490,MACBOOKAIR256SILVB00004,Apple,"MacBook Air (13-inch, 2020)","A2337 (8GB RAM, M1 8 Core)",Wi-Fi,256GB,Silver,B Grade,"",,
3165775,IPHX256GBSPACD,Apple,iPhone X,A1901,Unlocked,256GB,Space Grey,D Grade,"",,
3165776,IPHONEXA1901256GSPACB,Apple,iPhone X,A1901,Unlocked,256GB,Space Grey,B Grade,"",,
3166365,SAMA515G64GBBLACD,Samsung,Galaxy A51 5G,SM-A515U,Unlocked,64GB,Black,D Grade,Broken LCD,,
3166366,SAMA515G64GBBLACB0002,Samsung,Galaxy A51 5G,SM-A515U,Unlocked,64GB,Black,B Grade,Broken LCD,,
3166367,SAMA515G64GBBLACC,Samsung,Galaxy A51 5G,SM-A515U,Unlocked,64GB,Black,C Grade,Broken LCD,,
3166370,GALAXYA51A515U64GBBLACC,Samsung,Galaxy A51 5G,SM-A515U,Unlocked,64GB,Black,C Grade,"",,
3166508,IPH6S64GBSPACD,Apple,iPhone 6S,A1633,Unlocked,64GB,Space Grey,D Grade,"",,
3170772,LEGIY5401512GBI5512GBBLACC,Lenovo,"Legion Y540 (15-inch, 2019)","(12GB RAM, i5 9300H)",Wi-Fi,512GB,Black,C Grade,"",,
3170773,LEGIY5401512GBI5512GBBLACD,Lenovo,"Legion Y540 (15-inch, 2019)","(12GB RAM, i5 9300H)",Wi-Fi,512GB,Black,D Grade,"",,
3170774,LEGIONY540152019512GBLACD,Lenovo,"Legion Y540 (15-inch, 2019)","(12GB RAM, i5 9300H)",Wi-Fi,512GB,Black,D Grade,Bad Battery,,
3170801,IPAD5THGEN32GBSPACD,Apple,iPad 5th Gen,A1822,Wi-Fi,32GB,Space Grey,D Grade,Broken Digitizer,,
3171082,IPAD5THGENA182332GOLDC,Apple,iPad 5th Gen,A1823,Unlocked,32GB,Gold,C Grade,"",,
3171114,GALAXYA515GISSUESMA515USA64BLACC,Samsung,Galaxy A51 5G,SM-A515U,Unlocked,64GB,Black,C Grade,Broken Fingerprint Reader,,
3176074,IPH864GBSPACB,Apple,iPhone 8,A1863,Unlocked,64GB,Space Grey,B Grade,"",,
3176975,LATIE747138GBI5256GBBLACB0002,Dell,"Latitude E7470 (13-inch, 2016)","7370 (8GB RAM, i5 6300U )",Wi-Fi,256GB,Black,B Grade,"",,
3177337,TFUDASHF1516GBI71TBBLACC,ASUS,"Tfu Dash F15 (15-inch, 2021)","(16GB RAM, i7 11307H)",Wi-Fi,1TB,Black,C Grade,"",,
3177340,IPHX64GBSILVC0003,Apple,iPhone X,A1865,Unlocked,64GB,Silver,C Grade,"Cracked Front Glass, Broken LCD",,
3177344,IPHX64GBSILVC0002,Apple,iPhone X,A1865,Unlocked,64GB,Silver,C Grade,"",,
3177364,IPHX64GBSILVD,Apple,iPhone X,A1865,Unlocked,64GB,Silver,D Grade,"",,
3178103,LATIE747138GBI5256GBBLACB,Dell,"Latitude E7470 (13-inch, 2016)","E7470 (8GB RAM, i5 6300U)",Wi-Fi,256GB,Black,B Grade,"",,
3178104,TUFDASHF151TBBLACC,ASUS,"TUF Dash F15 (15-inch, 2021)","(16GB RAM, i7 11307H)",Wi-Fi,1TB,Black,C Grade,"",,
3178106,LATIE747148GBI5256GBBLACB,Dell,"Latitude E7470 (14-inch, 2016)","E7470 (8GB RAM, i5 6300U)",Wi-Fi,256GB,Black,B Grade,"",,
3178107,LATITUDEE7470256BLACB,Dell,"Latitude E7470 (14-inch, 2016)","(8GB RAM, i5 6300U)",Wi-Fi,256GB,Black,B Grade,"",,
3186760,PS51TBWHITC,Sony,PlayStation 5,CFI-1115A,Wi-Fi,1TB,White,C Grade,"",,
3186775,MBP13158GBI527128GBSILVD0003,Apple,"MacBook Pro (13-inch, 2015)","A1502 (8GB RAM, 2.7GHz i5)",Wi-Fi,128GB,Silver,D Grade,"",,
3186781,MBP13158GBI527128GBSILVD0002,Apple,"MacBook Pro (13-inch, 2015)","A1502 (8GB RAM, 2.7GHz i5)",Wi-Fi,128GB,Silver,D Grade,Bad Battery,,
3199132,MBP13158GBI527128GBSILVD,Apple,"MacBook Pro (13-inch, 2015)","A1502 (8GB RAM, 2.7GHz i5)",Wi-Fi,128GB,Silver,D Grade,"LCD Flicker, Bad Battery",,
3204605,IPHONEXSA1920256GBBLACC,Apple,iPhone XS,A1920,Unlocked,256GB,Black,C Grade,"",,
3205404,MACBOOKPRO512SILVB00002,Apple,"MacBook Pro (13-inch, Mid-2014)","A1502 (8GB RAM, 2.6GHz i5)",Wi-Fi,512GB,Silver,B Grade,"",,
3205405,MBP13148GBI526512GBSILVD,Apple,"MacBook Pro (13-inch, Mid-2014)","A1502 (8GB RAM, 2.6GHz i5)",Wi-Fi,512GB,Silver,D Grade,"",,
3205431,MBA13188GBI516128GBSPACD,Apple,"MacBook Air (13-inch, 2018)","A1932 (8GB RAM, 1.6GHz i5)",Wi-Fi,128GB,Space Grey,D Grade,"Broken/Missing Bezel, Missing Keys",,
3207416,IPH12MINI128GBBLACC0002,Apple,iPhone 12 mini,A2398,Unlocked,128GB,Black,C Grade,"",,
3207417,WATCHSERIES644MMGPSN/ABLUEC,Apple,Watch Series 6,44MM GPS,GPS,N/A,Blue,C Grade,"",,
3207573,WATCHSERIES444MMGPS+LTEN/ABLACA,Apple,Watch Series 4,44MM GPS + LTE,GPS,N/A,Black,A Grade,"",,
3207616,24GNBLACA,LG,24GN60R,24-inch Monitor,HDMI,N/A,Black,A Grade,"",,
3207618,IPHX64GBSPACD0003,Apple,iPhone X,A1865,Unlocked,64GB,Space Grey,D Grade,"",,
3207619,IPHX64GBSPACD0002,Apple,iPhone X,A1865,Unlocked,64GB,Space Grey,D Grade,"Bad Battery, Broken LCD",,
3207621,IPHX64GBSPACD,Apple,iPhone X,A1865,Unlocked,64GB,Space Grey,D Grade,"Face ID Not working, Bad Battery, Broken LCD",,
3207629,ZENB15INCH16GBI7256GBBLUEC,ASUS,"ZenBook (15-inch, 2017)","(16GB RAM, i7 7300U)",Wi-Fi,256GB,Blue,C Grade,"",,
3207631,X55615INCH16GBI7256GBBLUEC,ASUS,"X556U (15-inch, 2017)","(16GB RAM, i7 7300U)",Wi-Fi,256GB,Blue,C Grade,"",,
3207632,"X556U(16GB RAM,i77300U)256GBBLUEB",ASUS,"X556U (15-inch, 2017)","(16GB RAM, i7 7300U)",Wi-Fi,256GB,Blue,B Grade,"",,
3207633,PLAYSTATION5CFI-1115A1TBWHITB,Sony,PlayStation 5,CFI-1115A,Wi-Fi,1TB,White,B Grade,"",,
3252148,SMARLEDTVBLACC,Samsung,"Smart LED TV (Series 5 40"")",UN40J5200AF,Wi-Fi,N/A,Black,C Grade,"",,
3255879,SMARTLEDTVSERIES548UN48J5200AFXZCB,Samsung,"Smart LED TV (Series 5 48"")",UN48J5200AFXZA,Wi-Fi,N/A,Black,B Grade,"",,
3255882,SMARLEDTVBLACD,Samsung,"Smart LED TV (Series 5 48"")",UN48J5200AFXZA,Wi-Fi,N/A,Black,D Grade,"",,
3256023,MBP161916GBI5231TBSPACO,Apple,"MacBook Pro (16-inch, 2019)","A2141 (16GB RAM, 2.3GHz i5)",Wi-Fi,1TB,Space Grey,OPEN BOX,Bad Battery,,
3256095,MBP13208GBM1256GBSPACO,Apple,"MacBook Pro (13-inch, 2020)","A2338 (8GB RAM, M1)",Wi-Fi,256GB,Space Grey,OPEN BOX,Bad Battery,,
3256133,IPADMINI6A256764GBSPACO,Apple,iPad mini 6,A2567,Wi-Fi,64GB,Space Grey,OPEN BOX,"",,
3256170,IPADPRO11A2228256GBSPACO,Apple,iPad Pro 11 inch 2nd Gen,A2228,Wi-Fi,256GB,Space Grey,OPEN BOX,"",,
3256178,IPAD8THGENA227032GBSPACO,Apple,iPad 8th Gen,A2270,Wi-Fi,32GB,Space Grey,OPEN BOX,"",,
3256200,MBA13208GBM1256GBSPACO,Apple,"MacBook Air (13-inch, 2020)","A2337 (8GB RAM, M1 8 Core)",Wi-Fi,256GB,Space Grey,OPEN BOX,Bad Battery,,
3256204,MBA13208GBM1512GBSPACO,Apple,"MacBook Air (13-inch, 2020)","A2337 (8GB RAM, M1 8 Core)",Wi-Fi,512GB,Space Grey,OPEN BOX,Bad Battery,,
3256273,MBA13208GBM1256GBROSGO,Apple,"MacBook Air (13-inch, 2020)","A2337 (8GB RAM, M1 8 Core)",Wi-Fi,256GB,Rose Gold,OPEN BOX,Bad Battery,,
3256281,MBA13208GBM1512GBROSGO,Apple,"MacBook Air (13-inch, 2020)","A2337 (8GB RAM, M1 8 Core)",Wi-Fi,512GB,Rose Gold,OPEN BOX,Bad Battery,,
3256339,HP15DY208GBI3256GBSILVO,HP,"HP 15-DY2038CA (15.6-inch, 2021)","(8GB RAM, i3 1125G4)",Wi-Fi,256GB,Silver,OPEN BOX,Bad Battery,,
3256433,MBA13208GBM1512GBSILVO,Apple,"MacBook Air (13-inch, 2020)","A2337 (8GB RAM, M1 8 Core)",Wi-Fi,512GB,Silver,OPEN BOX,Bad Battery,,
3256435,MBP161916GBI9231TBSPACO,Apple,"MacBook Pro (16-inch, 2019)","A2141 (16GB RAM, 2.3GHz i9)",Wi-Fi,1TB,Space Grey,OPEN BOX,Bad Battery,,
3256461,INSPIRON15INCH1TBBLACO,Dell,"Inspiron 3582 (15.6-inch, 2017)","(4GB RAM, Celeron N4000)",Wi-Fi,1TB,Black,OPEN BOX,"",,
3256494,TUFGAMINGF158GBRAMi510300H1TBBLACB,ASUS,"TUF Gaming F15 (15.6-inch, 2020)","(8GB RAM, i5 10300H)",Wi-Fi,1TB,Black,B Grade,"",,
3256552,CHROMEBOOKC33011INCH4GB170GHZ64GZO,Lenovo,"Chromebook C330 (11.6-inch, 2013)","(4GB RAM, 1.70 GHz)",Wi-Fi,64GB,Blizzard White,OPEN BOX,"",,
3256573,CHROMEBOOKS33014INCH4GBRAMMT8173CO,Lenovo,Chromebook S330 (14-inch),"(4GB RAM, 2.1 GHz MT8173C)",Wi-Fi,64GB,Black,OPEN BOX,"",,
3256598,X5401568GB1TBSILVO0003,Lenovo,"X540B (15.6-inch, 2020)","(8GB RAM, A9 9425)",Wi-Fi,1TB,Silver Gradient,OPEN BOX,Bad Battery,,
3256626,VPCC1556GBI523640GBBLUEO0002,ASUS,"VPCCB27FD (15.5-inch, 2011)","(6GB RAM, i5 2.3GHz )",Wi-Fi,640GB,Blue,OPEN BOX,"",,
3256629,VPCC1556GBI523640GBBLUEO,Sony,"VPCCB27FD (15.5-inch, 2011)","(6GB RAM, i5 2.3GHz )",Wi-Fi,640GB,Blue,OPEN BOX,"",,
3256634,X5401568GB1TBSILVO0002,ASUS,"X540B (15.6-inch, 2020)","(8GB RAM, A9 9425)",Wi-Fi,1TB,Silver Gradient,OPEN BOX,Bad Battery,,
3256665,PLAYSTATION5DIGITALCFI1015B825GBTB,Sony,PlayStation 5 Digital,CFI-1015B,Wi-Fi,825GB,White,B Grade,"",,
3256675,ASPIES174GB500GBMDBLO0002,Acer,"Aspire Es 17(17.3-inch, 2019)","ES 1732(4GB RAM, N4200)",Wi-Fi,500GB,Midnight Black,OPEN BOX,Bad Battery,,
3258061,HW30001256GBWHITD,HANAsis,"HW 3000 (1.80GHz, 2009)",Celeron 1037U,Wi-Fi,256GB,White,D Grade,Missing Keys,,
3258643,MACBOOKAIR256SPACO,Apple,"MacBook Air (13-inch, 2020)","A2337 (8GB RAM, M1 8 Core)",Wi-Fi,256GB,Space Grey,OPEN BOX,"",,
3260969,ASPIES174GB500GBMDBLO,Acer,"Aspire Es 17(17.3-inch, 2019)","ES 1732(4GB RAM, N4200)",Wi-Fi,500GB,Midnight Black,OPEN BOX,"",,
3260973,MACBOOKPRO1TBSPACO,Apple,"MacBook Pro (16-inch, 2019)","A2141 (16GB RAM, 2.3GHz i9)",Wi-Fi,1TB,Space Grey,OPEN BOX,"",,
3260974,MACBOOKPRO256SPACO,Apple,"MacBook Pro (13-inch, 2020)","A2338 (8GB RAM, M1)",Wi-Fi,256GB,Space Grey,OPEN BOX,"",,
3260976,MACBOOKAIR256ROSEO,Apple,"MacBook Air (13-inch, 2020)","A2337 (8GB RAM, M1 8 Core)",Wi-Fi,256GB,Rose Gold,OPEN BOX,"",,
3260977,MACBOOKAIR512ROSEO,Apple,"MacBook Air (13-inch, 2020)","A2337 (8GB RAM, M1 8 Core)",Wi-Fi,512GB,Rose Gold,OPEN BOX,"",,
3260983,HP15DY2038CA2021256SILVO,HP,"HP 15-DY2038CA (15.6-inch, 2021)","(8GB RAM, i3 1125G4)",Wi-Fi,256GB,Silver,OPEN BOX,"",,
3260984,X5401568GB1TBSILVO,ASUS,"X540B (15.6-inch, 2020)","(8GB RAM, A9 9425)",Wi-Fi,1TB,Silver Gradient,OPEN BOX,"",,
3261087,IPH14128GBMIDNN,Apple,iPhone 14,A2881,Unlocked,128GB,Midnight,NEW,"",,
3261088,IPH15PROMAX512GBNTTIN,Apple,iPhone 15 Pro Max,A3105,Unlocked,512GB,Natural Titanium,NEW,"",,
3261095,WATCHULTRATITAA,Apple,Watch Ultra,49MM GPS,GPS,N/A,Titanium,A Grade,"",,
3261096,WATCHULTRA149MMGPSTITAA,Apple,Watch Ultra 1,49MM GPS,GPS,N/A,Titanium,A Grade,"",,
3264772,MBP13158GBI527256GBSILVD0002,Apple,"MacBook Pro (13-inch, 2015)","A1502 (8GB RAM, 2.7GHz i5)",Wi-Fi,256GB,Silver,D Grade,Bad Battery,,
3264773,MBP13158GBI527256GBSILVD,Apple,"MacBook Pro (13-inch, 2015)","A1502 (8GB RAM, 2.7GHz i5)",Wi-Fi,256GB,Silver,D Grade,"Key Not Working, Bad Battery",,
3267282,SRFCPRO412164GBI5128GBSILVB,Microsoft,"Surface Pro 4 (12-inch, 2016)","(4GB RAM, i5 6300U)",Wi-Fi,128GB,Silver,B Grade,No Boot,,
3268312,IPH864GBSPACD,Apple,iPhone 8,A1905,Unlocked,64GB,Space Grey,D Grade,"",,
3268321,IPH8PLUS64GBSPACD0002,Apple,iPhone 8 Plus,A1864,Unlocked,64GB,Space Grey,D Grade,"",,
3268322,IPH8PLUS64GBSPACD,Apple,iPhone 8 Plus,A1864,Unlocked,64GB,Space Grey,D Grade,Cracked Back Glass,,
3268433,IPHONE6SA163332GSPACB,Apple,iPhone 6S,A1633,Unlocked,32GB,Space Grey,B Grade,"",,
3268435,IPH8PLUS64GBSPACA,Apple,iPhone 8 Plus,A1864,Unlocked,64GB,Space Grey,A Grade,Cracked Back Glass,,
3268438,IPH6S32GBSPACB,Apple,iPhone 6S,A1633,Unlocked,32GB,Space Grey,B Grade,Bad Battery,,
3268989,IPHX64GBSILVC,Apple,iPhone X,A1865,Unlocked,64GB,Silver,C Grade,Face ID Not working,,
3268991,IPHONEXISSUEA186564GSILVC,Apple,iPhone X,A1865,Unlocked,64GB,Silver,C Grade,"Service Battery Warning, Face ID Not working",,
3269029,IPH12MINI128GBBLACC,Apple,iPhone 12 mini,A2398,Unlocked,128GB,Black,C Grade,Battery Replaced - 100% Health with Warning,,
3269032,IPHONE12MINIISSUEA239864GBLACC,Apple,iPhone 12 mini,A2398,Unlocked,64GB,Black,C Grade,Battery Replaced - 100% Health with Warning,,
3269248,IPHONE8PLUSA186464GSPACA9,Apple,iPhone 8 Plus,A1864,Unlocked,64GB,Space Grey,A Grade,"",,
3270088,IPHX64GBSPACC0002,Apple,iPhone X,A1865,Unlocked,64GB,Space Grey,C Grade,"Face ID Not working, Bad Battery, Broken LCD",,
3270103,IPHX64GBSPACC,Apple,iPhone X,A1865,Unlocked,64GB,Space Grey,C Grade,"Face ID Not working, Bad Battery",,
3270105,IPHONEXISSUEA186564GSPACC,Apple,iPhone X,A1865,Unlocked,64GB,Space Grey,C Grade,"Service Battery Warning, Face ID Not working",,
3270233,AIRPODS2NDWHITD,Apple,AirPods 2nd Gen,A2032,Wi-Fi,N/A,White,D Grade,"",,
3270515,SAMS22128GBVIOB,Samsung,Galaxy S22,SM-S901U1,Wi-Fi,128GB,Violet,B Grade,"",,
3270947,PLAYSTATION4PRO(CUH-7115B)1TBBLACB,Sony,PlayStation 4 Pro,CUH-7115B,Wi-Fi,1TB,Black,B Grade,"",,
3270948,PLAYSTATION5CFI-1115A1TBWHITA,Sony,PlayStation 5,CFI-1115A,Wi-Fi,1TB,White,A Grade,"",,
3270949,PLAYSTATION5SLIMDISC1TBWHITA,Sony,PlayStation 5,CFI-2015,Wi-Fi,1TB,White,A Grade,"",,
3270951,E59015INCH16GBI7512GBBLACA,Lenovo,"E590 (15-inch, 2019)","(16GB RAM, i7 8565U)",Wi-Fi,512GB,Black,A Grade,"",,
3270952,IDEACENTRE510A15ARR1TBHDDBLACA,Lenovo,Ideacentre 510A - 15ARR,"(8GB RAM, AMD Ryzen 5 3400G)",Wi-Fi,1TB HDD,Black,A Grade,"",,
3272202,MBP13218GBM1256GBSILVB,Apple,"MacBook Pro (13-inch, 2021)","A2338 (8GB RAM, M1 8 Core)",Wi-Fi,256GB,Silver,B Grade,"",,
3272387,MACBOOKPRO256SPACD,Apple,"MacBook Pro (13-inch, 2017)","A1708 (8GB RAM, 2.3GHz i5)",Wi-Fi,256GB,Space Grey,D Grade,"",,
3272388,MACBOOKPRO256SILVPR,Apple,"MacBook Pro (13-inch, 2017)","A1708 (8GB RAM, 2.3GHz i5)",Wi-Fi,256GB,Silver,PARTS & REPAIR,"",,
3272505,MBP151516GBI725512GBSILVD,Apple,"MacBook Pro (15-inch, 2015)","A1398 (16GB RAM, 2.5GHz i7)",Wi-Fi,512GB,Silver,D Grade,Freezing Board,,
3272567,MBP151316GBI723512GBSILVPR,Apple,"MacBook Pro (15-inch, 2013)","A1398 (16GB RAM, 2.3GHz i7)",Wi-Fi,512GB,Silver,PARTS & REPAIR,"",,
3272586,T520BK500BLACPR,Lenovo,"T520 (15-inch, 2012)","(4GB RAM, i5 2320M)",Wi-Fi,500GB,Black,PARTS & REPAIR,Bad Keyboard,,
3272891,IPHONE6SA1633128GSPACA,Apple,iPhone 6S,A1633,Unlocked,128GB,Space Grey,A Grade,"",,
3273495,MBP13178GBI523256GBSPACPR,Apple,"MacBook Pro (13-inch, 2017)","A1708 (8GB RAM, 2.3GHz i5)",Wi-Fi,256GB,Space Grey,PARTS & REPAIR,Broken LCD,,
3273558,MACBOOKPRO256SPACC00010,Apple,"MacBook Pro (13-inch, 2020)","A2251 (8GB RAM, 1.4GHz i5)",Wi-Fi,256GB,Space Grey,C Grade,"",,
3273559,MACBOOKPROSWBLCDBH256SPACC,Apple,"MacBook Pro (13-inch, 2020)","A2251 (8GB RAM, 1.4GHz i5)",Wi-Fi,256GB,Space Grey,C Grade,"Service Battery Warning, LCD Blemish Heavy",,
3273896,A7IVBLACA,Sony,A7 IV,BODY ONLY,Wi-Fi,N/A,Black,A Grade,"",,
3273897,SONYA7IVWIFIBLACO,Sony,A7 IV,BODY ONLY,Wi-Fi,N/A,Black,OPEN BOX,"",,
3274704,MBA13228GBM2256GBSILVC,Apple,"MacBook Air (13-inch, 2022)","A2681 (8GB RAM, M2 8 Core)",Wi-Fi,256GB,Silver,C Grade,"",,
3275906,MACBOOKAIRMDM256SILVC,Apple,"MacBook Air (13-inch, 2022)","A2681 (8GB RAM, M2 8 Core)",Wi-Fi,256GB,Silver,C Grade,MDM Bypassed,,
3276253,IPHSE3RDGEN64GBBLACB,Apple,iPhone SE 3rd Gen,A2595,Unlocked,64GB,Black,B Grade,Cracked Front Glass,,
3276254,IPAD5THGEN32GBSPACB,Apple,iPad 5th Gen,A1822,Wi-Fi,32GB,Space Grey,B Grade,Broken Digitizer,,
3276255,IPAD5THGENA182232GSPACB,Apple,iPad 5th Gen,A1822,Wi-Fi,32GB,Space Grey,B Grade,"",,
3276319,MBP161916GBI9231TBSPACC0002,Apple,"MacBook Pro (16-inch, 2019)","A2141 (16GB RAM, 2.3GHz i9)",Wi-Fi,1TB,Space Grey,C Grade,"",,
3276320,MBP161916GBI9231TBSPACC,Apple,"MacBook Pro (16-inch, 2019)","A2141 (16GB RAM, 2.3GHz i9)",Wi-Fi,1TB,Space Grey,C Grade,MDM Bypassed,,
3276321,MACBOOKPROMDM512SPACC,Apple,"MacBook Pro (16-inch, 2021)","A2485 (16GB RAM, M1 10 Core)",Wi-Fi,512GB,Space Grey,C Grade,MDM Bypassed,,
3277316,IPHONEXSBRA1920256GBLACC,Apple,iPhone XS,A1920,Unlocked,256GB,Black,C Grade,Battery Replaced - 100% Health with Warning,,
3316332,LENSBLACA0002,Nikon,Lenses,55-200MM,Wi-Fi,N/A,Black,A Grade,"",,
3316349,LENSBLACA,Nikon,Lense,55-200MM,Wi-Fi,N/A,Black,A Grade,"",,
3345615,MACBOOKPRO512SILVA00004,Apple,"MacBook Pro (13-inch, 2020)","A2251 (16GB RAM, 2GHz i5)",Wi-Fi,512GB,Silver,A Grade,"",,
3355864,M12337256SPGB,Apple,"MacBook Air (13-inch, 2020)","A2337 (8GB RAM, M1 8 Core)",Wi-Fi,256GB,Space Grey,B Grade,"",,
3355882,T49014INCH16GBI5512GBBLACB,Lenovo,"T490S (14-inch, 2018)","(16GB RAM, i5 8250U)",Wi-Fi,512GB,Black,B Grade,"",,
3355889,EDGE2023256GBBLACA,Motorola,Edge 2023,XT2305-1,5G,256GB,Black,A Grade,"",,
3355890,EDGE2023256GBBLACC,Motorola,Edge 2023,XT2305-1,5G,256GB,Black,C Grade,"",,
3355891,MOTOEDGE20235GXT2305-1256BLACC,Motorola,Edge 2023,XT2305-1,5G,256GB,Black,C Grade,Chip on Corner,,
3407468,MBA13208GBM1256GBSPACA,Apple,"MacBook Air (13-inch, 2020)","A2337 (8GB RAM, M1 8 Core)",Wi-Fi,256GB,Space Grey,A Grade,MDM Bypassed,,
3428844,MBP162116GBM1512GBSPACA,Apple,"MacBook Pro (16-inch, 2021)","A2485 (16GB RAM, M1 10 Core)",Wi-Fi,512GB,Space Grey,A Grade,MDM Bypassed,,
3428845,MACBOOKPRO512SPACA00007,Apple,"MacBook Pro (16-inch, 2021)","A2485 (16GB RAM, M1 10 Core)",Wi-Fi,512GB,Space Grey,A Grade,"",,
3429416,WATCHULTRA249MMGPSCELLULARTITAA,Apple,Watch Ultra 2,49MM GPS,GPS + Cellular,N/A,Titanium,A Grade,"",,
3429444,WATCHSERIESSSPACC,Apple,Watch Series SE,44MM GPS,GPS,N/A,Space Grey,C Grade,"",,
3429452,WATCHSERIESSE40MMGPSN/AGOLDC,Apple,Watch Series SE,44MM GPS,GPS,N/A,Gold,C Grade,"",,
3429510,IPHONE11PROMA2220256GBMGREA,Apple,iPhone 11 Pro Max,A2220,Unlocked,256GB,Midnight Green,A Grade,"",,
3429516,PS5WHITA,Sony,PlayStation 5,Controller,Bluetooth,N/A,White,A Grade,"",,
3429520,PLAYSTATION5CONTROLLERLOCALPURPA,Sony,PlayStation 5,Controller,Bluetooth,N/A,Galactic Purple,A Grade,"",,
3429544,PLAYSTATIONPORTABLEWHITA,Sony,PlayStation,Portable,Wi-Fi,N/A,White,A Grade,"",,
3429580,IPHXR128GBREDC,Apple,iPhone XR,A1984,Unlocked,128GB,Red,C Grade,"",,
3429582,IPHONEXRA1984128GREDA,Apple,iPhone XR,A1984,Unlocked,128GB,Red,A Grade,"",,
3434561,IPHONE12PROMA2342256GSILVA,Apple,iPhone 12 Pro Max,A2342,Unlocked,256GB,Silver,A Grade,"",,
3439923,WATCHSERIES841MMGPSCELLULARNASTARB,Apple,Watch Series 8,41MM GPS,GPS + Cellular,N/A,Starlight,B Grade,"",,
3439983,IPHONE11PROA216064SPACC,Apple,iPhone 11 Pro,A2160,Unlocked,64GB,Space Grey,C Grade,"",,
3439984,IPHONE11PROA216064GBSPACC,Apple,iPhone 11 Pro,A2160,Unlocked,64GB,Space Grey,C Grade,Battery Replaced - 100% Health with Warning,,
3440350,IPHONEXSA192064GSPACC,Apple,iPhone XS,A1920,Unlocked,64GB,Space Grey,C Grade,"",,
3440353,MACBOOKPRO1TBSPACB00004,Apple,"MacBook Pro (16-inch, 2019)","A2141 (16GB RAM, 2.3GHz i9)",Wi-Fi,1TB,Space Grey,B Grade,"",,
3440354,MACBOOKPRO512GSPACB,Apple,"MacBook Pro (16-inch, 2019)","A2141 (16GB RAM, 2.6GHz i7)",Wi-Fi,512GB,Space Grey,B Grade,"",,
3440476,AIRPODSPRO1WHITC,Apple,AirPods Pro 1st Gen,A2084,Bluetooth,N/A,White,C Grade,"",,
3451559,IPH15PROMAX512GBNTTIO,Apple,iPhone 15 Pro Max,A3105,Unlocked,512GB,Natural Titanium,OPEN BOX,"",,
3451560,IPHONE15PLUSA3093128GBLACO,Apple,iPhone 15 Plus,A3093,Unlocked,128GB,Black,OPEN BOX,"",,
3451576,IPHXR64GBBLACC0003,Apple,iPhone XR,A1984,Unlocked,64GB,Black,C Grade,"Cracked Back Glass, LCD Blemish Light",,
3451579,IPHONEXRA1984BBG64GBRED,Apple,iPhone XR,A1984,Unlocked,64GB,Red,C Grade,"Cracked Back Glass, LCD Blemish Light",,
3451581,IPADPRO12.9A24361TBSILVA,Apple,iPad Pro 12.9 inch 6th Gen,A2436,Wi-Fi,1TB,Silver,A Grade,"",,
3451582,MBA13228GBM2256GBSILVA0002,Apple,"MacBook Air (13-inch, 2022)","A2681 (8GB RAM, M2 8 Core)",Wi-Fi,256GB,Silver,A Grade,"",,
3451584,MACBOOKAIR256MIDNA,Apple,"MacBook Air (15-inch, 2022)","A2941 (8GB RAM, M2 8 Core)",Wi-Fi,256GB,Midnight,A Grade,"",,
3451592,PLAYSTATION5DIGITALCFI1015B825GBTA,Sony,PlayStation 5 Digital,CFI-1015B,Wi-Fi,825GB,White,A Grade,"",,
3451593,PLAYSTATION5DIGITALSLIMCCFI20151TA,Sony,PlayStation 5 Digital Slim,CFI-2015,Wi-Fi,1TB,White,A Grade,"",,
3451598,PS51TBBLACC,Sony,PlayStation 5,CFI-1015A,Wi-Fi,1TB,Black,C Grade,"",,
3451606,PLAYSTATION5DISCSLIMCCFI20151TBWTA,Sony,PlayStation 5 Disc Slim,CFI-2015,Wi-Fi,1TB,White,A Grade,"",,
3451608,PLAYSTATION5DISCSLIMCFI20151TBWHTA,Sony,PlayStation 5 Slim DIsc,CFI-2015,Wi-Fi,1TB,White,A Grade,"",,
3451610,PLAYSTATION5DISCCFI-1015A1TBBLACC,Sony,PlayStation 5 Disc,CFI-1015A,Wi-Fi,1TB,Black,C Grade,"",,
3451677,SAMNOTE205G128GBMYBNB,Samsung,Galaxy Note 20 5G,SM-981U,Wi-Fi,128GB,Mystic Bronze,B Grade,"",,
3451678,GALAXYNOTE+SM-N975W256GAURAB,Samsung,Galaxy Note 10+,SM-N975W,5G,256GB,Aura Black,B Grade,"",,
3456873,IPAD9THGENA2602WIFI256GSILVB,Apple,iPad 9th Gen,A2602,Wi-Fi,256GB,Silver,B Grade,"",,
3457124,IPH14PRO512GBDPPUC,Apple,iPhone 14 Pro,A2889,Unlocked,512GB,Deep Purple,C Grade,"",,
3457126,IPH14PRO128GBDPPUC,Apple,iPhone 14 Pro,A2889,Unlocked,128GB,Deep Purple,C Grade,Important Display Message - Screen Replaced LCD,,
3457127,IPHONE14PROA2889MDM512GDEEPC,Apple,iPhone 14 Pro,A2889,Unlocked,512GB,Deep Purple,C Grade,MDM Bypassed,,
3457140,PLAYSTATION5CONTROLLERBLACA,Sony,PlayStation 5,Console Cover,N/A,N/A,Black,A Grade,"",,
3469211,IPH14PRO128GBDPPUB,Apple,iPhone 14 Pro,A2889,Unlocked,128GB,Deep Purple,B Grade,Important Display Message - Screen Replaced LCD,,
3469212,IPHONE14PROA2889128GBPURPB,Apple,iPhone 14 Pro,A2889,Unlocked,128GB,Deep Purple,B Grade,"",,
3469220,IPH14PRO512GBDPPUC0002,Apple,iPhone 14 Pro,A2889,Unlocked,512GB,Deep Purple,C Grade,"Important Display Message - Screen Replaced OLED, MDM Bypassed",,
3469232,IPHONE14PROA2889MDMIDM512GSPACC,Apple,iPhone 14 Pro,A2889,Unlocked,512GB,Space Black,C Grade,"Important Display Message - Screen Replaced OLED, MDM Bypassed",,
3469245,LATIE747138GBI5256GBBLACO,Dell,"Latitude E7470 (13-inch, 2016)","7370 (8GB RAM, i5 6300U )",Wi-Fi,256GB,Black,OPEN BOX,"",,
3469246,INSP35301516GBI51TBSILVO0003,Dell,"Inspiron 3530 15-inch, 2023)","3530 (16GB RAM, i5 1355U)",Wi-Fi,1TB,Platinum Silver,OPEN BOX,"",,
3469284,INSP35301516GBI51TBSILVO0002,Dell,"Inspiron 3530 (15-inch, 2023)","3530 (16GB RAM, i5 1355U)",Wi-Fi,1TB,Platinum Silver,OPEN BOX,"",,
3469314,INSP35301516GBI51TBSILVO,Dell,"Inspiron 3530 (15-inch, 2023)","(16GB RAM, i5 1355U)",Wi-Fi,1TB,Platinum Silver,OPEN BOX,"",,
3469315,INSPIRON15INCH16GBRAMi71355U1TBPLO,Dell,"Inspiron 3530 (15-inch, 2023)","(16GB RAM, i7 1355U)",Wi-Fi,1TB,Platinum Silver,OPEN BOX,"",,
3469316,ASPISW50122GB2232GBSILVB,Acer,Aspire SW5-012(10-inch),"(2GB RAM, 2.2Ghz)",Wi-Fi,32GB,Silver,B Grade,"",,
3469317,NITRO515INCH2020512GBLACB,Acer,"Nitro 5 (15-inch, 2020)","(8GB RAM, i7-10750H)",Wi-Fi,512GB,Black,B Grade,"",,
3469318,WATCHSERIES644MMGPS+LTEN/ASPACC,Apple,Watch Series 6,44MM GPS,GPS + LTE,N/A,Space Grey,C Grade,"",,
3470147,IPH14PRO128GBDPPUB0002,Apple,iPhone 14 Pro,A2889,Unlocked,128GB,Deep Purple,B Grade,Important Display Message - Screen Replaced OLED,,
3473039,MBA13228GBM2256GBSILVB0003,Apple,"MacBook Air (13-inch, 2022)","A2681 (8GB RAM, M2 8 Core)",Wi-Fi,256GB,Silver,B Grade,"",,
3474689,MACBOOKAIR256MIDNB,Apple,"MacBook Air (13-inch, 2022)","A2681 (8GB RAM, M2 8 Core)",Wi-Fi,256GB,Midnight,B Grade,"",,
3479580,MACBOOKPRO512SILVA00003,Apple,"MacBook Pro (13-inch, 2020)","A2251 (16GB RAM, 2.3GHz i7)",Wi-Fi,512GB,Silver,A Grade,"",,
3479610,MBP13198GBI524256GBSPACC,Apple,"MacBook Pro (13-inch, 2019)","A2159 (8GB RAM, 2.4GHz i5)",Wi-Fi,256GB,Space Grey,C Grade,Broken LCD,,
3479611,MACBOOKPRO256SPACC00009,Apple,"MacBook Pro (13-inch, 2019)","A2159 (8GB RAM, 2.4GHz i5)",Wi-Fi,256GB,Space Grey,C Grade,"",,
3479614,MACBOOKPRO256SPACC00007,Apple,"MacBook Pro (13-inch, 2019)","A2159 (16GB RAM, 2.4GHz i5)",Wi-Fi,256GB,Space Grey,C Grade,"",,
3479681,MACBOOKPRO256SPACC00004,Apple,"MacBook Pro (13-inch, 2018)","A1989 (16GB RAM, 2.3GHz i5)",Wi-Fi,256GB,Space Grey,C Grade,"",,
3479707,MACBOOKPRO512SILVA00002,Apple,"MacBook Pro (13-inch, 2019)","A2159 (16GB RAM, 2.8GHz i7)",Wi-Fi,512GB,Silver,A Grade,"",,
3479735,MBP131716GBI725512GBSILVB,Apple,"MacBook Pro (13-inch, 2017)","A1708 (16GB RAM, 2.5GHz i7)",Wi-Fi,512GB,Silver,B Grade,"",,
3479736,MACBOOKPRO512SILVC,Apple,"MacBook Pro (13-inch, 2017)","A1708 (16GB RAM, 2.5GHz i7)",Wi-Fi,512GB,Silver,C Grade,"",,
3479769,MBP151516GBI725256GBSILVC,Apple,"MacBook Pro (15-inch, 2015)","A1398 (16GB RAM, 2.5GHz i7)",Wi-Fi,256GB,Silver,C Grade,"",,
3479770,MACBOOKPRO2015256SILVC,Apple,"MacBook Pro (15-inch, 2015)","A1398 (16GB RAM, 2.2GHz i7)",Wi-Fi,256GB,Silver,C Grade,"",,
3479788,MBP151316GBI723512GBSILVB,Apple,"MacBook Pro (15-inch, 2013)","A1398 (16GB RAM, 2.3GHz i7)",Wi-Fi,512GB,Silver,B Grade,"",,
3479789,MACBOOKPRO256SILVB,Apple,"MacBook Pro (15-inch, Mid 2012)","A1398 (8GB RAM, 2.3GHz i7)",Wi-Fi,256GB,Silver,B Grade,"",,
3479794,MBP151416GBI725256GBSILVD0002,Apple,"MacBook Pro (15-inch, 2014)","A1398 (16GB RAM, 2.5GHz i7)",Wi-Fi,256GB,Silver,D Grade,"",,
3479796,MACBOOKPRO2014256SILVB,Apple,"MacBook Pro (15-inch, 2014)","A1398 (16GB RAM, 2.5GHz i7)",Wi-Fi,256GB,Silver,B Grade,"",,
3479811,MBPA13982.216256SLVB,Apple,"MacBook Pro (15-inch, 2015)","A1398 (16GB RAM, 2.2GHz i7)",Wi-Fi,256GB,Silver,B Grade,"",,
3479833,MBP151316GBI723128GBSILVB,Apple,"MacBook Pro (15-inch, 2013)","A1398 (16GB RAM, 2.3GHz i7)",Wi-Fi,128GB,Silver,B Grade,"",,
3479856,MACBOOKPRO2013L128SILVB,Apple,"MacBook Pro (15-inch, Late 2013)","A1398 (16GB RAM, 2.3GHz i7)",Wi-Fi,128GB,Silver,B Grade,"",,
3479857,MACBOOKPRO512SILVB,Apple,"MacBook Pro (15-inch, Early 2013)","A1398 (16GB RAM, 2.4GHz i7)",Wi-Fi,512GB,Silver,B Grade,"",,
3479862,MACBOOKPRO2015512SILVC,Apple,"MacBook Pro (15-inch, 2015)","A1398 (16GB RAM, 2.2GHz i7)",Wi-Fi,512GB,Silver,C Grade,"",,
3479880,MBP151316GBI723256GBSILVB0002,Apple,"MacBook Pro (15-inch, Late 2013)","A1398 (16GB RAM, 2.3GHz i7)",Wi-Fi,256GB,Silver,B Grade,"",,
3479881,MBP151316GBI723256GBSILVB,Apple,"MacBook Pro (15-inch, Late 2013)","A1398 (16GB RAM, 2.3GHz i7)",Wi-Fi,256GB,Silver,B Grade,Apple Logo Broken - Damaged,,
3479930,MBP151516GBI725128GBSILVC,Apple,"MacBook Pro (15-inch, 2015)","A1398 (16GB RAM, 2.5GHz i7)",Wi-Fi,128GB,Silver,C Grade,"",,
3479931,MACBOOKPRO2015BBPLG128SILVC,Apple,"MacBook Pro (15-inch, 2015)","A1398 (16GB RAM, 2.5GHz i7)",Wi-Fi,128GB,Silver,C Grade,Bad Battery - Only works Plugged in,,
3479939,MACBOOKAIR256SILVB,Apple,"MacBook Air (13-inch, 2017)","A1466 (8GB RAM, 2.2GHz i7)",Wi-Fi,256GB,Silver,B Grade,"",,
3479943,X51515INCH16GBI51TBSLGRC,ASUS,"X515EA (15-inch, 2021)","(16GB RAM, i5 1135G7 )",Wi-Fi,1TB,Slate Grey,C Grade,"",,
3479944,X515EA15INCH512GSLATC,ASUS,"X515EA (15-inch, 2021)","(8GB RAM, i3 1115G4)",Wi-Fi,512GB,Slate Grey,C Grade,"",,
3479945,IPHONESE2NDGSBWA227564BLACC,Apple,iPhone SE 2nd Gen,A2275,Unlocked,64GB,Black,C Grade,Service Battery Warning,,
3480982,MACBOOKPRO2013LAPLBD256SILVC,Apple,"MacBook Pro (15-inch, Late 2013)","A1398 (16GB RAM, 2.3GHz i7)",Wi-Fi,256GB,Silver,C Grade,Apple Logo Broken - Damaged,,
3482771,IPHONESE2NDA227564BREDC-42M,Apple,iPhone SE 2nd Gen,A2275,Unlocked,64GB,Red,C Grade,Service Battery Warning,,
3491610,IPHSE2NDGEN128GBBLACC,Apple,iPhone SE 2nd Gen,A2275,Unlocked,128GB,Black,C Grade,Boot Loop,,
3491929,IPH11PRO64GBSPACA,Apple,iPhone 11 Pro,A2160,Unlocked,64GB,Space Grey,A Grade,"",,
3491947,IPHONE11PROA216064GBGREEA,Apple,iPhone 11 Pro,A2160,Unlocked,64GB,Midnight Green,A Grade,"",,
3495021,PAVIX360TOUC8GBI5512GBSILVC0003,HP,"Pavilion x360 Touch (14-inch, 2023))","(8GB RAM, i5 1335u)",Wi-Fi,512GB,Silver,C Grade,"",,
3495023,PAVIX360TOUC8GBI5512GBSILVC0002,HP,"Pavilion x360 Touch (14-inch, 2023))","(8GB RAM, i5-1335U)",Wi-Fi,512GB,Silver,C Grade,"",,
3495026,PAVILIONX360T14INCH2023512SILVC,HP,"Pavilion x360 Touch (14-inch, 2023)","(8GB RAM, i5-1335U)",Wi-Fi,512GB,Silver,C Grade,"",,
3495032,GALAXYS10ESM-G970U128GBBLACA,Samsung,Galaxy S10e,SM-G970U,Wi-Fi,128GB,Black,A Grade,"",,
3495381,IPH14PLUS128GBSTARB,Apple,iPhone 14 Plus,A2632,Unlocked,128GB,Starlight,B Grade,"",,
3495382,IPH14PLUS256GBBLUEB,Apple,iPhone 14 Plus,A2632,Unlocked,256GB,Blue,B Grade,"",,
3495383,IPHONE14PLUSA2632256GBMIDNB,Apple,iPhone 14 Plus,A2632,Unlocked,256GB,Midnight,B Grade,"",,
3499353,IPHONE11A211164REDA,Apple,iPhone 11,A2111,Unlocked,64GB,Red,A Grade,"",,
3499363,IPHONE12PROMA2411128GPACIB,Apple,iPhone 12 Pro Max,A2411,Unlocked,128GB,Pacific Blue,B Grade,"",,
3499375,IPHONE12A2402128GBLACA,Apple,iPhone 12,A2402,Unlocked,128GB,Black,A Grade,"",,
3500505,IPHONESE3RDGA2595128BLACA,Apple,iPhone SE 3rd Gen,A2595,Unlocked,128GB,Black,A Grade,"",,
3500508,IPHONESE3RDGA2595128BLACB,Apple,iPhone SE 3rd Gen,A2595,Unlocked,128GB,Black,B Grade,"",,
3500514,IPHSE3RDGEN64GBBLACD0002,Apple,iPhone SE 3rd Gen,A2595,Unlocked,64GB,Black,D Grade,Broken LCD,,
3501094,IPHONESE2NDGA227564BLACA,Apple,iPhone SE 2nd Gen,A2275,Unlocked,64GB,Black,A Grade,"",,
3501291,IPHONESE2NDGA2275128REDA,Apple,iPhone SE 2nd Gen,A2275,Unlocked,128GB,Red,A Grade,"",,
3501292,IPHONESE2NDGA2275128WHITB,Apple,iPhone SE 2nd Gen,A2275,Unlocked,128GB,White,B Grade,"",,
3501293,IPHONESE2NDGA227564WHITC,Apple,iPhone SE 2nd Gen,A2275,Unlocked,64GB,White,C Grade,"",,
3501338,IPHONESE2NDGA227564WHITA,Apple,iPhone SE 2nd Gen,A2275,Unlocked,64GB,White,A Grade,"",,
3503144,IPH15PROMAX512GBNTTIA,Apple,iPhone 15 Pro Max,A3105,Unlocked,512GB,Natural Titanium,A Grade,"",,
3503145,IPHONE16PROMA3295256GWHITA,Apple,iPhone 16 Pro Max,A3295,Unlocked,256GB,White Titanium,A Grade,"",,
3503146,IPH14PROMAX512GBSPBLC,Apple,iPhone 14 Pro Max,A2561,Unlocked,512GB,Space Black,C Grade,"",,
3503147,IPH14PROMAX128GBSPBLC,Apple,iPhone 14 Pro Max,A2561,Unlocked,128GB,Space Black,C Grade,"",,
3503150,IPH1164GBBLACC0003,Apple,iPhone 11,A2111,Unlocked,64GB,Black,C Grade,"Cracked Back Glass, Broken Digitizer",,
3503151,MBA13208GBM1256GBROSGA,Apple,"MacBook Air (13-inch, 2020)","A2337 (8GB RAM, M1 8 Core)",Wi-Fi,256GB,Rose Gold,A Grade,No Boot,,
3503152,SRFCPRO412164GBI5128GBSILVD0002,Microsoft,"Surface Pro 4 (12-inch, 2016)","(4GB RAM, i5 6300U)",Wi-Fi,128GB,Silver,D Grade,Broken Digitizer,,
3510260,GALAXYS23PLUSSMS916WUNLOCKED512GEA,Samsung,Galaxy S23 Plus,SM-S916W,Unlocked,512GB,Green,A Grade,"",,
3514506,LATIE747138GBI5256GBBLACC,Dell,"Latitude E7470 (13-inch, 2016)","7370 (8GB RAM, i5 6300U )",Wi-Fi,256GB,Black,C Grade,"",,
3514507,INSP35011512GBI7512GBBLACC,Dell,"Inspiron 3501 (15-inch, 2021)","(12GB RAM, i7 1165G7)",Wi-Fi,512GB,Black,C Grade,"",,
3514508,INSPIRON350115INCH202112GBRAMi71CB,Dell,"Inspiron 3501 (15-inch, 2021)","(12GB RAM, i7 1165G7)",Wi-Fi,512GB,Black,B Grade,"",,
3514511,IPHONEXRLCDBLA198464GBLACC,Apple,iPhone XR,A1984,Unlocked,64GB,Black,C Grade,LCD Blemish Light,,
3514544,IPHSE64GBBLACD,Apple,iPhone SE,A1662,Unlocked,64GB,Black,D Grade,Cracked Front Glass,,
3514545,IPHSE2NDGEN64GBBLACD,Apple,iPhone SE 2nd Gen,A1662,Unlocked,64GB,Black,D Grade,Cracked Front Glass,,
3514546,IPHONESE2NDGENMDMLCGA166264BLACD,Apple,iPhone SE 2nd Gen,A1662,Unlocked,64GB,Black,D Grade,"MDM Locked, Cracked Front Glass",,
3519814,IPH15PROMAX256GBNTTIA,Apple,iPhone 15 Pro Max,A2849,Unlocked,256GB,Natural Titanium,A Grade,"",,
3522480,IPH13MINI128GBREDC0003,Apple,iPhone 13 mini,A2481,Wi-Fi,128GB,Red,C Grade,"",,
3522482,IPH13MINI128GBREDC0002,Apple,iPhone 13 mini,A2481,Wi-Fi,128GB,Red,C Grade,Service Battery Warning,,
3522524,IPHONE13MINISBWA2481128GBGREEC,Apple,iPhone 13 mini,A2481,Wi-Fi,128GB,Green,C Grade,Service Battery Warning,,
3523631,IPHONE13PROMA2484128GWHITC,Apple,iPhone 13 Pro Max,A2484,Wi-Fi,128GB,White,C Grade,"",,
3523641,IPH12128GBBLACC,Apple,iPhone 12,A2402,Unlocked,128GB,Black,C Grade,"Important Display Message - Screen Replaced LCD, Battery Replaced - 100% Health with Warning",,
3523642,IPHONE12CRIDMBR128GBLACC,Apple,iPhone 12,A2402,Unlocked,128GB,Black,C Grade,"Camera Replaced - Unknown Message, Important Display Message - Screen Replaced LCD, Battery Replaced - 100% Health with Warning",,
3523675,MACBOOKAIR256SPACA00004,Apple,"MacBook Air (13-inch, 2020)","A2337 (8GB RAM, M1 8 Core)",Wi-Fi,256GB,Space Grey,A Grade,"MDM Locked, Broken LCD",,
3528603,IPH15PRO128GBBLTIN,Apple,iPhone 15 Pro,A2848,Unlocked,128GB,Black Titanium,NEW,"",,
3528604,IPH15PRO128GBBLTIO,Apple,iPhone 15 Pro,A2848,Unlocked,128GB,Black Titanium,OPEN BOX,"",,
3528605,IPH15PRO128GBBLTIA,Apple,iPhone 15 Pro,A2848,Unlocked,128GB,Black Titanium,A Grade,"",,
3528606,IPH13MINI128GBREDD,Apple,iPhone 13 mini,A2481,Wi-Fi,128GB,Red,D Grade,"",,
3528607,IPH13128GBGREED0002,Apple,iPhone 13,A2482,Wi-Fi,128GB,Green,D Grade,"",,
3528608,IPH12PROMAX256GBGOLDD,Apple,iPhone 12 Pro Max,A2342,Unlocked,256GB,Gold,D Grade,"",,
3528609,IPH12PRO128GBPCBLD,Apple,iPhone 12 Pro,A2341,Unlocked,128GB,Pacific Blue,D Grade,"",,
3543793,IPHONE13PMA2484256GBGRAPC,Apple,iPhone 13 Pro Max,A2484,Wi-Fi,256GB,Graphite,C Grade,"",,
3543801,IPH16PROMAX256GBWHTIN,Apple,iPhone 16 Pro Max,A3295,Unlocked,256GB,White Titanium,NEW,"",,
3543802,IPH16PROMAX256GBNTTIN,Apple,iPhone 16 Pro Max,A3295,Unlocked,256GB,Natural Titanium,NEW,"",,
3544566,IPHONE14PROMA2561IDMOLEDR128GSPABC,Apple,iPhone 14 Pro Max,A2561,Unlocked,128GB,Space Black,C Grade,Important Display Message - Screen Replaced OLED,,
3544573,XBOX500GBWHITA,Microsoft,Xbox One S,One S 1881,Wi-Fi,500GB,White,A Grade,"",,
3544574,XBOCSERIESX18821TBBLACA,Microsoft,Xbox Series X,1882,Wi-Fi,1TB,Black,A Grade,"",,
3544575,XBOXSERIESXNB18821TBBLACA,Microsoft,Xbox Series X,1882,Wi-Fi,1TB,Black,A Grade,No Boot,,
3544597,IPADPRO129IN32GBBLACC0002,Apple,iPad Pro 12.9 inch 1st Gen,A1584,Wi-Fi,32GB,Black,C Grade,"",,
3544599,IPADPRO129IN32GBBLACC,Apple,iPad Pro 12.9 inch 1st Gen,A1584,Wi-Fi,32GB,Black,C Grade,Hairline Crack on Glass,,
3544621,IPADPRO10.5A1701WIFIHCG256GSPACC,Apple,iPad Pro 10.5 inch 1st Gen,A1701,Wi-Fi,256GB,Space Grey,C Grade,Hairline Crack on Glass,,
3544625,IPADMINI5A213364GBSPACA,Apple,iPad mini 5,A2133,Wi-Fi,64GB,Space Grey,A Grade,"",,
3544642,IPH12PRO128GBPCBLPR0002,Apple,iPhone 12 Pro,A2341,Unlocked,128GB,Pacific Blue,PARTS & REPAIR,"",,
3544643,IPH12PRO128GBPCBLPR,Apple,iPhone 12 Pro,A2341,Unlocked,128GB,Pacific Blue,PARTS & REPAIR,iCloud Locked,,
3544644,IPH12PRO256GBGOLDPR,Apple,iPhone 12 Pro,A2341,Unlocked,256GB,Gold,PARTS & REPAIR,iCloud Locked,,
3544702,IPHSE2NDGEN128GBWHITD,Apple,iPhone SE 2nd Gen,A2275,Unlocked,128GB,White,D Grade,iCloud Locked,,
3544705,WATCHSERIES644MMGPSPREDB,Apple,Watch Series 6,44MM GPS,GPS,Product Red Edition,Red,B Grade,"",,
3544723,IMAC1TBSILVA00002,Apple,"iMac (Retina, 21.5-inch, 4K, 2019)","A1419 (8GB RAM, 3.0Ghz 6 Core i5)",Wi-Fi,1TB SSD,Silver,A Grade,"",,
3546372,SAMS23ULTRA256GBLAVDA,Samsung,Galaxy S23 Ultra,SM-S918B/DS,Wi-Fi,256GB,Lavender,A Grade,"",,
3548345,MACBOOKAIR256SPACD,Apple,"MacBook Air (13-inch, 2020)","A2337 (8GB RAM, M1 8 Core)",Wi-Fi,256GB,Space Grey,D Grade,"MDM Locked, Broken LCD",,
3551640,ROG15-INCH20198GBI6-9750H256GBLACC,ASUS,"ROG (15-inch, 2019)","(8GB RAM, i5 9750H)",Wi-Fi,256GB,Black,C Grade,"",,
3552367,MACBOOKAIRLCDBL128GSPACC,Apple,"MacBook Air (13-inch, 2018)","A1932 (8GB RAM, 1.6GHz i5)",Wi-Fi,128GB,Space Grey,C Grade,LCD Blemish Light,,
3557591,IPHONE11A2111128GBLACB,Apple,iPhone 11,A2111,Unlocked,128GB,Black,B Grade,"",,
3557602,IMAC2151716GBI5301TBFUSSILVA,Apple,"iMac (Retina, 21.5-inch, 4K, 2017)","A1419 (16GB RAM, 3.0Ghz QuadCore i5)",Wi-Fi,1TB Fusion Drive,Silver,A Grade,"",,
3557603,IMAC20171TBFDSILVB,Apple,"iMac (Retina, 21.5-inch, 4K, 2017)","A1419 (16GB RAM, 3.0Ghz QuadCore i5)",Wi-Fi,1TB Fusion Drive,Silver,B Grade,"",,
3557699,LATITUDE7280256BLACB,Dell,"Latitude 7280 (12-inch, 2016)","(8GB RAM, i7 6600U)",Wifi,256GB,Black,B Grade,"",,
3567371,IPH16128GBBLACN,Apple,iPhone 16,A3081,Unlocked,128GB,Black,NEW,"",,
3567374,IPH14PROMAX512GBSPBLB,Apple,iPhone 14 Pro Max,A2561,Unlocked,512GB,Space Black,B Grade,"",,
3567375,IPH14PROMAX512GBDPPUB,Apple,iPhone 14 Pro Max,A2561,Unlocked,512GB,Deep Purple,B Grade,"",,
3567377,SAMS24ULTRA512GBLMGRA,Samsung,Galaxy S24 Ultra,SM-S928WZKFXAC,Wi-Fi,512GB,Lime Green,A Grade,"",,
3573299,IPADPRO129IN256GBSPACA,Apple,iPad Pro 12.9 inch 4th Gen,A2069,Wi-Fi,256GB,Space Grey,A Grade,"",,
3576212,IPH14PROMAX128GBSPBLA0002,Apple,iPhone 14 Pro Max,A2561,Unlocked,128GB,Space Black,A Grade,"",,
3576736,IPHXSMAX256GBBLACC,Apple,iPhone XS Max,A1921,Unlocked,256GB,Black,C Grade,"",,
3576737,IPHXSMAX256GBBLACB,Apple,iPhone XS Max,A1921,Unlocked,256GB,Black,B Grade,"",,
3606572,IPHONE11A211164GBPURPC,Apple,iPhone 11,A2111,Unlocked,64GB,Purple,C Grade,"",,
3606581,IPH13128GBGREED,Apple,iPhone 13,A2482,Wi-Fi,128GB,Green,D Grade,"iCloud Locked, Cracked Front Glass",,
3606594,"IPHONE13ICL,CFGA2482128REDD",Apple,iPhone 13,A2482,Wi-Fi,128GB,Red,D Grade,"iCloud Locked, Cracked Front Glass",,
3606602,IPHONE14A2649128GBPURPA,Apple,iPhone 14,A2649,Unlocked,128GB,Purple,A Grade,"",,
3606605,IPHONE14A2649128GBREDA,Apple,iPhone 14,A2649,Unlocked,128GB,Red,A Grade,"",,
3606613,IPADPRO129IN128GBBLACC,Apple,iPad Pro 12.9 inch 1st Gen,A1652,Wi-Fi,128GB,Black,C Grade,"",,
3606614,IPADPRO12.91STGENA1652128SPACC,Apple,iPad Pro 12.9 inch 1st Gen,A1652,Wi-Fi,128GB,Space Gray,C Grade,"",,
3606616,PENCILA1603N/AWHITB,Apple,Pencil,A1603,N/A,N/A,White,B Grade,"",,
3606624,TV4K32GBBLACD,Apple,TV 4K,A1842,Unlocked,32GB,Black,D Grade,"",,
3606626,TV4K32GBBLACC,Apple,TV 4K,A1842,Unlocked,32GB,Black,C Grade,"",,
3606631,PXLPIXEL6A128GBCHARD,Google,Pixel 6a,GX7AS,Unlocked,128GB,Charcoal,D Grade,Broken LCD,,
3606632,PXLPIXEL6A128GBCHARN,Google,Pixel 6a,GX7AS,Unlocked,128GB,Charcoal,NEW,Broken LCD,,
3606633,PIXEL6AGX7AS128GBCHARN,Google,Pixel 6a,GX7AS,Unlocked,128GB,Charcoal,NEW,"",,
3606637,IPHONE6A154916GBSPACC,Apple,iPhone 6,A1549,Unlocked,16GB,Space Grey,C Grade,"",,
3606638,LATI5430148GBI5512GBGREYB,Dell,"Latitude 5430 (14-inch, 2022)","(8GB RAM, i5 1235U)",Wi-Fi,512GB,Grey,B Grade,"",,
3606639,INSPIRON3520152022256GREYB,Dell,"Inspiron 3520 (15-inch, 2022)","(8GB RAM, i3 1215U)",Wi-Fi,256GB,Grey,B Grade,"",,
3606714,MBP161916GBI726512GBSPACO0002,Apple,"MacBook Pro (16-inch, 2019)","A2141 (16GB RAM, 2.6GHz i7)",Wi-Fi,512GB,Space Grey,OPEN BOX,Bad Battery,,
3606715,MBP161916GBI726512GBSPACO,Apple,"MacBook Pro (16-inch, 2019)","A2141 (16GB RAM, 2.6GHz i7)",Wi-Fi,512GB,Space Grey,OPEN BOX,"",,
3606716,MACBOOKPROBLCD512GSPACB,Apple,"MacBook Pro (16-inch, 2019)","A2141 (16GB RAM, 2.6GHz i7)",Wi-Fi,512GB,Space Grey,B Grade,Broken LCD,,
3606731,IPHONE6PLUSA152264GBSILVB,Apple,iPhone 6 Plus,A1522,Unlocked,64GB,Silver,B Grade,"",,
3607387,IPHONE11SBWA211164GBPURPC,Apple,iPhone 11,A2111,Unlocked,64GB,Purple,C Grade,Service Battery Warning,,
3609690,MACBOOKAIRBLCD256SPACB,Apple,"MacBook Air (13-inch, 2020)","A2179 (8GB RAM, 1.1GHz i3)",Wi-Fi,256GB,Space Grey,B Grade,Broken LCD,,
3609694,MBP13198GBI514128GBSILVA,Apple,"MacBook Pro (13-inch, 2019)","A2159 (8GB RAM, 1.4GHz i5)",Wi-Fi,128GB,Silver,A Grade,"",,
3609696,A21591.48256SLVA,Apple,"MacBook Pro (13-inch, 2019)","A2159 (8GB RAM, 1.4GHz i5)",Wi-Fi,256GB,Silver,A Grade,"",,
3609698,MACBOOKPROBLCDSILVA,Apple,"MacBook Pro (13-inch, 2019)","A2159 (8GB RAM, 1.4GHz i5)",Wi-Fi,256GB,Silver,A Grade,Broken LCD,,
3609699,MBP151816GBI7221TBSPACA,Apple,"MacBook Pro (15-inch, 2018)","A1990 (16GB RAM, 2.2GHz i7)",Wi-Fi,1TB,Space Grey,A Grade,"",,
3609700,MACBOOKPRO1TBSPACA,Apple,"MacBook Pro (15-inch, 2018)","A1990 (16GB RAM, 2.6GHz i7)",Wi-Fi,1TB,Space Grey,A Grade,"",,
3609761,MACBOOKAIRLCDBL256SPACC,Apple,"MacBook Air (13-inch, 2020)","A2179 (8GB RAM, 1.1GHz i3)",Wi-Fi,256GB,Space Grey,C Grade,LCD Blemish Light,,
3609762,MACBOOKAIRLCDBLEMLA1932128SILVC,Apple,"MacBook Air (13-inch, 2019)","A1932 (8GB RAM, 1.6GHz i5)",Wi-Fi,128GB,Silver,C Grade,LCD Blemish Light,,
3609764,MBP151916GBI726512GBSPACA,Apple,"MacBook Pro (15-inch, 2019)","A1990 (16GB RAM, 2.6GHz i7)",Wi-Fi,512GB,Space Grey,A Grade,"",,
3609765,MBP1A1990512SPACA,Apple,"MacBook Pro (15-inch, 2019)","A1990 (16GB RAM, 2.3GHz i9)",Wi-Fi,512GB,Space Grey,A Grade,"",,
3609767,MBP151916GBI726512GBSPACB,Apple,"MacBook Pro (15-inch, 2019)","A1990 (16GB RAM, 2.6GHz i7)",Wi-Fi,512GB,Space Grey,B Grade,"",,
3609768,MBP151916GBI726512GBSILVB,Apple,"MacBook Pro (15-inch, 2019)","A1990 (16GB RAM, 2.6GHz i7)",Wi-Fi,512GB,Silver,B Grade,"",,
3609770,MBP151816GBI726512GBSPACC0003,Apple,"MacBook Pro (15-inch, 2018)","A1990 (16GB RAM, 2.6GHz i7)",Wi-Fi,512GB,Space Grey,C Grade,LCD Blemish Heavy,,
3609771,MBP151816GBI726512GBSPACC0002,Apple,"MacBook Pro (15-inch, 2018)","A1990 (16GB RAM, 2.6GHz i7)",Wi-Fi,512GB,Space Grey,C Grade,"Touchbar Defective, Bottom Screen Bezel Cracked, LCD Blemish Heavy",,
3609772,MACBOOKPROLCDBH512SILVC,Apple,"MacBook Pro (15-inch, 2018)","A1990 (16GB RAM, 2.6GHz i7)",Wi-Fi,512GB,Silver,C Grade,"Touchbar Defective, Bottom Screen Bezel Cracked, LCD Blemish Heavy",,
3609773,MACBOOKPROLCDBLEMISHH128SILVC,Apple,"MacBook Pro (13-inch, 2019)","A2159 (8GB RAM, 1.4GHz i5)",Wi-Fi,128GB,Silver,C Grade,LCD Blemish Heavy,,
3609774,IPH864GBSPACC,Apple,iPhone 8,A1905,Unlocked,64GB,Space Grey,C Grade,Service Battery Warning,,
3609775,IPHONE8A1905CFGSBW64GSPACC,Apple,iPhone 8,A1905,Unlocked,64GB,Space Grey,C Grade,"Service Battery Warning, Cracked Front Glass",,
3609776,AIRPODS2NDWHITB,Apple,AirPods 2nd Gen,A2031,Wi-Fi,N/A,White,B Grade,"",,
3609777,IPHSE64GBBLACB,Apple,iPhone SE,A1662,Unlocked,64GB,Black,B Grade,"",,
3609778,IPHONESEA172316GBROSEB,Apple,iPhone SE,A1723,Unlocked,16GB,Rose Gold,B Grade,"",,
3609779,IPAD6THGENA1893128GSPACC,Apple,iPad 6th Gen,A1893,Wi-Fi,128GB,Space Grey,C Grade,"",,
3609780,IPADPRO12.9IA23781TBSPACA,Apple,iPad Pro 12.9 inch 5th Gen,A2378,Wi-Fi,1TB,Space Grey,A Grade,"",,
3609781,MAGICKEYBOARDIPADPRO1293RDGENM2BCB,Apple,"Apple Magic Keyboard for iPad Pro 12.9"" (3rd/4th/5th/6th Gen/iPad Air 13 M2)",KEYBOARD CASE,N/A,N/A,Black,B Grade,"",,
3609782,MBA13208GBI311512GBSPACC,Apple,"MacBook Air (13-inch, 2020)","A2179 (8GB RAM, 1.1GHz i3)",Wi-Fi,512GB,Space Grey,C Grade,"",,
3609783,MACBOOKAIRLCDHAIRCRACK512SPACC,Apple,"MacBook Air (13-inch, 2020)","A2179 (8GB RAM, 1.1GHz i3)",Wi-Fi,512GB,Space Grey,C Grade,LCD HAIRLINE CRACK,,
3609784,APPLETV4KNRA184232GBBLACC,Apple,TV 4K,A1842,Unlocked,32GB,Black,C Grade,No Remote,,
3609786,ASPIES174GB500GBMDBLA,Acer,"Aspire Es 17(17.3-inch, 2019)","ES 1732(4GB RAM, N4200)",Wi-Fi,500GB,Midnight Black,A Grade,"",,
3609787,ASPIRE3152023A314512BLUEA,Acer,"Aspire Aspire 3 (15.6-inch, 2023)","A315-24PT-R0FS (8GB RAM, AMD RYZEN 5 7520U)",Wi-Fi,512GB,Blue,A Grade,"",,
3609915,MACBOOKPRO1TBSPACA00002,Apple,"MacBook Pro (16-inch, 2019)","A2141 (16GB RAM, 2.3GHz i9)",Wi-Fi,1TB,Space Grey,A Grade,"",,
3609943,MACBOOKPRO256SILVB00005,Apple,"MacBook Pro (15-inch, 2019)","A1990 (16GB RAM, 2.6GHz i7)",Wi-Fi,256GB,Silver,B Grade,"",,
3614489,MACBOOKAIR256GOLDB,Apple,"MacBook Air (13-inch, 2019)","A1932 (8GB RAM, 1.6GHz i5)",Wi-Fi,256,Gold,B Grade,"",,
3620472,IPH14PRO128GBSPBLB,Apple,iPhone 14 Pro,A2889,Unlocked,128GB,Space Black,B Grade,"",,
3622593,IPH13128GBGREEC0002,Apple,iPhone 13,A2482,Wi-Fi,128GB,Green,C Grade,"",,
3622594,IPHONE13A2482128MIDNC,Apple,iPhone 13,A2482,Wi-Fi,128GB,Midnight,C Grade,"",,
3622598,GALAXYWATCHUTISIA,Samsung,Galaxy Watch Ultra,SM-L705F,Wi-Fi,N/A,Titanium Silver,A Grade,"",,
3622822,IPHONE13A2482BRUM-FIDNW128GBMIDNC,Apple,iPhone 13,A2482,Wi-Fi,128GB,Midnight,C Grade,"Battery Replaced - 100% Health with Warning, Face ID Not working",,
3628150,IPH15PROMAX256GBBLUEA0002,Apple,iPhone 15 Pro Max,A2849,Unlocked,256GB,Blue,A Grade,"",,
3630478,IPH14PROMAX512GBDPPUA,Apple,iPhone 14 Pro Max,A2561,Unlocked,512GB,Deep Purple,A Grade,"",,
3630479,IPH14PROMAX128GBDPPUA,Apple,iPhone 14 Pro Max,A2561,Unlocked,128GB,Deep Purple,A Grade,"",,
3637185,IPH13PRO128GBGOLDC,Apple,iPhone 13 Pro,A2483,Wi-Fi,128GB,Gold,C Grade,"",,
3637186,IPHONE13PROA2483128GBOLDC,Apple,iPhone 13 Pro,A2483,Unlocked,128GB,Gold,C Grade,"",,
3637192,IPHSE3RDGEN64GBBLACD,Apple,iPhone SE 3rd Gen,A2595,Unlocked,64GB,Black,D Grade,"",,
3637482,IPHONESE2NDGTIDNWA2275128WHITC,Apple,iPhone SE 2nd Gen,A2275,Unlocked,128GB,White,C Grade,Touch ID Not Working,,
3637665,IPAD6THGENA1893128GSPACA,Apple,iPad 6th Gen,A1893,Wi-Fi,128GB,Space Grey,A Grade,"",,
3648399,IPH13PROMAX256GBGRAPC0002,Apple,iPhone 13 Pro Max,A2484,Wi-Fi,256GB,Graphite,C Grade,Service Battery Warning,,
3648400,IPH13PROMAX256GBGRAPC,Apple,iPhone 13 Pro Max,A2484,Wi-Fi,256GB,Graphite,C Grade,"Service Battery Warning, Broken Camera",,
3648401,IPH13PROMAX256GBSRBLC0002,Apple,iPhone 13 Pro Max,A2484,Unlocked,256GB,Sierra Blue,C Grade,"Service Battery Warning, Broken Camera",,
3648403,MBP162424GBM4512GBSILVA,Apple,"MacBook Pro (16-inch, 2024)","A3403 (24GB RAM, M4 14C 20C)",Wi-Fi,512GB,Silver,A Grade,"",,
3655730,IPH12PRO128GBPCBLC,Apple,iPhone 12 Pro,A2341,Unlocked,128GB,Pacific Blue,C Grade,"",,
3655731,IPHONE12PROSBWFINWA2341128BLUEC,Apple,iPhone 12 Pro,A2341,Unlocked,128GB,Pacific Blue,C Grade,"Service Battery Warning, Face ID Not working",,
3655732,IPH14128GBMIDNB,Apple,iPhone 14,A2881,Unlocked,128GB,Midnight,B Grade,iCloud Locked,,
3655734,IPHONE14ICLA2881128GBMIDNC,Apple,iPhone 14,A2881,Unlocked,128GB,Midnight,C Grade,iCloud Locked,,
3655738,IPHONE16A3081128BLACA,Apple,iPhone 16,A3081,Unlocked,128GB,Black,A Grade,"",,
3655739,IPHONE16PROA3292128GBNTITAA,Apple,iPhone 16 Pro,A3292,Unlocked,128GB,Natural Titanium,A Grade,"",,
3655740,MBA11158GBI516128GBSILVC,Apple,"MacBook Air (11-inch, 2015)","A1466 (8GB RAM, 1.6GHz i5)",Wi-Fi,128GB,Silver,C Grade,"",,
3655741,MACBOOKAIRLCDBH128SILVC00002,Apple,"MacBook Air (11-inch, 2015)","A1466 (8GB RAM, 1.6GHz i5)",Wi-Fi,128GB,Silver,C Grade,LCD Blemish Heavy,,
3655745,PAVIX360TOUC8GBI5512GBSILVA,HP,"Pavilion x360 Touch (14-inch, 2023))","(8GB RAM, i5 1335u)",Wi-Fi,512GB,Silver,A Grade,"",,
3655746,HPELITEX2512GSILVA,HP,"Elite X2 2-in-1 (13-inch, 2018)","(8GB RAM, i5 8265u)",Wi-Fi,512GB,Silver,A Grade,"",,
3655897,IPH13PRO128GBGOLDA,Apple,iPhone 13 Pro,A2483,Wi-Fi,128GB,Gold,A Grade,"",,
3655898,IPH13PRO1TBGOLDA,Apple,iPhone 13 Pro,A2483,Wi-Fi,1TB,Gold,A Grade,"",,
3655899,IPHONE13PROA24831TBGOLDA,Apple,iPhone 13 Pro,A2483,Unlocked,1TB,Gold,A Grade,"",,
3656607,IPH12PRO256GBPCBLC0002,Apple,iPhone 12 Pro,A2341,Unlocked,256GB,Pacific Blue,C Grade,"Service Battery Warning, Face ID Not working",,
3656608,IPHONE12PROSBWFIDNWA2341256GBGRAPC,Apple,iPhone 12 Pro,A2341,Unlocked,256GB,Graphite,C Grade,"Service Battery Warning, Face ID Not working",,
3658018,HPELITEX2256GSILVA,HP,"Elite X2 2-in-1 (13-inch, 2018)","(8GB RAM, i5 8365U)",Wi-Fi,256GB,Silver,A Grade,"",,
3672807,MBP151816GBI726512GBSPACD,Apple,"MacBook Pro (15-inch, 2018)","A1990 (16GB RAM, 2.6GHz i7)",Wi-Fi,512GB,Space Grey,D Grade,"",,
3674445,PS51TBWHITN,Sony,PlayStation 5,CFI-2015,Wi-Fi,1TB,White,NEW,"",,
3674446,PLAYSTATION5PRO(CFI-7019)2TBWHITA,Sony,PlayStation 5 Pro,CFI-7019,Wi-Fi,2TB,White,NEW,"",,
3674447,PLAYSTATION5PRO,Sony,PlayStation 5 Pro,CFI-7019,Wi-Fi,2TB,White,A Grade,"",,
3677366,IPHONE8PLUSA186464GBSPACB,Apple,iPhone 8 Plus,A1864,Unlocked,64GB,Space Grey,B Grade,"",,
3677467,IPH1264GBWHITC0002,Apple,iPhone 12,A2172,Unlocked,64GB,White,C Grade,"",,
3677468,IPH1264GBWHITB,Apple,iPhone 12,A2172,Unlocked,64GB,White,B Grade,"",,
3677469,IPHONE12A2172NEWBAT64GBWHITB,Apple,iPhone 12,A2172,Unlocked,64GB,White,B Grade,Battery Replaced - 100% Health with Warning,,
3679016,IPHONE12A2172NEWBAT64GBWHITC,Apple,iPhone 12,A2172,Unlocked,64GB,White,C Grade,Battery Replaced - 100% Health with Warning,,
3679109,MACBOOKAIRLCDBH128SILVC,Apple,"MacBook Air (11-inch, 2015)","A1466 (4GB RAM, 1.6GHz i5)",Wi-Fi,128GB,Silver,C Grade,LCD Blemish Heavy,,
3681679,MBP13158GBI527128GBSILVB0003,Apple,"MacBook Pro (13-inch, 2015)","A1502 (8GB RAM, 2.7GHz i5)",Wi-Fi,128GB,Silver,B Grade,"LCD Flicker, Bad Battery",,
3681680,MBP13158GBI527128GBSILVB0002,Apple,"MacBook Pro (13-inch, 2015)","A1502 (8GB RAM, 2.7GHz i5)",Wi-Fi,128GB,Silver,B Grade,"",,
3681682,MBPA15022.7i58512SLVB,Apple,"MacBook Pro (13-inch, 2015)","A1502 (8GB RAM, 2.7GHz i5)",Wi-Fi,512GB,Silver,B Grade,"",,
3681944,IPH13PROMAX256GBSRBLC,Apple,iPhone 13 Pro Max,A2484,Unlocked,256GB,Sierra Blue,C Grade,"Cracked Front Glass, Broken Charge Port",,
3681946,IPHONE12PROA2341BR100FINW256GGRAPC,Apple,iPhone 12 Pro,A2341,Unlocked,256GB,Graphite,C Grade,"Battery Replaced - 100% Health with Warning, Face ID Not working",,
3684682,SPEC13AF0X8GBI7256GBWHITC,HP,"Spectre 13-AF0XX Touch (13-inch, 2019)","(8GB RAM, i7 8550U)",Wi-Fi,256GB,White,C Grade,"",,
3684684,HPSPECTRE13AF0XXBBOWPIBK138GBI78TC,HP,"Spectre 13-AF0XX Touch (13-inch, 2019)","(8GB RAM, i7 8550U)",Wi-Fi,256GB,White,C Grade,"Bad Battery - Only works Plugged in, Bad Keyboard",,
3687221,T520152012MK500GBBLACPR,Lenovo,"T520 (15-inch, 2012)","(4GB RAM, i5 2320M)",Wi-Fi,500GB,Black,PARTS & REPAIR,Missing Keys,,
3688257,SAMA124G32GBBLACA,Samsung,Galaxy A12 4G,SM-A125F,Wi-Fi,32GB,Black,A Grade,"",,
3688258,SAMS24ULTRA256GBBLACA,Samsung,Galaxy S24 Ultra,SM-S928WZKFXAC,Wi-Fi,256GB,Black,A Grade,"",,
3688259,IPH1264GBWHITC,Apple,iPhone 12,A2172,Unlocked,64GB,White,C Grade,Cracked Back Glass,,
3688260,IPH13128GBWHITC,Apple,iPhone 13,A2482,Unlocked,128GB,White,C Grade,Cracked Back Glass,,
3688261,IPH12PROMAX128GBGRAPC,Apple,iPhone 12 Pro Max,A2411,Unlocked,128GB,Graphite,C Grade,"",,
3688264,IPADAIR6THGEA2898128GSTARLA,Apple,iPad Air 6th Gen,A2898,Wi-Fi,128GB,Starlight,A Grade,"",,
3688265,THINNEO50S16GBI5256GBBLACC,Lenovo,"ThinkCentre Neo 50S (SFF, 2023)","(16GB RAM, i5 13400U)",Wi-Fi,256GB,Black,C Grade,"",,
3688266,THINNEO50S16GBI5256GBBLACA,Lenovo,"ThinkCentre Neo 50S (SFF, 2023)","(16GB RAM, i5 13400U)",Wi-Fi,256GB,Black,A Grade,"",,
3688267,IPHONE11PROMA2220FIDNW256GGREEC,Apple,iPhone 11 Pro Max,A2220,Unlocked,256GB,Midnight Green,C Grade,Face ID Not working,,
3689558,SURFACEPRO4CFG128SILVC,Microsoft,"Surface Pro 4 (12-inch, 2016)","(4GB RAM, i5 6300U)",Wi-Fi,128GB,Silver,C Grade,Cracked Front Glass,,
3690239,SRFCPRO412164GBI5128GBSILVD,Microsoft,"Surface Pro 4 (12-inch, 2016)","(4GB RAM, i5 6300U)",Wi-Fi,128GB,Silver,D Grade,Irresponsive Touch on Screen In Center,,
3690245,SURFACEPRO4ITOSIC128SILVC,Microsoft,"Surface Pro 4 (12-inch, 2016)","(4GB RAM, i5 6300U)",Wi-Fi,128GB,Silver,C Grade,Irresponsive Touch on Screen In Center,,
3690396,NSWLT32GBBLUEC,Nintendo,Switch Lite,HDH-001,Wi-Fi,32GB,Blue,C Grade,"",,
3690455,NINTENDOSWITCHLITEOJSSPLOHDH0013UC,Nintendo,Switch Lite,HDH-001,Wi-Fi,32GB,Blue,C Grade,"One Joy Stick Stuck, Parental Lock On",,
3690461,NSWLT32GBBLUED,Nintendo,Switch Lite,HDH-001,Wi-Fi,32GB,Blue,D Grade,"",,
3690462,NINTENDOSWITCHLITENBHDH-00132BLUD,Nintendo,Switch Lite,HDH-001,Wi-Fi,32GB,Blue,D Grade,No Boot,,
3690468,SRFCPRO713208GBI5128GBSILVD0003,Microsoft,"Surface Pro 7 (13-inch, 2020)","(8GB RAM, i5 1065G7)",Wi-Fi,128GB,Silver,D Grade,Cracked Front Glass,,
3690469,SURFACEPRO7SDMPGMCFG128SILVD,Microsoft,"Surface Pro 7 (13-inch, 2020)","(8GB RAM, i5 1065G7)",Wi-Fi,128GB,Silver,D Grade,"Screen Damaged - Missing Parts - Good Motherboard, Cracked Front Glass",,
3690570,SRFCPRO713208GBI5128GBSILVD0002,Microsoft,"Surface Pro 7 (13-inch, 2020)","(8GB RAM, i5 1065G7)",Wi-Fi,128GB,Silver,D Grade,Battery Replaced,,
3690575,SRFCPRO713208GBI5128GBSILVD,Microsoft,"Surface Pro 7 (13-inch, 2020)","(8GB RAM, i5 1065G7)",Wi-Fi,128GB,Silver,D Grade,"Touch Not Working, Battery Replaced",,
3690576,SURFACEPRO7TNWBR128SILVC,Microsoft,"Surface Pro 7 (13-inch, 2020)","(8GB RAM, i5 1065G7)",Wi-Fi,128GB,Silver,C Grade,"Touch Not Working, Battery Replaced",,
3690580,SRFCPRO512178GBI5256GBSILVC0002,Microsoft,"Surface Pro 5 (12-inch, 2017)","(8GB RAM, i5 7300U)",Wi-Fi,256GB,Silver,C Grade,Broken Digitizer,,
3690583,SRFCPRO512178GBI5256GBSILVC,Microsoft,"Surface Pro 5 (12-inch, 2017)","(8GB RAM, i5 7300U)",Wi-Fi,256GB,Silver,C Grade,Irresponsive Touch on Screen In Center,,
3690588,SURFACEPRO5ITOC256SILVC,Microsoft,"Surface Pro 5 (12-inch, 2017)","(8GB RAM, i5 7300U)",Wi-Fi,256GB,Silver,C Grade,Irresponsive Touch on Corner,,
3690671,SRFCPRO713208GBI5256GBBLACC,Microsoft,"Surface Pro 7 (13-inch, 2020)","(8GB RAM, i5 1065G7)",Wi-Fi,256GB,Black,C Grade,Broken LCD,,
3690672,SURFACEPRO7TNW256BLACC,Microsoft,"Surface Pro 7 (13-inch, 2020)","(8GB RAM, i5 1065G7)",Wi-Fi,256GB,Black,C Grade,Touch Not Working,,
3690688,ASPISW50122GB2232GBSILVC,Acer,Aspire SW5-012(10-inch),"(2GB RAM, 2.2Ghz)",Wi-Fi,32GB,Silver,C Grade,"",,
3690689,ASPISW50122GB2232GBSILVPR,Acer,Aspire SW5-012(10-inch),"(2GB RAM, 2.2Ghz)",Wi-Fi,32GB,Silver,PARTS & REPAIR,"",,
3690694,ASPIRESW501210NOSASIS32GSILVC,Acer,Aspire SW5-012(10-inch),"(2GB RAM, 2.2Ghz)",Wi-Fi,32GB,Silver,C Grade,No Operating System - AS-IS,,
3690714,SURFACEPRO4CFG128SILVD,Microsoft,"Surface Pro 4 (12-inch, 2016)","(4GB RAM, i5 6300U)",Wi-Fi,128GB,Silver,D Grade,Cracked Front Glass,,
3690780,SURFACEPRO8BR128SILVC,Microsoft,"Surface Pro 8 (13-inch, 2021)","(8GB RAM, i5 1135G7)",Wi-Fi,128GB,Silver,C Grade,Battery Replaced,,
3690852,SURFACEPRO5CFG256SILVC,Microsoft,"Surface Pro 5 (12-inch, 2017)","(8GB RAM, i5 7300U)",Wi-Fi,256GB,Silver,C Grade,Cracked Front Glass,,
3690993,MBA13208GBM1512GBSILVPR0002,Apple,"MacBook Air (13-inch, 2020)","A2337 (8GB RAM, M1 8 Core)",Wi-Fi,512GB,Silver,PARTS & REPAIR,Bad Battery,,
3690995,MBA13208GBM1512GBSILVPR,Apple,"MacBook Air (13-inch, 2020)","A2337 (8GB RAM, M1 8 Core)",Wi-Fi,512GB,Silver,PARTS & REPAIR,"NO LCD, Bad Battery",,
3690998,MACBOOKAIR512SILVPR1VU,Apple,"MacBook Air (13-inch, 2020)","A2337 (8GB RAM, M1 8 Core)",Wi-Fi,512GB,Silver,PARTS & REPAIR,"MotherBoard iCloud Locked, NO LCD, Bad Battery",,
3691027,MACBOOKPROGSMI512SILVPR,Apple,"MacBook Pro (15-inch, 2013)","A1398 (16GB RAM, 2.3GHz i7)",Wi-Fi,512GB,Silver,PARTS & REPAIR,Good Screen - Motherboard Issue,,
3691048,IPADPRO129IN32GBBLACC0003,Apple,iPad Pro 12.9 inch 1st Gen,A1584,Wi-Fi,32GB,Black,C Grade,Broken LCD,,
3691050,IPADPRO1291STGENA1584CFGBLCDWIFICC,Apple,iPad Pro 12.9 inch 1st Gen,A1584,Wi-Fi,32GB,Black,C Grade,"Cracked Front Glass, Broken LCD",,
3691106,MBP13198GBI514256GBSPACD,Apple,"MacBook Pro (13-inch, 2019)","A2159 (8GB RAM, 1.4GHz i5)",Wi-Fi,256GB,Space Grey,D Grade,"No Display - Top Case with Logic Board, Broken Camera, Broken Button(s)",,
3691290,MACBOOKPRONDTCLBMK128SPACPR,Apple,"MacBook Pro (13-inch, 2019)","A2159 (8GB RAM, 1.4GHz i5)",Wi-Fi,128GB,Space Grey,PARTS & REPAIR,"No Display - Top Case with Logic Board, Missing Keys",,
3691370,MACBOOKPRONDTCLBMK256SPACD,Apple,"MacBook Pro (13-inch, 2019)","A2159 (8GB RAM, 1.4GHz i5)",Wi-Fi,256GB,Space Grey,D Grade,"No Display - Top Case with Logic Board, Missing Keys",,
3691614,MACBOOKPRO2015GSMIFB512SILVD,Apple,"MacBook Pro (15-inch, 2015)","A1398 (16GB RAM, 2.5GHz i7)",Wi-Fi,512GB,Silver,D Grade,"Good Screen - Motherboard Issue, Freezing Board",,
3691719,MACBOOKPRO128SILVD,Apple,"MacBook Pro (13-inch, 2015)","A1502 (8GB RAM, 2.7GHz i5)",Wi-Fi,128GB,Silver,D Grade,No Display - Top Case with Logic Board,,
3691733,MACBOOKPRO128SILVD00003,Apple,"MacBook Pro (13-inch, 2017)","A1708 (8GB RAM, 2.3GHz i5)",Wi-Fi,128GB,Space Grey,D Grade,"No Boot - As is Untested -, Missing Back Cover, Missing Keys",,
3691739,MBP13178GBI523128GBSILVD,Apple,"MacBook Pro (13-inch, 2017)","A1708 (8GB RAM, 2.3GHz i5)",Wi-Fi,128GB,Silver,D Grade,Boot Loop,,
3691742,MACBOOKPRONDTCWTBBL128SILVD,Apple,"MacBook Pro (13-inch, 2017)","A1708 (8GB RAM, 2.3GHz i5)",Wi-Fi,128GB,Silver,D Grade,"No Display - Top Case with Logic Board, Boot Loop",,
3691744,THIN14INCH16GBI7256GBSILVC,Lenovo,"Thinkbook (14-inch, 2020)","(16GB RAM, i7 1065G7)",Wi-Fi,256GB,Silver,C Grade,"",,
3691745,THINKBOOK142020BBOWPILCDBH256SILVC,Lenovo,"Thinkbook (14-inch, 2020)","(16GB RAM, i7 1065G7)",Wi-Fi,256GB,Silver,C Grade,"Bad Battery - Only works Plugged in, LCD Blemish Heavy",,
3691750,YOGA260124GBI3128GBBLACD0002,Lenovo,"Yoga 260 (12.5-inch, 2016)","(4GB RAM, i3 6200U)",Wi-Fi,128GB,Black,D Grade,"Boots to Bios - Untested, Bad Battery, Broken LCD",,
3691752,YOGA260NCDBTBUBBBLCD128BLACD,Lenovo,"Yoga 260 (12.5-inch, 2016)","(4GB RAM, i3 6200U)",Wi-Fi,128GB,Black,D Grade,"No Camera Detected, Boots to Bios - Untested, Bad Battery, Broken LCD",,
3691754,ASPIRESW501210BBU32GSILVC,Acer,Aspire SW5-012(10-inch),"(2GB RAM, 2.2Ghz)",Wi-Fi,32GB,Silver,C Grade,Boots to Bios - Untested,,
3691756,LATITUDE7350256BLACD00002,Dell,"Latitude 7350 (13-inch, 2014)","(8GB RAM, M-5Y71)",Wi-Fi,256GB,Black,D Grade,"Display Assembly Cracked, Boots to Bios - Untested, Bad Battery",,
3691762,YOGA260NCDBLCD128BLACC00002,Lenovo,"Yoga 260 (12.5-inch, 2016)","(4GB RAM, i3 6200U)",Wi-Fi,128GB,Black,C Grade,"No Camera Detected, Broken LCD",,
3691764,X1CARBON13NHDBLCD256BLACPR,Lenovo,"X1 Carbon (13-inch, 7th Gen)","(8GB RAM, i5 7300U)",Wi-Fi,256GB,Black,PARTS & REPAIR,"No Hard Drive, Broken LCD",,
3691766,YOGA260124GBI3128GBBLACC,Lenovo,"Yoga 260 (12.5-inch, 2016)","(4GB RAM, i3 6200U)",Wi-Fi,128GB,Black,C Grade,"Boots to Bios - Untested, Broken LCD",,
3691768,YOGA260124GBI3128GBBLACD,Lenovo,"Yoga 260 (12.5-inch, 2016)","(4GB RAM, i3 6200U)",Wi-Fi,128GB,Black,D Grade,"No Boot - As is Untested -, Broken LCD",,
3691769,YOGA260BTBUCFG128BLACD,Lenovo,"Yoga 260 (12.5-inch, 2016)","(4GB RAM, i3 6200U)",Wi-Fi,128GB,Black,D Grade,"Boots to Bios - Untested, Cracked Front Glass",,
3691771,PREC75101516GBI7500GBBLACD,Dell,"Precision 7510 (15-inch, 2016)","7510 (16GB RAM, i7-6820HQ)",Wi-Fi,500GB,Black,D Grade,"Bad Keyboard, Bad Battery",,
3691772,PRECISION7510BTPBKBB500BLACD,Dell,"Precision 7510 (15-inch, 2016)","7510 (16GB RAM, i7-6820HQ)",Wi-Fi,500GB,Black,D Grade,"Bad TrackPad, Bad Keyboard, Bad Battery",,
3691773,T52015INCH4GBI5500GBBLACPR,Lenovo,"T520 (15-inch, 2012)","(4GB RAM, i5 2320M)",Wi-Fi,500GB,Black,PARTS & REPAIR,"No Operating System - AS-IS, Missing Keys",,
3692710,T520BTBUMK500BLACPR,Lenovo,"T520 (15-inch, 2012)","(4GB RAM, i5 2320M)",Wi-Fi,500GB,Black,PARTS & REPAIR,"Boots to Bios - Untested, Missing Keys",,
3692731,LEGIY5401512GBI5512GBBLACBM,Lenovo,"Legion Y540 (15-inch, 2019)","(12GB RAM, i5 9300H)",Wi-Fi,512GB,Black,BM Grade,Bad Battery,,
3692732,LEGIONY540152019512BLACBM,Lenovo,"Legion Y540 (15-inch, 2019)","(12GB RAM, i5 9300H)",Wi-Fi,512GB,Black,BM Grade,"",,
3692776,MACBOOKPROBTBUBLCD512SILVD,Apple,"MacBook Pro (15-inch, 2018)","A1990 (16GB RAM, 2.6GHz i7)",Wi-Fi,512GB,Space Grey,D Grade,"Boots to Bios - Untested, Broken LCD",,
3692916,MBP13218GBM1256GBSPACD,Apple,"MacBook Pro (13-inch, 2021)","A2338 (8GB RAM, M1 8 Core)",Wi-Fi,256GB,Space Grey,D Grade,Speaker not Detected,,
3692917,MACBOOKPROSND256SPACC,Apple,"MacBook Pro (13-inch, 2021)","A2338 (8GB RAM, M1 8 Core)",Wi-Fi,256GB,Space Grey,C Grade,Speaker not Detected,,
3692972,MACBOOKPROBLCD512SPACD,Apple,"MacBook Pro (16-inch, 2019)","A2141 (16GB RAM, 2.6GHz i7)",Wi-Fi,512GB,Space Grey,D Grade,Broken LCD,,
3693191,MBA13188GBI516128GBSPACB0002,Apple,"MacBook Air (13-inch, 2018)","A1932 (8GB RAM, 1.6GHz i5)",Wi-Fi,128GB,Space Grey,B Grade,"Broken/Missing Bezel, Missing Keys",,
3693192,MBA1932I58128SGB,Apple,"MacBook Air (13-inch, 2018)","A1932 (8GB RAM, 1.6GHz i5)",Wi-Fi,128GB,Space Grey,B Grade,"",,
3693229,MACBOOKAIRNB256GBSPACBM,Apple,"MacBook Air (13-inch, 2018)","A1932 (8GB RAM, 1.6GHz i5)",Wi-Fi,256GB,Space Grey,BM Grade,"",,
3693233,MACBOOKAIR256SPA,Apple,"MacBook Air (13-inch, 2020)","A2179 (8GB RAM, 1.1GHz i3)",Wi-Fi,256GB,Space Grey,BM Grade,"",,
3693352,MACBOOKAIR512SILVBM,Apple,"MacBook Air (13-inch, 2017)","A1466 (8GB RAM, 1.8GHz i5)",Wi-Fi,512GB,Silver,BM Grade,"",,
3693353,MACBOOKAIR256SILVBM,Apple,"MacBook Air (13-inch, 2017)","A1466 (8GB RAM, 1.8GHz i5)",Wi-Fi,256GB,Silver,BM Grade,"",,
3693370,MACBOOKAIR256SILVBM00002,Apple,"MacBook Air (13-inch, 2017)","A1466 (8GB RAM, 2.2GHz i7)",Wi-Fi,256GB,Silver,BM Grade,"",,
3693418,MBAA1466128SLVBM,Apple,"MacBook Air (13-inch, 2017)","A1466 (8GB RAM, 1.8GHz i5)",Wi-Fi,128GB,Silver,BM Grade,"",,
3693426,MACBOOKPRO512SILVBM,Apple,"MacBook Pro (15-inch, 2015)","A1398 (16GB RAM, 2.2GHz i7)",Wi-Fi,512GB,Silver,BM Grade,"",,
3693435,MBP151516GBI725128GBSILVB,Apple,"MacBook Pro (15-inch, 2015)","A1398 (16GB RAM, 2.5GHz i7)",Wi-Fi,128GB,Silver,B Grade,"",,
3693439,MBPA13982.516256SLVB,Apple,"MacBook Pro (15-inch, 2015)","A1398 (16GB RAM, 2.5GHz i7)",Wi-Fi,256GB,Silver,B Grade,"",,
3693442,MBPA13982.22015256SLVBM,Apple,"MacBook Pro (15-inch, 2015)","A1398 (16GB RAM, 2.2GHz i7)",Wi-Fi,256GB,Silver,BM Grade,"",,
3693462,"MBAA14668GBRAM,1.6GHZI5128SILVBM",Apple,"MacBook Air (13-inch, 2015)","A1466 (8GB RAM, 1.6GHz i5)",Wi-Fi,128GB,Silver,BM Grade,"",,
3693472,MBP13158GBI527256GBSILVC0002,Apple,"MacBook Pro (13-inch, 2015)","A1502 (8GB RAM, 2.7GHz i5)",Wi-Fi,256GB,Silver,C Grade,"Key Not Working, Bad Battery",,
3693473,MBP13158GBI527256GBSILVC,Apple,"MacBook Pro (13-inch, 2015)","A1502 (8GB RAM, 2.7GHz i5)",Wi-Fi,256GB,Silver,C Grade,Bad Battery,,
3693474,MACBOOKPRO256SILVC,Apple,"MacBook Pro (13-inch, 2015)","A1502 (8GB RAM, 2.7GHz i5)",Wi-Fi,256GB,Silver,C Grade,"",,
3693631,SAMNOTE10256GBAUBLC,Samsung,Galaxy Note 10+,SM-N975W,5G,256GB,Aura Black,C Grade,"",,
3693632,GALAXYNOTE10PLUSBLCDSMN975W256GBCC,Samsung,Galaxy Note 10+,SM-N975W,5G,256GB,Aura Black,C Grade,Broken LCD,,
3693638,"ZFOLD3GFRPL,BLLCDSM-F2926W256BLAD",Samsung,Z Fold 3,SM-F926W,Unlocked,256GB,Black,D Grade,"Google FRP Lock, Broken LCD",,
3694260,MBP162424GBM4PRO512GBSILVA,Apple,"MacBook Pro (16-inch, 2024)","A3403 (24GB RAM, M4 Pro 14C 20C)",Wi-Fi,512GB,Silver,A Grade,"",,
3694263,MACBOOKPRO512SBLACA00002,Apple,"MacBook Pro (16-inch, 2024)","A3403 (24GB RAM, M4 Pro 14C 20C)",Wi-Fi,512GB,Space Black,A Grade,"",,
3694270,MACBOOKPRO512SBLACA,Apple,"MacBook Pro (14-inch, 2024)","A3112 (16GB RAM, M4 10C 10C GPU)",Wi-Fi,512GB,Space Black,A Grade,"",,
3694289,MACBOOKPRO512SILVA00006,Apple,"MacBook Pro (14-inch, 2024)","A3401 (24GB RAM, M4 Pro 12C 16C GPU)",Wi-Fi,512GB,Silver,A Grade,"",,
3694304,SAMS24128GBYELLA0002,Samsung,Galaxy S24,SM-S921W,Wi-Fi,128GB,Yellow,A Grade,"",,
3694307,SAMS24128GBYELLA,Samsung,Galaxy S24,SM-S921W,Unlocked,128GB,Yellow,A Grade,"",,
3694333,HP17CN2016GBI51TBSILVA,HP,"HP 17-CN2008CA (17-inch, 2022)","(16GB RAM, i5 1235U)",Wi-Fi,1TB,Silver,A Grade,"",,
3694334,SAMBOOK5PRO16GBCOREU512GBMSG0002,Samsung,"Samsung Galaxy Book5 Pro 360 TouchScreen (16-inch, 2024)","(16GB RAM, Intel Core Ultra 7 256V)",Wi-Fi,512GB,Moonstone Grey,A Grade,"",,
3694337,SAMBOOK5PRO16GBCOREU512GBMSGYA,Samsung,"Galaxy Book5 Pro 360 TouchScreen (16-inch, 2024)","(16GB RAM, Intel Core Ultra 7 256V)",Wi-Fi,512GB,Moonstone Grey,A Grade,"",,
3694374,MBA13208GBI311256GBGOLDPR0002,Apple,"MacBook Air (13-inch, 2020)","A2179 (8GB RAM, 1.1GHz i3)",Wi-Fi,256GB,Gold,PARTS & REPAIR,"",,
3694375,MBA13208GBI311256GBGOLDPR,Apple,"MacBook Air (13-inch, 2020)","A2179 (8GB RAM, 1.1GHz i3)",Wi-Fi,256GB,Gold,PARTS & REPAIR,"Bad TrackPad, Bad Keyboard",,
3694377,MBA13208GBI311256GBGOLDD,Apple,"MacBook Air (13-inch, 2020)","A2179 (8GB RAM, 1.1GHz i3)",Wi-Fi,256GB,Gold,D Grade,"Bad TrackPad, Bad Keyboard",,
3694379,MBA13208GBI311256GBGOLDC,Apple,"MacBook Air (13-inch, 2020)","A2179 (8GB RAM, 1.1GHz i3)",Wi-Fi,256GB,Gold,C Grade,"Bad TrackPad, Bad Keyboard",,
3694555,WATCHSERIESSE44MMGPSN/ASPACB,Apple,Watch Series SE,44MM GPS,GPS,N/A,Space Grey,B Grade,iCloud Locked,,
3694561,WATCHSERIES540MMGPS+LTENABLACC,Apple,Watch Series 5,40MM GPS + LTE,GPS,N/A,Black,C Grade,"",,
3695023,IPADAIR4THGEA2316128GSPACA,Apple,iPad Air 4th Gen,A2316,Wi-Fi,64GB,Space Grey,A Grade,"",,
3695027,IPH15PROMAX256GBNTTIC,Apple,iPhone 15 Pro Max,A2849,Unlocked,256GB,Natural Titanium,C Grade,"",,
3700445,MBP151416GBI725256GBSILVD,Apple,"MacBook Pro (15-inch, 2014)","A1398 (16GB RAM, 2.5GHz i7)",Wi-Fi,256GB,Silver,D Grade,Bad Battery,,
3700450,MBP151416GBI722256GBSILVD,Apple,"MacBook Pro (15-inch, 2014)","A1398 (16GB RAM, 2.2GHz i7)",Wi-Fi,256GB,Silver,D Grade,Bad Battery,,
3700476,MACBOOKPROBB256SILVPR,Apple,"MacBook Pro (15-inch, 2014)","A1398 (16GB RAM, 2.2GHz i7)",Wi-Fi,256GB,Silver,PARTS & REPAIR,Bad Battery,,
3700480,MBP151316GBI723512GBSILVPR0002,Apple,"MacBook Pro (15-inch, 2013)","A1398 (16GB RAM, 2.3GHz i7)",Wi-Fi,512GB,Silver,PARTS & REPAIR,"No Hard Drive, No Boot - As is Untested -",,
3700499,MBP151316GBI723256GBSILVPR,Apple,"MacBook Pro (15-inch, 2013)","A1398 (16GB RAM, 2.3GHz i7)",Wi-Fi,256GB,Silver,PARTS & REPAIR,"No Hard Drive, No Boot - As is Untested -",,
3700502,MACBOOKPRONHDNBAIU256SILVPR,Apple,"MacBook Pro (15-inch, 2013)","A1398 (8GB RAM, 2.3GHz i7)",Wi-Fi,256GB,Silver,PARTS & REPAIR,"No Hard Drive, No Boot - As is Untested -",,
3700513,MBP151416GBI725512GBSILVPR0002,Apple,"MacBook Pro (15-inch, 2014)","A1398 (16GB RAM, 2.5GHz i7)",Wi-Fi,512GB,Silver,PARTS & REPAIR,"",,
3700514,MBP151416GBI725512GBSILVPR,Apple,"MacBook Pro (15-inch, 2014)","A1398 (16GB RAM, 2.5GHz i7)",Wi-Fi,512GB,Silver,PARTS & REPAIR,"No Hard Drive, No Boot - As is Untested -",,
3700587,MACBOOKPROIASISFPMBCBB512SILVPR,Apple,"MacBook Pro (15-inch, 2013)","A1398 (16GB RAM, 2.3GHz i7)",Wi-Fi,512GB,Silver,PARTS & REPAIR,"Untested - AS-IS - For Parts, Missing Back Cover, Bad Battery",,
3700650,MBA13188GBI516128GBROSGPR,Apple,"MacBook Air (13-inch, 2018)","A1932 (8GB RAM, 1.6GHz i5)",Wi-Fi,128GB,Rose Gold,PARTS & REPAIR,"",,
3700655,MBA13114GBI517128GBSILVPR0004,Apple,"MacBook Air (13-inch, 2011)","A1369 (4GB RAM, 1.7GHz i5)",Wi-Fi,128GB,Silver,PARTS & REPAIR,"",,
3700657,MBA13114GBI517128GBSILVPR0003,Apple,"MacBook Air (13-inch, 2011)","A1369 (4GB RAM, 1.7GHz i5)",Wi-Fi,128GB,Silver,PARTS & REPAIR,Untested - AS-IS - For Parts,,
3700674,MBA13114GBI517128GBSILVPR0002,Apple,"MacBook Air (13-inch, 2011)","A1369 (4GB RAM, 1.7GHz i5)",Wi-Fi,128GB,Silver,PARTS & REPAIR,No Charger,,
3700675,MACBOOKAIRNC128SILVC,Apple,"MacBook Air (13-inch, 2011)","A1369 (4GB RAM, 1.7GHz i5)",Wi-Fi,128GB,Silver,C Grade,No Charger,,
3701622,MACBOOKAIR256SPACB,Apple,"MacBook Air (13-inch, 2018)","A1932 (8GB RAM, 1.6GHz i5)",Wi-Fi,256GB,Space Grey,B Grade,"",,
3702311,YOGA260NCDBLCD128BLACC,Lenovo,"Yoga 260 (12.5-inch, 2016)","(4GB RAM, i3 6100U)",Wi-Fi,128GB,Black,C Grade,"No Camera Detected, Broken LCD",,
3702455,MBA13114GBI517128GBSILVPR,Apple,"MacBook Air (13-inch, 2011)","A1369 (4GB RAM, 1.7GHz i5)",Wi-Fi,128GB,Silver,PARTS & REPAIR,"No Charger, Untested - AS-IS - For Parts",,
3702899,MBP15128GBI723256GBSILVPR,Apple,"MacBook Pro (15-inch, Mid 2012)","A1398 (8GB RAM, 2.3GHz i7)",Wi-Fi,256GB,Silver,PARTS & REPAIR,"",,
3702901,MBP13124GBI525500GBSILVPR0003,Apple,"MacBook Pro (13-inch, Mid 2012)","A1278 (4GB RAM, 2.5GHz i5)",Wi-Fi,500GB,Silver,PARTS & REPAIR,"",,
3702907,MACBOOKPRO500SILVPR,Apple,"MacBook Pro (13-inch, Mid 2012)","A1278 (4GB RAM, 2.5GHz i5)",Wi-Fi,500GB,Silver,PARTS & REPAIR,Untested - AS-IS - For Parts,,
3703199,MBP13124GBI525500GBSILVPR0002,Apple,"MacBook Pro (13-inch, Mid 2012)","A1278 (4GB RAM, 2.5GHz i5)",Wi-Fi,500GB,Silver,PARTS & REPAIR,"No Battery Installed, Untested - AS-IS - For Parts",,
3703242,MBP13124GBI525500GBSILVPR,Apple,"MacBook Pro (13-inch, Mid 2012)","A1278 (4GB RAM, 2.5GHz i5)",Wi-Fi,500GB,Silver,PARTS & REPAIR,"No Charger, Untested - AS-IS - For Parts, No Hard Drive",,
3703246,MACBOOKPRONCUASISNHD500SILVPR,Apple,"MacBook Pro (17-inch, Mid 2009)","A1297 (4GB RAM, 2.8GHz Core 2 Duo)",Wi-Fi,500GB,Silver,PARTS & REPAIR,"No Charger, Untested - AS-IS - For Parts, No Hard Drive",,
3703274,MBP151516GBI725512GBSILVD0003,Apple,"MacBook Pro (15-inch, 2015)","A1398 (16GB RAM, 2.5GHz i7)",Wi-Fi,512GB,Silver,D Grade,"Hard Drive unable to be detected - Possible Motherboard Issue, No Hard Drive, Boots to Bios - Untested",,
3703276,MACBOOKPROHDUDPMINHDBBU256SILVPR,Apple,"MacBook Pro (15-inch, 2015)","A1398 (16GB RAM, 2.5GHz i7)",Wi-Fi,512GB,Silver,PARTS & REPAIR,"Hard Drive unable to be detected - Possible Motherboard Issue, No Hard Drive, Boots to Bios - Untested",,
3703465,MACBOOKPRONBIUASISFP250SILVPR,Apple,"MacBook Pro (13-inch, Mid 2010)","A1278 (4GB RAM, 2.4GHz Core 2 Duo)",Wi-Fi,250GB,Silver,PARTS & REPAIR,"No Battery Installed, Untested - AS-IS - For Parts",,
3703517,MACBOOKPRONCUASISFR160SILVPR,Apple,"MacBook (13-inch, 2008)","A1278 (2GB RAM, 2.0GHz Core 2 Duo)",Wi-Fi,160GB,Silver,PARTS & REPAIR,"No Charger, Untested - AS-IS - For Parts",,
3703838,MBA13188GBI516128GBSILVC,Apple,"MacBook Air (13-inch, 2018)","A1932 (8GB RAM, 1.6GHz i5)",Wi-Fi,128GB,Silver,C Grade,"Bad TrackPad, Freezing Board, Broken/Missing Bezel",,
3703843,MBA13188GBI516256GBSILVC,Apple,"MacBook Air (13-inch, 2018)","A1932 (8GB RAM, 1.6GHz i5)",Wi-Fi,256GB,Silver,C Grade,"Bad TrackPad, Freezing Board, Broken/Missing Bezel",,
3703858,MBA13188GBI516256GBSILVD0002,Apple,"MacBook Air (13-inch, 2018)","A1932 (8GB RAM, 1.6GHz i5)",Wi-Fi,256GB,Silver,D Grade,"Bad TrackPad, Freezing Board, Broken/Missing Bezel",,
3704639,MACBOOKAIR256STARA,Apple,"MacBook Air (15-inch, 2022)","A2941 (8GB RAM, M2 8 Core)",Wi-Fi,256GB,Starlight,A Grade,"",,
3705355,MBP1317SILVBM,Apple,"MacBook Pro (13-inch, 2017)",A1706,N/A,N/A,Silver,BM Grade,"",,
3705356,MACBOOKAIRDISPLAYASSEMBLY13SILVBM,Apple,"MacBook Air (13-inch, 2018)",A1932 Display Assembly,N/A,N/A,Silver,BM Grade,"",,
3705418,MBA13188GBI516256GBSILVD,Apple,"MacBook Air (13-inch, 2018)","A1932 (8GB RAM, 1.6GHz i5)",Wi-Fi,256GB,Silver,D Grade,"Bad TrackPad, No Display - Top Case with Logic Board, Freezing Board",,
3705420,MACBOOKAIR256SILVPR2F8,Apple,"MacBook Air (13-inch, 2018)","A1932 (8GB RAM, 1.6GHz i5)",Wi-Fi,256GB,Silver,PARTS & REPAIR,"Bad TrackPad, No Display - Top Case with Logic Board, Freezing Board",,
3705444,MBA13188GBI516128GBSILVPR0002,Apple,"MacBook Air (13-inch, 2018)","A1932 (8GB RAM, 1.6GHz i5)",Wi-Fi,128GB,Silver,PARTS & REPAIR,"Missing Keys, No Boot",,
3705445,MACBOOKAIRMKNB128SPACVPR,Apple,"MacBook Air (13-inch, 2018)","A1932 (8GB RAM, 1.6GHz i5)",Wi-Fi,128GB,Space Grey,PARTS & REPAIR,"Missing Keys, No Boot",,
3705459,IPH16128GBBLUEA,Apple,iPhone 16,A3081,Unlocked,128GB,Blue,A Grade,"",,
3705569,MBP162232GBM21TBSILVA,Apple,"MacBook Pro (16-inch, 2022)","A2780 (32GB RAM, M2 12C/38C)",Wi-Fi,1TB,Silver,A Grade,"",,
3705830,MACBOOKPRO1TBSILVA,Apple,"MacBook Pro (16-inch, 2022)","A2780 (32GB RAM, M2 MAX 12C/38C)",Wi-Fi,1TB,Silver,A Grade,"",,
3708823,MACBOOKPROHDUDPMIBBUNHDSILVPR,Apple,"MacBook Pro (15-inch, 2015)","A1398 (16GB RAM, 2.5GHz i7)",Wi-Fi,NHD,Silver,PARTS & REPAIR,"Hard Drive unable to be detected - Possible Motherboard Issue, No Hard Drive, Boots to Bios - Untested",,
3708824,MACBOOKPRONBAIUNHDSILVPR,Apple,"MacBook Pro (15-inch, 2014)","A1398 (16GB RAM, 2.5GHz i7)",Wi-Fi,NHD,Silver,PARTS & REPAIR,"No Hard Drive, No Boot - As is Untested -",,
3708825,MACBOOKPRONBAIUNHDSILVPR00002,Apple,"MacBook Pro (15-inch, 2013)","A1398 (8GB RAM, 2.3GHz i7)",Wi-Fi,NHD,Silver,PARTS & REPAIR,"No Hard Drive, No Boot - As is Untested -",,
3708897,MACBOOKPRO1TBSILVA00002,Apple,"MacBook Pro (16-inch, 2023)","A2780 (32GB RAM, M2 MAX 12C/38C)",Wi-Fi,1TB,Silver,A Grade,"",,
3710169,MBP151516GBI725512GBSILVD0002,Apple,"MacBook Pro (15-inch, 2015)","A1398 (16GB RAM, 2.5GHz i7)",Wi-Fi,512GB,Silver,D Grade,"No Hard Drive, Good Screen - Motherboard Issue, Freezing Board",,
3710682,X1CARBON13BLCDNHDBLACPR,Lenovo,"X1 Carbon (13-inch, 7th Gen)","(8GB RAM, i5 7300U)",Wi-Fi,NHD,Black,PARTS & REPAIR,"No Hard Drive, Broken LCD",,
3712554,SRFCPRO813218GBI5128GBSILVN,Microsoft,"Surface Pro 8 (13-inch, 2021)","(8GB RAM, i5 1135G7)",Wi-Fi,128GB,Silver,NEW,"",,
3712555,SURFACEPRO9256GBGRAPN,Microsoft,"Surface Pro 9 (13-inch, 2022)","(16GB RAM, i5 1235U)",Wi-Fi,256GB,Graphite,NEW,"",,
3717968,TFUDASHF1516GBI71TBBLACA,ASUS,"Tfu Dash F15 (15-inch, 2021)","(16GB RAM, i7 11307H)",Wi-Fi,1TB,Black,A Grade,"",,
3717969,ROGSTRIXG1620231TBBLACA,ASUS,"Rog Strix G16 (16-inch, 2023)","(16GB RAM, i7 13650HX)",Wi-Fi,1TB,Black,A Grade,"",,
3717985,NITR5158GBI7512GBBLACA,Acer,"Nitro 5 (15-inch, 2020)","(8GB RAM, i7-10750H)",Wi-Fi,512GB,Black,A Grade,"",,
3717987,NITRV15158GBRYZEN512GBBLACA,Acer,"Nitro V15 (15.6-inch, 2020)","(8GB RAM, AMD Ryzen 5 7535HS)",Wi-Fi,512GB,Black,A Grade,"",,
3717993,NITROV152023512GBLACA,Acer,"Nitro V15 (15.6-inch, 2023)","(8GB RAM, AMD Ryzen 5 7535HS)",Wi-Fi,512GB,Black,A Grade,"",,
3717999,MACBOOKPRO512SBLACB,Apple,"MacBook Pro (16-inch, 2024)","A3403 (24GB RAM, M4 Pro 14C 20C)",Wi-Fi,512GB,Space Black,B Grade,"",,
3718735,MBP162318GBM4PRO512GBSPBLB,Apple,"MacBook Pro (16-inch, 2023)","A3403 (18GB RAM, M4 Pro 12C 18C)",Wi-Fi,512GB,Space Black,B Grade,"",,
3718736,MBP162318GBM3PRO512GBSPBLB,Apple,"MacBook Pro (16-inch, 2023)","A3403 (18GB RAM, M3 Pro 12C 18C)",Wi-Fi,512GB,Space Black,B Grade,"",,
3758479,WATCHULTRA249MMGPSCELLULARBLACA,Apple,Watch Ultra 2,49MM GPS,GPS + Cellular,N/A,Black,A Grade,"",,
3758835,MACBOOKPRONDTCWTBBLMK128SILVD,Apple,"MacBook Pro (13-inch, 2017)","A1708 (8GB RAM, 2.3GHz i5)",Wi-Fi,128GB,Silver,D Grade,"No Display - Top Case with Logic Board, Boot Loop, Missing Keys",,
3759500,MACBOOKPRO128SILVC,Apple,"MacBook Pro (13-inch, 2015)","A1502 (8GB RAM, 2.7GHz i5)",Wi-Fi,128GB,Silver,C Grade,"",,
3762324,MACBOOKPRO256SPACB00003,Apple,"MacBook Pro (13-inch, 2017)","A1708 (16GB RAM, 2.5GHz i7)",Wi-Fi,256GB,Space Grey,B Grade,"",,
3763928,MACBOOKAIRNBA1932128SILVB,Apple,"MacBook Air (13-inch, 2019)","A1932 (8GB RAM, 1.6GHz i5)",Wi-Fi,128GB,Silver,B Grade,"",,
3763948,MBP131716GBI725256GBSPACB,Apple,"MacBook Pro (13-inch, 2017)","A1708 (16GB RAM, 2.5GHz i7)",Wi-Fi,256GB,Space Grey,B Grade,LCD Blemish Light,,
3763964,MBP13178GBI523128GBSPACD,Apple,"MacBook Pro (13-inch, 2017)","A1708 (8GB RAM, 2.3GHz i5)",Wi-Fi,128GB,Space Grey,D Grade,No Boot - As is Untested -,,
3763965,MBP13178GBI523128GBSPACPR0003,Apple,"MacBook Pro (13-inch, 2017)","A1708 (8GB RAM, 2.3GHz i5)",Wi-Fi,128GB,Space Grey,PARTS & REPAIR,No Boot - As is Untested -,,
3763966,MACBOOKPROGSMINBAIU128SPACSP,Apple,"MacBook Pro (13-inch, 2017)","A1708 (8GB RAM, 2.3GHz i5)",Wi-Fi,128GB,Space Grey,PARTS & REPAIR,"No Boot - As is Untested -, Good Screen - Motherboard Issue",,
3765662,MBP13178GBI523128GBSPACPR0002,Apple,"MacBook Pro (13-inch, 2017)","A1708 (8GB RAM, 2.3GHz i5)",Wi-Fi,128GB,Space Grey,PARTS & REPAIR,"",,
3765665,MBP13178GBI523128GBSPACPR,Apple,"MacBook Pro (13-inch, 2017)","A1708 (8GB RAM, 2.3GHz i5)",Wi-Fi,128GB,Space Grey,PARTS & REPAIR,Hard Drive unable to be detected - Possible Motherboard Issue,,
3765672,MACBOOKPROGSMIHDUDPMI128SPACSP,Apple,"MacBook Pro (13-inch, 2017)","A1708 (8GB RAM, 2.3GHz i5)",Wi-Fi,128GB,Space Grey,PARTS & REPAIR,"Hard Drive unable to be detected - Possible Motherboard Issue, Good Screen - Motherboard Issue",,
3765998,MACBOOKPROBBMK256SPACB,Apple,"MacBook Pro (13-inch, 2017)","A1708 (16GB RAM, 2.5GHz i7)",Wi-Fi,256GB,Space Grey,B Grade,"Missing Keys, Broken Button(s)",,
3766019,MACBOOKPROLCDBL256SPACD,Apple,"MacBook Pro (13-inch, 2017)","A1708 (16GB RAM, 2.5GHz i7)",Wi-Fi,256GB,Space Grey,C Grade,LCD Blemish Light,,
3766022,MACBOOKPRO256SPACA00002,Apple,"MacBook Pro (13-inch, 2017)","A1708 (16GB RAM, 2.5GHz i7)",Wi-Fi,256GB,Space Grey,A Grade,"",,
3767454,MBP132016GBI5512GBSILVA0003,Apple,"MacBook Pro (13-inch, 2020)","A2251 (16GB RAM, 2GHz i5)",Wi-Fi,512GB,Silver,A Grade,MDM Bypassed,,
3767706,MBP161916GBI9231TBSPACB,Apple,"MacBook Pro (16-inch, 2019)","A2141 (16GB RAM, 2.3GHz i9)",Wi-Fi,1TB,Space Grey,B Grade,MDM Bypassed,,
3767709,MBP161916GBI9231TBSILVB,Apple,"MacBook Pro (16-inch, 2019)","A2141 (16GB RAM, 2.3GHz i9)",Wi-Fi,1TB,Silver,B Grade,MDM Bypassed,,
3769322,PLAYSTATION5CFI-1015A1TBBLACB,Sony,PlayStation 5 Disc,CFI-1015A,Wi-Fi,1TB,Black,B Grade,"",,
3769369,SAMTABA964GBBLACA,Samsung,Galaxy Tab A9+,SM-X210,Unlocked,64GB,Black,A Grade,"",,
3769370,WATCHSERIES1046MMGPSCELLULARBLACA,Apple,Watch Series 10,46MM GPS,GPS + Cellular,N/A,Jet Black,A Grade,"",,
3770886,IPHONE15PROMAXICLA2849256NTITAC,Apple,iPhone 15 Pro Max,A2849,Unlocked,256GB,Natural Titanium,C Grade,iCloud Locked,,
3770887,GALAXYS215GCFGSM-G991128GREYC,Samsung,Galaxy S21 5G,SM-G991,Wi-Fi,128GB,Grey,C Grade,Cracked Front Glass,,
3770896,MBA13228GBM2256GBSILVBM,Apple,"MacBook Air (13-inch, 2022)","A2681 (8GB RAM, M2 8 Core)",Wi-Fi,256GB,Silver,BM Grade,"",,
3770900,MACBOOKAIR256SPACBM00002,Apple,"MacBook Air (13-inch, 2022)","A2681 (8GB RAM, M2 8 Core)",Wi-Fi,256GB,Space Grey,BM Grade,"",,
3770911,ROG15INCH8GBI5256GBBLACO,ASUS,"ROG (15-inch, 2019)","(8GB RAM, i5 9750H)",Wi-Fi,256GB,Black,OPEN BOX,"",,
3770913,VIVOBOOKGO2023256MBLACO,ASUS,"VivoBook Go (15.6-inch, 2023)","(8GB RAM, i3 N305)",Wi-Fi,256GB,Mixed Black,OPEN BOX,"",,
3772141,GALAXYA03CORESM-A032F/DS32GBBLACA,Samsung,Galaxy A03 Core,SM-A032F/DS,Wi-Fi,32GB,Black,A Grade,"",,
3786660,MBP151916GBI726256GBSPACB0003,Apple,"MacBook Pro (15-inch, 2019)","A1990 (16GB RAM, 2.6GHz i7)",Wi-Fi,256GB,Space Grey,B Grade,"",,
3786666,MBP151916GBI726256GBSPACB0002,Apple,"MacBook Pro (15-inch, 2019)","A1990 (16GB RAM, 2.6GHz i7)",Wi-Fi,256GB,Space Grey,B Grade,iCloud Locked,,
3787529,IPH12PROMAX128GBGOLDA,Apple,iPhone 12 Pro Max,A2342,Unlocked,128GB,Gold,A Grade,"",,
3788679,MACBOOKPRO25,Apple,"MacBook Pro (15-inch, 2019)","A1990 (16GB RAM, 2.6GHz i7)",Wi-Fi,256GB,Space Grey,A Grade,"",,
3788775,MACBOOKPRO1TBSILVB,Apple,"MacBook Pro (16-inch, 2019)","A2141 (16GB RAM, 2.3GHz i9)",Wi-Fi,1TB,Silver,B Grade,"",,
3789191,PLAYSTATION5DISC1TBWHITB,Sony,PlayStation 5 Disc,CFI-1215A,Wi-Fi,1TB,White,B Grade,"",,
3789484,PS5WHITB,Sony,PlayStation 5,Controller,Bluetooth,N/A,White,B Grade,"",,
3789487,DUALSENSECONTROLLERBLUEWHITBLOCAL,Sony,PlayStation 5,DualSense Controller (CFI-ZCT1W),Bluetooth,N/A,White,B Grade,"",,
3790433,MBA13198GBI516256GOLDC0002,Apple,"MacBook Air (13-inch, 2019)","A1932 (8GB RAM, 1.6GHz i5)",Wi-Fi,256,Gold,C Grade,"",,
3790435,MBA13198GBI516256GOLDC,Apple,"MacBook Air (13-inch, 2019)","A1932 (8GB RAM, 1.6GHz i5)",Wi-Fi,256,Gold,C Grade,LCD Blemish Light,,
3790505,"MACBOOKPRO1A199016GB,2.3I9512SPGBM",Apple,"MacBook Pro (15-inch, 2019)","A1990 (16GB RAM, 2.3GHz i9)",Wi-Fi,512GB,Space Grey,BM Grade,"",,
3790561,MBP142116GBM1PRO512GBSPACB0004,Apple,"Macbook Pro (14-inch, 2021)","A2442 (16GB RAM, M1 Pro)",Wi-Fi,512GB,Space Grey,B Grade,"",,
3790562,MACBOOKPRO512SPACBM00003,Apple,"Macbook Pro (14-inch, 2021)","A2442 (16GB RAM, M1 Pro)",Wi-Fi,512GB,Space Grey,BM Grade,"",,
3790577,MACBOOKPRO512SPACC00005,Apple,"Macbook Pro (14-inch, 2021)","A2442 (16GB RAM, M1 Pro)",Wi-Fi,512GB,Space Grey,C Grade,"",,
3790586,MBP132016GBI51TBSPACA,Apple,"MacBook Pro (13-inch, 2020)","A2251 (16GB RAM, 2GHz i5)",Wi-Fi,1TB,Space Grey,A Grade,"",,
3790675,MACBOOKPRO512SILVB00004,Apple,"MacBook Pro (16-inch, 2019)","A2141 (16GB RAM, 2.6GHz i7)",Wi-Fi,512GB,Silver,B Grade,"",,
3790697,MACBOOKPRO256SPACBM00003,Apple,"MacBook Pro (13-inch, 2019)","A2159 (8GB RAM, 2.4GHz i5)",Wi-Fi,256GB,Space Grey,BM Grade,"",,
3790772,MACBOOKAIRA1932128SPACBM,Apple,"MacBook Air (13-inch, 2019)","A1932 (8GB RAM, 1.6GHz i5)",Wi-Fi,128GB,Space Grey,BM Grade,"",,
3790773,MACBOOKAIR1A19321.6GHZI5256SPACBM,Apple,"MacBook Air (13-inch, 2019)","A1932 (8GB RAM, 1.6GHz i5)",Wi-Fi,256GB,Space Grey,BM Grade,"",,
3790777,MACBOOKAIR512SILVB00003,Apple,"MacBook Air (13-inch, 2020)","A2337 (8GB RAM, M1 8 Core)",Wi-Fi,512GB,Silver,B Grade,"",,
3790778,MACBOOKAIR512SILVA,Apple,"MacBook Air (13-inch, 2020)","A2337 (8GB RAM, M1 8 Core)",Wi-Fi,512GB,Silver,A Grade,"",,
3790796,MACBOOKAIR256SPACBM,Apple,"MacBook Air (13-inch, 2020)","A2337 (8GB RAM, M1 8 Core)",Wi-Fi,256GB,Space Grey,BM Grade,"",,
3790797,MACBOOKAIR512SPACBM00002,Apple,"MacBook Air (13-inch, 2020)","A2337 (16GB RAM, M1 8 Core)",Wi-Fi,512GB,Space Grey,BM Grade,"",,
3790799,MBA13208GBI511256GBSPACC0002,Apple,"MacBook Air (13-inch, 2020)","A2179 (8GB RAM, 1.1GHz i5)",Wi-Fi,256GB,Space Grey,C Grade,"",,
3790816,MBA13208GBI511256GBSPACC,Apple,"MacBook Air (13-inch, 2020)","A2179 (8GB RAM, 1.1GHz i5)",Wi-Fi,256GB,Space Grey,C Grade,LCD Blemish Light,,
3790885,MACBOOKPRO1TBSPACB00002,Apple,"MacBook Pro (15-inch, 2018)","A1990 (16GB RAM, 2.9GHz i9)",Wi-Fi,1TB,Space Grey,B Grade,"",,
3790936,MACBOOKPRO512SPACBM00002,Apple,"MacBook Pro (13-inch, 2018)","A1989 (8GB RAM, 2.3GHz i5)",Wi-Fi,512GB,Space Grey,BM Grade,"",,
3790945,MACBOOKPRO1TBSPACB00005,Apple,"MacBook Pro (13-inch, 2020)","A2251 (16GB RAM, 2GHz i5)",Wi-Fi,1TB,Space Grey,B Grade,"",,
3791849,MACBOOKPRO256SPACBM00002,Apple,"MacBook Pro (13-inch, 2019)","A2159 (8GB RAM, 1.4GHz i5)",Wi-Fi,256GB,Space Grey,BM Grade,"",,
3791900,MBA1932i58128SLVB,Apple,"MacBook Air (13-inch, 2018)","A1932 (8GB RAM, 1.6GHz i5)",Wi-Fi,128GB,Silver,B Grade,"",,
3791901,MACBOOKAIR256SILVB00002,Apple,"MacBook Air (13-inch, 2018)","A1932 (8GB RAM, 1.6GHz i5)",Wi-Fi,256GB,Silver,B Grade,"",,
3791928,MACBOOKPRO512SPACB00007,Apple,"MacBook Pro (13-inch, 2020)","A2251 (16GB RAM, 2GHz i5)",Wi-Fi,512GB,Space Grey,B Grade,"",,
3791934,MBP161964GBI9242TBSPACA,Apple,"MacBook Pro (16-inch, 2019)","A2141 (64GB RAM, 2.4GHz i9)",Wi-Fi,2TB,Space Grey,A Grade,"",,
3791937,MACBOOKPRO2TBSILVA,Apple,"MacBook Pro (16-inch, 2019)","A2141 (64GB RAM, 2.4GHz i9)",Wi-Fi,2TB,Silver,A Grade,"",,
3791964,MACBOOKPRO256SPACB00010,Apple,"MacBook Pro (13-inch, 2020)","A2338 (8GB RAM, M1)",Wi-Fi,256GB,Space Grey,B Grade,"",,
3791965,MACBOOKPRO256SPACBM00004,Apple,"MacBook Pro (13-inch, 2020)","A2338 (8GB RAM, M1)",Wi-Fi,256GB,Space Grey,BM Grade,"",,
3792021,XBOXSERIESSALLDIGITAL512GBRWHITA,Microsoft,Xbox Series S,All-Digital Robot White,Wi-Fi,512GB,White,A Grade,"",,
3792038,MBA13208GBI511256GBSPACBM,Apple,"MacBook Air (13-inch, 2020)","A2179 (8GB RAM, 1.1GHz i5)",Wi-Fi,256GB,Space Grey,BM Grade,"",,
3792039,MACBOOKAIR512SPACC,Apple,"MacBook Air (13-inch, 2020)","A2179 (8GB RAM, 1.1GHz i5)",Wi-Fi,512GB,Space Grey,C Grade,"",,
3792055,TBD,Microsoft,Xbox Wireless Controller,4th Generation,Wi-Fi,-,Nocturnal Vapor Special Edition,A Grade,"",,
3792067,XBOXNCVPB,Microsoft,Xbox Wireless Controller,4th Generation,Wi-Fi,N/A,Nocturnal Vapor Special Edition,B Grade,"",,
3792069,XBOXWIRELESSCONTROLLER4THGENNOCTA,Microsoft,Xbox Wireless Controller,4th Generation,Wi-Fi,N/A,Nocturnal Vapor Special Edition,A Grade,"",,
3792075,XBOXVLGRB,Microsoft,Xbox Wireless Controller,4th Generation,Wi-Fi,N/A,Velocity Green,B Grade,"",,
3792099,XBOXWIRELESSCONTROLLER4THGENGREEA,Microsoft,Xbox Wireless Controller,4th Generation,Wi-Fi,N/A,Velocity Green,A Grade,"",,
3792656,MACBOOKAIR2N2256ROSECD,Apple,"MacBook Air (13-inch, 2020)","A2337 (8GB RAM, M1 8 Core)",Wi-Fi,256GB,Rose Gold,CD Grade,"",,
3792658,MBA13208GBM1256GBROSGCD0002,Apple,"MacBook Air (13-inch, 2020)","A2337 (8GB RAM, M1 8 Core)",Wi-Fi,256GB,Rose Gold,CD Grade,Hairline Crack on Glass,,
3792659,MACBOOKAIR256ROSECD,Apple,"MacBook Air (13-inch, 2020)","A2337 (8GB RAM, M1 8 Core)",Wi-Fi,256GB,Rose Gold,CD Grade,Hairline Crack on Corner of Screen,,
3793076,MACBOOKPRO1A199016GB23GHZI91TBSPBM,Apple,"MacBook Pro (15-inch, 2019)","A1990 (16GB RAM, 2.3GHz i9)",Wi-Fi,1TB,Space Grey,BM Grade,"",,
3793079,MBA13208GBM1256GBROSGCD,Apple,"MacBook Air (13-inch, 2020)","A2337 (8GB RAM, M1 8 Core)",Wi-Fi,256GB,Rose Gold,CD Grade,LCD Blemish Heavy,,
3793080,MACBOOKAIRLCDBH256SPACCD,Apple,"MacBook Air (13-inch, 2020)","A2337 (8GB RAM, M1 8 Core)",Wi-Fi,256GB,Silver,CD Grade,LCD Blemish Heavy,,
3793083,MACBOOKPRO512SPACB00005,Apple,"MacBook Pro (15-inch, 2019)","A1990 (16GB RAM, 2.3GHz i9)",Wi-Fi,512GB,Space Grey,B Grade,"",,
3793090,MBP132016GBI5512GBSPACCD,Apple,"MacBook Pro (13-inch, 2020)","A2251 (16GB RAM, 2GHz i5)",Wi-Fi,512GB,Space Grey,CD Grade,"",,
3793091,MACBOOKPROLCDBL512SPACCD,Apple,"MacBook Pro (13-inch, 2020)","A2251 (16GB RAM, 2GHz i5)",Wi-Fi,512GB,Space Grey,CD Grade,LCD Blemish Light,,
3793093,MBP13208GBI514256GBSPACCD0002,Apple,"MacBook Pro (13-inch, 2020)","A2251 (8GB RAM, 1.4GHz i5)",Wi-Fi,256GB,Space Grey,CD Grade,"",,
3793094,MACBOOKPRODAB256SPACD,Apple,"MacBook Pro (13-inch, 2020)","A2251 (8GB RAM, 1.4GHz i5)",Wi-Fi,256GB,Space Grey,CD Grade,Display Assembly Bend,,
3793095,MACBOOKAIRA1932128GOLDBM,Apple,"MacBook Air (13-inch, 2019)","A1932 (8GB RAM, 1.6GHz i5)",Wi-Fi,128GB,Gold,BM Grade,"",,
3793096,MBA1932I58128RGBM,Apple,"MacBook Air (13-inch, 2018)","A1932 (8GB RAM, 1.6GHz i5)",Wi-Fi,128GB,Rose Gold,BM Grade,"",,
3793097,MBP132016GBI5512GBSILVB,Apple,"MacBook Pro (13-inch, 2020)","A2251 (16GB RAM, 2GHz i5)",Wi-Fi,512GB,Silver,B Grade,"",,
3793099,MACBOOKPRO512SILVB00005,Apple,"MacBook Pro (13-inch, 2020)","A2251 (16GB RAM, 2GHz i5)",Wi-Fi,512GB,Silver,B Grade,Broken LCD,,
3793100,MACBOOKPROBL1TBSILVB,Apple,"MacBook Pro (16-inch, 2019)","A2141 (16GB RAM, 2.3GHz i9)",Wi-Fi,1TB,Silver,B Grade,Boot Loop,,
3793101,MBP132116GBM1512GBSPACA,Apple,"MacBook Pro (13-inch, 2021)","A2338 (16GB RAM, M1 8 Core)",Wi-Fi,512GB,Space Grey,A Grade,"",,
3793103,MACBOOKPRO512SPACB00009,Apple,"MacBook Pro (13-inch, 2021)","A2338 (16GB RAM, M1 8 Core)",Wi-Fi,512GB,Space Grey,B Grade,"",,
3793118,SRFCPRO11132416GB256GBPLATN,Microsoft,"Surface Pro 11 (13-inch, 2024)","(16GB RAM, Snapdragon X Plus)",Wi-Fi,256GB,Platinum,NEW,"",,
3793119,SURFACEPRO11256PLATB,Microsoft,"Surface Pro 11 (13-inch, 2024)","(16GB RAM, Snapdragon X Plus)",Wi-Fi,256GB,Platinum,B Grade,"",,
3793713,MACBOOKAIRLCDBL256SPACCD,Apple,"MacBook Air (13-inch, 2020)","A2179 (8GB RAM, 1.1GHz i5)",Wi-Fi,256GB,Space Grey,CD Grade,LCD Blemish Light,,
3793714,MBA13198GBI516256GOLDD,Apple,"MacBook Air (13-inch, 2019)","A1932 (8GB RAM, 1.6GHz i5)",Wi-Fi,256,Gold,D Grade,LCD Blemish Light,,
3793715,MACBOOKAIRLCDBL256GOLDCD,Apple,"MacBook Air (13-inch, 2019)","A1932 (8GB RAM, 1.6GHz i5)",Wi-Fi,256,Gold,CD Grade,LCD Blemish Light,,
3797514,IPH15PROMAX256GBNABLA,Apple,iPhone 15 Pro Max,A2849,Unlocked,256GB,Natural Black,A Grade,"",,
3797702,MACBOOKPROLCDBL256SPACD00002,Apple,"MacBook Pro (13-inch, 2017)","A1708 (16GB RAM, 2.5GHz i7)",Wi-Fi,256GB,Space Grey,CD Grade,LCD Blemish Light,,
3798627,MACBOOKPRO1TBSPACBM,Apple,"MacBook Pro (15-inch, 2019)","A1990 (32GB RAM, 2.3GHz i9)",Wi-Fi,1TB,Space Grey,BM Grade,"",,
3799915,IPH13128GBGREEA,Apple,iPhone 13,A2482,Wi-Fi,128GB,Green,A Grade,"",,
3799919,SAMA515G64GBBLACB,Samsung,Galaxy A51 5G,SM-A515U,Unlocked,64GB,Black,B Grade,"",,
3799920,GALAXYA50SM-A505W64GBBLACB,Samsung,Galaxy A50,SM-A505W,Unlocked,64GB,Black,B Grade,"",,
3799921,GALAXYTABA2019SM-T29532BLACA,Samsung,"Galaxy Tab A (8-inch, 2019)",T295,Unlocked,32GB,Black,A Grade,"",,
3799925,MBA13208GBM1256GBSPACA0002,Apple,"MacBook Air (13-inch, 2020)","A2337 (8GB RAM, M1 8 Core)",Wi-Fi,256GB,Space Grey,A Grade,iCloud Locked,,
3799926,MBP13188GBI523512GBSPACB,Apple,"MacBook Pro (13-inch, 2018)","A1989 (8GB RAM, 2.3GHz i5)",Wi-Fi,512GB,Space Grey,B Grade,iCloud Locked,,
3799928,AIRPODSMAXSPACC,Apple,AirPods MAX,A2096,Wi-Fi,N/A,Space Grey,C Grade,"",,
3799930,AIRPODSSPACC,Apple,AirPods,A2096,Wi-Fi,N/A,Space Grey,C Grade,"",,
3800226,GALAXYA50SM-A505W64GBWHITB,Samsung,Galaxy A50,SM-A505W,Unlocked,64GB,White,B Grade,"",,
3802230,IPH15PRO128GBBLUEA,Apple,iPhone 15 Pro,A2849,Unlocked,128GB,Blue,A Grade,"",,
3802846,SRFCPRO11132416GB256GBPLATO,Microsoft,"Surface Pro 11 (13-inch, 2024)","(16GB RAM, Snapdragon X Plus)",Wi-Fi,256GB,Platinum,OPEN BOX,"",,
3802849,SURFACEPRO111TBPLACO,Microsoft,"Surface Pro 11 (13-inch, 2024)","(16GB RAM, Snapdragon X Plus)",Wi-Fi,1TB,Black,OPEN BOX,"",,
3804833,IPH15PRO128GBBLUECD,Apple,iPhone 15 Pro,A2849,Unlocked,128GB,Blue,CD Grade,"",,
3804863,MBP162436GBM4MAX1TBSPBLB0002,Apple,"MacBook Pro (16-inch, 2024)","A3186 (36GB RAM, M4 MAX 14C 32C)",Wi-Fi,1TB,Space Black,B Grade,"",,
3804864,MACMINIA3238256GBSILVA,Apple,Mac Mini,"A3238 (16GB RAM, M4 10C 10C)",Wi-Fi,256GB,Silver,A Grade,"",,
3804867,MBA13208GBI311256GBSPACPR,Apple,"MacBook Air (13-inch, 2020)","A2179 (8GB RAM, 1.1GHz i3)",Wi-Fi,256GB,Space Grey,PARTS & REPAIR,Broken LCD,,
3804868,MACBOOKAIRBNBCBLCD256SPACPR,Apple,"MacBook Air (13-inch, 2020)","A2179 (8GB RAM, 1.1GHz i3)",Wi-Fi,256GB,Space Grey,PARTS & REPAIR,"Bend in Body (Chassis), Broken LCD",,
3805704,MACBOOKPROSNDTD256SPACCD,Apple,"MacBook Pro (13-inch, 2021)","A2338 (8GB RAM, M1 8 Core)",Wi-Fi,256GB,Space Grey,C Grade,"Speaker not Detected, Touchbar Defective",,
3806647,MACBOOKPROSNDTD256SPACCD00002,Apple,"MacBook Pro (13-inch, 2021)","A2338 (8GB RAM, M1 8 Core)",Wi-Fi,256GB,Space Grey,CD Grade,"Speaker not Detected, Touchbar Defective",,
3807911,MACBOOKAIR512SPACBM,Apple,"MacBook Air (13-inch, 2019)","A1932 (8GB RAM, 1.6GHz i5)",Wi-Fi,512GB,Space Grey,BM Grade,"",,
3809077,IMAC20192TBFDSILVA,Apple,"iMac (27-inch, 5K, 2019)","A2115 (40GB RAM, 3.7GHz 6 Core i5)",Wi-Fi,2TB Fusion Drive,Silver,A Grade,"",,
3809112,IPHONE12PRONBA2341128GBLUEC,Apple,iPhone 12 Pro,A2341,Unlocked,128GB,Pacific Blue,C Grade,Battery Replaced - 100% Health with Warning,,
3809704,MACBOOKAIRLCDBL512SPACCD,Apple,"MacBook Air (13-inch, 2020)","A2179 (8GB RAM, 1.1GHz i5)",Wi-Fi,512GB,Space Grey,CD Grade,LCD Blemish Light,,
3810283,IPHONE12PRONBA2341128WHITC,Apple,iPhone 12 Pro,A2341,Unlocked,128GB,White,C Grade,Battery Replaced - 100% Health with Warning,,
3810453,SURFACEPRO89XSIGNATURECOVERBLUEA,Microsoft,"Surface Pro 8,9,X",Signature Keyboard Cover,N/A,N/A,Blue (Alcantara),A Grade,"",,
3810478,PLAYSTATION4FIFA18GAMEA,Sony,PlayStation 4,Game,N/A,FIFA 18,N/A,A Grade,"",,
3810479,PLAYSTATION4DESTINYGAMEA,Sony,PlayStation 4,Game,N/A,Destiny,N/A,A Grade,"",,
3810480,PLAYSTATION4GTA5GAMEA,Sony,PlayStation 4,Game,N/A,Grand Theft Auto 5,N/A,A Grade,"",,
3810482,PLAYSTATION4CODAW-DZEROEDA,Sony,PlayStation 4,Game,N/A,Call of Duty Advanced Warefare - Day Zero Edition,N/A,A Grade,"",,
3810545,XBOXNCVPD0002,Microsoft,Xbox Wireless Controller,4th Generation,Wi-Fi,N/A,Nocturnal Vapor Special Edition,D Grade,"",,
3810547,XBOXNCVPD,Microsoft,Xbox Wireless Controller,4th Generation,Wi-Fi,N/A,Nocturnal Vapor Special Edition,D Grade,Key Not Working,,
3810550,XBOXWIRELESSCONTROLLER4THGENWHITD,Microsoft,Xbox Wireless Controller,4th Generation,Wi-Fi,N/A,White,D Grade,Key Not Working,,
3810585,XBOXSERIESSALLDIGITAL512GBWHITB,Microsoft,Xbox Series S,All-Digital Robot White,Wi-Fi,512GB,White,B Grade,"",,
3810689,IPHONE14A2881128GBPURPA,Apple,iPhone 14,A2881,Unlocked,128GB,Purple,A Grade,"",,
3810692,IPHONE12A2172128GBBLUEB,Apple,iPhone 12,A2172,Unlocked,128GB,Blue,B Grade,"",,
3810698,IPAD5THGENA182332GBGOLDB,Apple,iPad 5th Gen,A1823,Unlocked,32GB,Gold,B Grade,"",,
3810702,LATITUDE7480256BLACB,Dell,"Latitude 7480 (14-inch, 2017)","(16GB RAM, i5 6300U)",Wifi,256GB,Black,B Grade,"",,
3814956,IPHONE7A177832GBLACBM,Apple,iPhone 7,A1778,Unlocked,32GB,Black,BM Grade,"",,
3814957,IPHONE7A1778128GBLACBM,Apple,iPhone 7,A1778,Unlocked,128GB,Black,BM Grade,"",,
3815344,MBP162318GBM3PRO512GBSPBLC,Apple,"MacBook Pro (16-inch, 2023)","A3403 (18GB RAM, M3 Pro 12C 18C)",Wi-Fi,512GB,Space Black,C Grade,"",,
3815389,MBP13168GBI529256GBSPACPR,Apple,"Macbook Pro (13-inch, 2016)","A1706 (8GB RAM, 2.9GHz i5)",Wi-Fi,256GB,Space Grey,PARTS & REPAIR,Broken LCD,,
3815993,G515INCH32GBI5512GBBLACBM,Gigabyte,"G5 (15-inch, 2022)","(32GB RAM, i5-12500H)",Wi-Fi,512GB,Black,BM Grade,"",,
3815995,AERO15KC152020512BLACBM,Gigabyte,"Aero 15 KC (15-inch OLED, 2020)","(16GB RAM, i7-10870H)",Wi-Fi,512GB,Black,BM Grade,"",,
3816001,SPECX3601516GBI7512GBASSIC,HP,"Spectre x360 (15-inch, 2018)","(16GB RAM, i7 8565U)",Wi-Fi,512GB,Ash Silver,C Grade,"",,
3816002,SPECX3601516GBI7512GBASSIPR0002,HP,"Spectre x360 (15-inch, 2018)","(16GB RAM, i7 8565U)",Wi-Fi,512GB,Ash Silver,PARTS & REPAIR,"",,
3816003,SPECX3601516GBI7512GBASSIPR,HP,"Spectre x360 (15-inch, 2018)","(16GB RAM, i7 8565U)",Wi-Fi,512GB,Ash Silver,PARTS & REPAIR,No Boot,,
3816004,SPECTREX360152018UASISNB512SILVPR,HP,"Spectre x360 (15-inch, 2018)","(16GB RAM, i7 8565U)",Wi-Fi,512GB,Ash Silver,PARTS & REPAIR,"Untested - AS-IS - For Parts, No Boot",,
3816005,MBA13158GBI516128GBSILVPR,Apple,"MacBook Air (13-inch, 2015)","A1466 (8GB RAM, 1.6GHz i5)",Wi-Fi,128GB,Silver,PARTS & REPAIR,"",,
3816006,MACBOOKAIRFB128SILVPR,Apple,"MacBook Air (13-inch, 2015)","A1466 (8GB RAM, 1.6GHz i5)",Wi-Fi,128GB,Silver,PARTS & REPAIR,Freezing Board,,
3816007,MACBOOKPROBLCD256SILVPR,Apple,"Macbook Pro (13-inch, 2016)","A1706 (8GB RAM, 2.9GHz i5)",Wi-Fi,256GB,Silver,PARTS & REPAIR,Broken LCD,,
3816009,MBP162318GBM3PRO512GBSPBLBM,Apple,"MacBook Pro (16-inch, 2023)","A3403 (18GB RAM, M3 Pro 12C 18C)",Wi-Fi,512GB,Space Black,BM Grade,"",,
3816117,VIVOX540158GB1TBSILVO,ASUS,"VivoBook X540B (15.6-inch, 2020)","(8GB RAM, A9 9425)",Wi-Fi,1TB,Silver Gradient,OPEN BOX,"",,
3816118,VIVOBOOKX540B20201TBHDSILGO,ASUS,"VivoBook X540B (15.6-inch, 2020)","(8GB RAM, A9 9425)",Wi-Fi,1TB HDD,Silver Gradient,OPEN BOX,"",,
3816119,MACBOOKPRONDTCLBSPACC,Apple,"MacBook Pro (13-inch, 2019)","A2159 (8GB RAM, 1.4GHz i5)",Wi-Fi,128GB,Space Grey,C Grade,No Display - Top Case with Logic Board,,
3816122,MBP13178GBI523256GBSILVPR,Apple,"MacBook Pro (13-inch, 2017)","A1708 (8GB RAM, 2.3GHz i5)",Wi-Fi,256GB,Silver,PARTS & REPAIR,Broken LCD,,
3816123,MBP1317SILVPR,Apple,"MacBook Pro (13-inch, 2017)",A1708,N/A,N/A,Silver,PARTS & REPAIR,Broken LCD,,
3816124,MACBOOKPROSILVPR,Apple,"MacBook Pro (13-inch, 2017)",A1708,N/A,N/A,Silver,PARTS & REPAIR,"",,
3816125,MBA13208GBI311256GBSPACB0002,Apple,"MacBook Air (13-inch, 2020)","A2179 (8GB RAM, 1.1GHz i3)",Wi-Fi,256GB,Space Grey,B Grade,No Display - Top Case with Logic Board,,
3816126,MACBOOKAIRNDTCLB256SPACP,Apple,"MacBook Air (13-inch, 2020)","A2179 (8GB RAM, 1.1GHz i3)",Wi-Fi,256GB,Space Grey,PARTS & REPAIR,No Display - Top Case with Logic Board,,
3816172,VPCC1556GBI523640GBBLUECD,Sony,"VPCCB27FD (15.5-inch, 2011)","(6GB RAM, i5 2.3GHz )",Wi-Fi,640GB,Blue,CD Grade,"",,
3816173,SONYVPCCB27FDBBPLG640BLUECD,Sony,"VPCCB27FD (15.5-inch, 2011)","(6GB RAM, i5 2.3GHz )",Wi-Fi,640GB,Blue,CD Grade,Bad Battery - Only works Plugged in,,
3816174,ASPIES174GB500GBMDBLCD,Acer,"Aspire Es 17(17.3-inch, 2019)","ES 1732(4GB RAM, N4200)",Wi-Fi,500GB,Midnight Black,CD Grade,"",,
3816175,ASPIREES1732BBPLG500MIDNCD,Acer,"Aspire Es 17(17.3-inch, 2019)","ES 1732(4GB RAM, N4200)",Wi-Fi,500GB,Midnight Black,CD Grade,Bad Battery - Only works Plugged in,,
3819662,IPHONE14A288256GBPURPA,Apple,iPhone 14,A2881,Unlocked,256GB,Purple,A Grade,"",,
3819673,IPADMINI416GBWHITCD0002,Apple,iPad mini 4,A1550,Wi-Fi & Cellular,16GB,White,CD Grade,Broken LCD,,
3819680,IPADMINI416GBWHITCD,Apple,iPad mini 4,A1550,Wi-Fi & Cellular,16GB,White,CD Grade,LCD Blemish Heavy,,
3820001,IPH6S64GBSILVCD,Apple,iPhone 6S,A1633,Unlocked,64GB,Silver,CD Grade,"",,
3820002,IPHONE6SA163364SILVC,Apple,iPhone 6S,A1633,Unlocked,64GB,Silver,C Grade,"",,
3820003,IPH6S64GBSILVC,Apple,iPhone 6S,A1633,Unlocked,64GB,Silver,C Grade,LCD Blemish Light,,
3820016,IPHONE6SLCDBLA168864GSPACCD,Apple,iPhone 6S,A1688,Unlocked,64GB,Space Grey,C Grade,LCD Blemish Light,,
3820259,IPADMINI4LCDBMCELLULARA155016GBSCD,Apple,iPad mini 4,A1550,Wi-Fi & Cellular,16GB,Silver,CD Grade,LCD Blemish Heavy,,
3820792,WATCHSERIES945MMGPSN/AMIDNB,Apple,Watch Series 9,45MM GPS,GPS,N/A,Midnight,B Grade,"",,
3820966,WATCHSERIES945MMGPSN/ASILVB,Apple,Watch Series 9,45MM GPS,GPS,N/A,Silver Winter Blue,B Grade,"",,
3820970,IPHONE6SLCDBLA168864GBSPACCD,Apple,iPhone 6S,A1688,Unlocked,64GB,Space Grey,CD Grade,LCD Blemish Light,,
3824327,IPH14PROMAX128GBSPBLA,Apple,iPhone 14 Pro Max,A2561,Unlocked,128GB,Space Black,A Grade,Service Battery Warning,,
3824330,IPH14PROMAX128GBGOLDA0002,Apple,iPhone 14 Pro Max,A2894,Unlocked,128GB,Gold,A Grade,Service Battery Warning,,
3830125,SURFACEPRO4BLCD128SILVD,Microsoft,"Surface Pro 4 (12-inch, 2016)","(4GB RAM, i5 6300U)",Wi-Fi,128GB,Silver,D Grade,Broken LCD,,
3830332,MBP132016GBI5512GBSILVA0002,Apple,"MacBook Pro (13-inch, 2020)","A2251 (16GB RAM, 2GHz i5)",Wi-Fi,512GB,Silver,A Grade,Broken LCD,,
3830542,SURFACEPRO6256SILVB,Microsoft,"Surface Pro 6 (12-inch, 2018)","(8GB RAM, i7 8650U)",Wi-Fi,256GB,Silver,B Grade,"",,
3830563,24GNBLACCD0002,LG,24GN60R,24-inch Monitor,HDMI,N/A,Black,CD Grade,"",,
3830564,24GNBLACCD,LG,24GN60R,24-inch Monitor,HDMI,N/A,Black,CD Grade,Cracked Front Glass,,
3830566,G8THINQCFCLMG820UM2128BLACCD,LG,G8 ThinQ,LMG820UM2,4G,128GB,Black,CD Grade,Cracked Front Glass,,
3831300,SRFCPRO412164GBI5128GBSILVCD0002,Microsoft,"Surface Pro 4 (12-inch, 2016)","(4GB RAM, i5 6300U)",Wi-Fi,128GB,Silver,CD Grade,"",,
3831301,SURFACEPRO4BBOWPI128SILVCD,Microsoft,"Surface Pro 4 (12-inch, 2016)","(4GB RAM, i5 6300U)",Wi-Fi,128GB,Silver,CD Grade,Bad Battery - Only works Plugged in,,
3831306,SRFCPRO412164GBI5128GBSILVC,Microsoft,"Surface Pro 4 (12-inch, 2016)","(4GB RAM, i5 6300U)",Wi-Fi,128GB,Silver,C Grade,LCD Shadow on Edges/Corners,,
3831307,SURFACEPRO4LCDSEC128SILVCD,Microsoft,"Surface Pro 4 (12-inch, 2016)","(4GB RAM, i5 6300U)",Wi-Fi,128GB,Silver,CD Grade,LCD Shadow on Edges/Corners,,
3831384,SURFACEPRO4TNW128SILVCD,Microsoft,"Surface Pro 4 (12-inch, 2016)","(4GB RAM, i5 6300U)",Wi-Fi,128GB,Silver,CD Grade,Touch Not Working,,
3831388,SURFACEPRO4CFC128SILVCD,Microsoft,"Surface Pro 4 (12-inch, 2016)","(4GB RAM, i5 6300U)",Wi-Fi,128GB,Silver,CD Grade,Cracked Front Glass,,
3831526,IPAD10THGEN64GBBLUEN,Apple,iPad 10th Gen,A2696,Wi-Fi,64GB,Blue,NEW,"",,
3831527,IPAD11THGEN128GBWHITN,Apple,iPad 11th Gen,A16,Wi-Fi,128GB,White,NEW,"",,
3831528,IPH16PLUS128GBBLACA,Apple,iPhone 16 Plus,A3290,Unlocked,128GB,Black,A Grade,"",,
3831560,MBP132016GBI723512GBSILVPR,Apple,"MacBook Pro (13-inch, 2020)","A2251 (16GB RAM, 2.3GHz i7)",Wi-Fi,512GB,Silver,PARTS & REPAIR,"",,
3831561,MACBOOKPROBLCDNB512SILVPR,Apple,"MacBook Pro (13-inch, 2020)","A2251 (16GB RAM, 2.3GHz i7)",Wi-Fi,512GB,Silver,PARTS & REPAIR,"Broken LCD, No Boot",,
3831562,MACBOOKPRO2019FINDMY512SPACA,Apple,"MacBook Pro (15-inch, 2019)","A1990 (16GB RAM, 2.3GHz i9)",Wi-Fi,512GB,Space Grey,A Grade,(Find My) from previous user attached. Still fully functional,,
3833975,MBA132216GBM3256GBMIDNA,Apple,"MacBook Air (13-inch, 2022)","A3113 (16GB RAM, M3 8 Core)",Wi-Fi,256GB,Midnight,A Grade,"",,
3833977,MACBOOKAIR256MIDNA00002,Apple,"MacBook Air (13-inch, 2024)","A3113 (16GB RAM, M3 8 Core)",Wi-Fi,256GB,Midnight,A Grade,"",,
3833978,IPH13MINI128GBREDPR,Apple,iPhone 13 mini,A2481,Wi-Fi,128GB,Red,PARTS & REPAIR,"",,
3833979,APPLESALVAGELOTIPHONE612PENCILMOPR,Apple,Salvage Lot,13 Units,Wi-Fi,iPhone 6-12 Pro Max + Apple Pencil + Mouse,As-Is - Completely Untested - For Parts,PARTS & REPAIR,"",,
3833980,MINI2GREYA,DJI,Mini 2,Charging Hub + 2 Batteries,Wi-Fi,N/A,Grey,A Grade,"",,
3833981,DJIMINI2CHARGINGHUB2BATTGREYA,DJI,Mini 2 Charging Hub,2 Batteries Included,Wi-Fi,N/A,Grey,A Grade,"",,
3833982,SRFCPRO45UNKNB,Microsoft,Surface Pro 4/5/6/7,Keyboard,Wi-Fi,Select a Capacity,N/A,B Grade,"",,
3833983,SRFCPRO45UNKNBM,Microsoft,Surface Pro 4/5/6/7,Keyboard,Wi-Fi,Select a Capacity,N/A,BM Grade,"",,
3833984,SURFACEPROKEYBOARD4/5/6/7BM,Microsoft,Surface Pro 4/5/6/7,Keyboard,Wi-Fi,N/A,N/A,BM Grade,"",,
3833985,OEMHEATFULLVARIB,Genuine,OEM Heated Fully Automatic Screen Separator,HDO D5X,N/A,Select a Capacity,Select a Color,B Grade,"",,
3833986,HDOD5XOEMHEATEDFASCREENSEPARB,Genuine,OEM Heated Fully Automatic Screen Separator,HDO D5X,N/A,N/A,Grey,B Grade,"",,
3834147,LEDSIGN,LED Sign,Store Display,52 inch wide x 28 inch high,N/A,N/A,Black,C Grade,"",,
3836717,IPHONE13A2482128BLUEC,Apple,iPhone 13,A2482,Wi-Fi,128GB,Blue,C Grade,"",,
3836946,IPHONE13A2482128PINKA,Apple,iPhone 13,A2482,Wi-Fi,128GB,Pink,A Grade,"",,
3837067,IPH8PLUS256GBGOLDD0002,Apple,iPhone 8 Plus,A1864,Unlocked,256GB,Gold,D Grade,"",,
3837105,IPH8PLUS256GBGOLDD,Apple,iPhone 8 Plus,A1864,Unlocked,256GB,Gold,D Grade,"Service Battery Warning, Cracked Front Glass",,
3839233,PXLPIXEL6A128GBCHARO,Google,Pixel 6a,GX7AS,Unlocked,128GB,Charcoal,OPEN BOX,"",,
3839237,PIXEL8G9BQDUNLOCKED128OBSIO,Google,Pixel 8,G9BQD,Unlocked,128GB,Obsidian,OPEN BOX,"",,
3840265,MBP151516GBI725512GBSILVCD,Apple,"MacBook Pro (15-inch, 2015)","A1398 (16GB RAM, 2.5GHz i7)",Wi-Fi,512GB,Silver,CD Grade,"",,
3840267,MACBOOKPROSARCD512SILVCD,Apple,"MacBook Pro (15-inch, 2015)","A1398 (16GB RAM, 2.5GHz i7)",Wi-Fi,512GB,Silver,CD Grade,Screen Anti Reflective Coating Delamination,,
3840299,PLAYSTATION4SLIMCUH2015A500GBBLACB,Sony,PlayStation 4 Slim,CUH-2015A,Wi-Fi,500GB,Black,B Grade,"",,
3840333,MBA13178GBI722256GBSILVA,Apple,"MacBook Air (13-inch, 2017)","A1466 (8GB RAM, 2.2GHz i7)",Wi-Fi,256GB,Silver,A Grade,"",,
3840334,MACBOOKAIR128SILVA00002,Apple,"MacBook Air (13-inch, 2017)","A1466 (8GB RAM, 2.2GHz i7)",Wi-Fi,128GB,Silver,A Grade,"",,
3840540,IPADPRO129IN512GBSILVA,Apple,iPad Pro 12.9 inch 6th Gen,A2436,Wi-Fi,512GB,Silver,A Grade,"",,
3841911,MACBOOKPROFMBP512SPACA,Apple,"MacBook Pro (15-inch, 2019)","A1990 (16GB RAM, 2.3GHz i9)",Wi-Fi,512GB,Space Grey,A Grade,Find My ByPassed - Functional - Beware Update/Restore,,
3842997,IPH14PROMAX128GBGOLDA,Apple,iPhone 14 Pro Max,A2894,Unlocked,128GB,Gold,A Grade,"",,
3842998,IPH14PROMAX256GBGOLDA,Apple,iPhone 14 Pro Max,A2894,Unlocked,256GB,Gold,A Grade,"",,
3847266,IPH14PROMAX256GBDPPUA0002,Apple,iPhone 14 Pro Max,A2894,Unlocked,256GB,Deep Purple,A Grade,"",,
3847268,IPH14PROMAX256GBDPPUA,Apple,iPhone 14 Pro Max,A2894,Unlocked,256GB,Deep Purple,A Grade,Broken Camera,,
3850350,ROGALLY16GBWHITA,ASUS,ROG Ally,Extreme,Wi-Fi,16GB,White,A Grade,"",,
3850889,ROGZEPHG1516GBRYZEN512GBWHITA,ASUS,"ROG Zephyrus G15 (15.6-inch, 2022)","(16GB RAM, Ryzen 7 6800HS)",Wi-Fi,512GB,White,A Grade,"",,
3850890,ROGZEPHG1516GBRYZEN512GBWHITB,ASUS,"ROG Zephyrus G15 (15.6-inch, 2022)","(16GB RAM, Ryzen 7 6800HS)",Wi-Fi,512GB,White,B Grade,"",,
3851036,ROGALLY202316GB512GBWHITA,ASUS,ROG Ally (2023),"(16GB RAM, Ryzen Z1 Extreme)",Wi-Fi,512GB,White,A Grade,"",,
3851040,ROGALLY716GB512GBWHITA,ASUS,"ROG Ally (7-inch, 2023)","(16GB RAM, Ryzen Z1 Extreme)",Wi-Fi,512GB,White,A Grade,"",,
3853936,ROGZEPHYRUSG152022512WHITB,ASUS,"ROG Zephyrus G15 (15.6-inch WQHD, 2022)","(16GB RAM, Ryzen 7 6800HS)",Wi-Fi,512GB,White,B Grade,"",,
3853938,ROGALLYRC71L2023512WHITA,ASUS,"ROG Ally RC71L (7-inch, 2023)","(16GB RAM, Ryzen Z1 Extreme)",Wi-Fi,512GB,White,A Grade,"",,
3853944,NINTENDOSWITCH(HAC-001)32BLACC,Nintendo,Switch,HAC-001,Wi-Fi,32GB,Black,C Grade,"",,
3853956,MACBOOKPRO512SPACA00002,Apple,"MacBook Pro (13-inch, 2018)","A1989 (8GB RAM, 2.3GHz i5)",Wi-Fi,512GB,Space Grey,A Grade,"",,
3853957,LATI7480148GBI5256GBBLACA,Dell,"Latitude 7480 (14-inch, 2017)","(8GB RAM, i5 6360U)",Wifi,256GB,Black,A Grade,"",,
3853958,LATI55001516GBI7512GBBLACA0002,Dell,"Latitude 5500 (15.6-inch, 2019)","(16GB RAM, i7 8565U)",Wifi,512GB,Black,A Grade,"",,
3853959,LATI55001516GBI7512GBBLACA,Dell,"Latitude 5500 (15.6-inch, 2019)","(16GB RAM, i7 8665U)",Wifi,512GB,Black,A Grade,"",,
3853965,LATITUDE5500256BLACA,Dell,"Latitude 5500 (15.6-inch, 2019)","(16GB RAM, i7 8665U)",Wifi,256GB,Black,A Grade,"",,
3853979,HPELITEX2256GSILVC,HP,"Elite X2 2-in-1 (13-inch, 2018)","(8GB RAM, i5 8365U)",Wi-Fi,256GB,Silver,C Grade,"",,
3855970,IPADPRO12.9IA2436256SPACA,Apple,iPad Pro 12.9 inch 6th Gen,A2436,Wi-Fi,256GB,Space Grey,A Grade,"",,
3863566,MBP13158GBI527128GBSILVB,Apple,"MacBook Pro (13-inch, 2015)","A1502 (8GB RAM, 2.7GHz i5)",Wi-Fi,128GB,Silver,B Grade,No Display - Top Case with Logic Board,,
3863567,MBP13158GBI527128GBSILVBM,Apple,"MacBook Pro (13-inch, 2015)","A1502 (8GB RAM, 2.7GHz i5)",Wi-Fi,128GB,Silver,BM Grade,No Display - Top Case with Logic Board,,
3863568,MBP13158GBI527256GBSILVBM,Apple,"MacBook Pro (13-inch, 2015)","A1502 (8GB RAM, 2.7GHz i5)",Wi-Fi,256GB,Silver,BM Grade,No Display - Top Case with Logic Board,,
3863569,MACBOOKPRO256SILVBM,Apple,"MacBook Pro (13-inch, 2015)","A1502 (8GB RAM, 2.7GHz i5)",Wi-Fi,256GB,Silver,BM Grade,"",,
3863575,MACBOOKPRO512SILVBM00002,Apple,"MacBook Pro (13-inch, 2015)","A1502 (8GB RAM, 2.7GHz i5)",Wi-Fi,512GB,Silver,BM Grade,"",,
3864291,MBA13158GBI516128GBSILVB,Apple,"MacBook Air (13-inch, 2015)","A1466 (8GB RAM, 1.6GHz i5)",Wi-Fi,128GB,Silver,B Grade,Freezing Board,,
3864292,MBA13178GBI518128GBSILVB,Apple,"MacBook Air (13-inch, 2017)","A1466 (8GB RAM, 1.8GHz i5)",Wi-Fi,128GB,Silver,B Grade,Freezing Board,,
3869181,MBA13208GBI311256GBSPACBM,Apple,"MacBook Air (13-inch, 2020)","A2179 (8GB RAM, 1.1GHz i3)",Wi-Fi,256GB,Space Grey,BM Grade,No Display - Top Case with Logic Board,,
3869182,MACBOOKAIR512ROSEBM,Apple,"MacBook Air (13-inch, 2020)","A2179 (8GB RAM, 1.1GHz i5)",Wi-Fi,512GB,Rose Gold,BM Grade,"",,
3869553,T57015INCH8GBI5256GBBLACBM,Lenovo,"T570 (15-inch, 2017)","(8GB RAM, i5 7300U)",Wi-Fi,256GB,Black,BM Grade,"",,
3876148,MBP13168GBI529256GBSILVC0002,Apple,"Macbook Pro (13-inch, 2016)","A1706 (8GB RAM, 2.9GHz i5)",Wi-Fi,256GB,Silver,C Grade,Broken LCD,,
3876149,MBP13168GBI529256GBSILVC,Apple,"Macbook Pro (13-inch, 2016)","A1706 (8GB RAM, 2.9GHz i5)",Wi-Fi,256GB,Silver,C Grade,Screen Anti Reflective Coating Delamination,,
3876180,MBP131716GBI725256GBSPACPR,Apple,"MacBook Pro (13-inch, 2017)","A1708 (16GB RAM, 2.5GHz i7)",Wi-Fi,256GB,Space Grey,PARTS & REPAIR,"Hard Drive unable to be detected - Possible Motherboard Issue, Good Screen - Motherboard Issue",,
3876182,MBP131716GBI725256GBSPACC0002,Apple,"MacBook Pro (13-inch, 2017)","A1708 (16GB RAM, 2.5GHz i7)",Wi-Fi,256GB,Space Grey,C Grade,"Hard Drive unable to be detected - Possible Motherboard Issue, Good Screen - Motherboard Issue",,
3876183,MBP131716GBI725256GBSPACC,Apple,"MacBook Pro (13-inch, 2017)","A1708 (16GB RAM, 2.5GHz i7)",Wi-Fi,256GB,Space Grey,C Grade,"",,
3876184,MACBOOKPRO128SPACC,Apple,"MacBook Pro (13-inch, 2017)","A1708 (16GB RAM, 2.5GHz i7)",Wi-Fi,128GB,Space Grey,C Grade,"",,
3876205,WATCHSERIES4RL44MMGPS+LTEN/ABLACO,Apple,Watch Series 4 REPAIR LOT,44MM GPS + LTE,GPS,N/A,Black,OPEN BOX,"",,
3876208,DJIMAVIPROGREYA0002,DJI,Dji Mavic Pro,Mavic Pro 4K,Wi-Fi,N/A,Grey,A Grade,"",,
3876209,DJIMAVIPROGREYA,DJI,Dji Mavic Pro,Mavic Pro 4K,Wi-Fi,N/A,Grey,A Grade,"No Charger, No Remote",,
3876210,MAVICPRO4KNCNRDRONEONLYGREYC,DJI,Dji Mavic Pro,Mavic Pro 4K,Wi-Fi,N/A,Grey,C Grade,"No Charger, No Remote",,
3876212,MBP13188GBI523256GBSPACCD0002,Apple,"MacBook Pro (13-inch, 2018)","A1989 (8GB RAM, 2.3GHz i5)",Wi-Fi,256GB,Space Grey,CD Grade,"",,
3876214,MBP13188GBI523256GBSPACCD,Apple,"MacBook Pro (13-inch, 2018)","A1989 (8GB RAM, 2.3GHz i5)",Wi-Fi,256GB,Space Grey,CD Grade,"Key Not Working, LCD Blemish Heavy",,
3876215,MACBOOKPROKNWLCDBLF256SPACCD,Apple,"MacBook Pro (13-inch, 2018)","A1989 (8GB RAM, 2.3GHz i5)",Wi-Fi,256GB,Space Grey,CD Grade,"Key Not Working, LCD Flicker, LCD Blemish Heavy",,
3876280,T570256BLACBM,Lenovo,"T570 (15-inch, 2016)","(16GB RAM, i5 6300U)",Wi-Fi,256GB,Black,BM Grade,"",,
3881919,IPAD6THGENNBFMIPLA189332GOLDD,Apple,iPad 6th Gen,A1893,Wi-Fi,32GB,Gold,D Grade,"No Boot, Find my iPhone Locked",,
3881921,MACBOOKPRO256SPACPR,Apple,"MacBook Pro (13-inch, 2017)","A1706 (8GB RAM, 3.1GHz i5)",Wi-Fi,256GB,Space Grey,PARTS & REPAIR,Broken LCD,,
3881991,MACBOOPROSARCD256SILVCD,Apple,"Macbook Pro (13-inch, 2016)","A1706 (8GB RAM, 2.9GHz i5)",Wi-Fi,256GB,Silver,CD Grade,Screen Anti Reflective Coating Delamination,,
3884799,MBA13188GBI516128GBROSGBM,Apple,"MacBook Air (13-inch, 2018)","A1932 (8GB RAM, 1.6GHz i5)",Wi-Fi,128GB,Rose Gold,BM Grade,LCD Blemish Light,,
3884800,MACBOOKAIRLCDBL128GOLDCD00002,Apple,"MacBook Air (13-inch, 2018)","A1932 (8GB RAM, 1.6GHz i5)",Wi-Fi,128GB,Rose Gold,C Grade,LCD Blemish Light,,
3885493,MACBOOKAIRLCDBL128GOLDCD,Apple,"MacBook Air (13-inch, 2018)","A1932 (8GB RAM, 1.6GHz i5)",Wi-Fi,128GB,Rose Gold,CD Grade,LCD Blemish Light,,
3887164,MACBOOKPROA2141512SILVPRLOGICBTID,Apple,"MacBook Pro (16-inch, 2019)","A2141 (16GB RAM, 2.6GHz i7)",Wi-Fi,512GB,Silver,PARTS & REPAIR,"",,
3889018,MACBOOKPRO1TBSPACA00003,Apple,"MacBook Pro (16-inch, 2019)","A2141 (32GB RAM, 2.3GHz i9)",Wi-Fi,1TB,Space Grey,A Grade,"",,
3889038,T540S142015256BLACB,Lenovo,"T450s (14-inch, 2015)","(8GB RAM, i7 5600U)",Wi-Fi,512GB SSD,Black,B Grade,"",,
3893929,PXLPIXEL8128GBOBSIN,Google,Pixel 8,G9BQD,Unlocked,128GB,Obsidian,NEW,"",,
3893930,PXLPIXEL8A128GBOBSIN,Google,Pixel 8a,G9BQD,Unlocked,128GB,Obsidian,NEW,"",,
3893931,IPH15PLUS128GBBLACC,Apple,iPhone 15 Plus,A3093,Unlocked,128GB,Black,C Grade,"",,
3902732,IPADPRO129IN256GBSPACB0003,Apple,iPad Pro 12.9 inch 4th Gen,A2069,Wi-Fi,256GB,Space Grey,B Grade,"",,
3902828,IPADPRO129IN256GBSPACB0002,Apple,iPad Pro 12.9 inch 4th Gen,A2069,Wi-Fi,256GB,Space Grey,B Grade,LCD Blemish Light,,
3902862,IPADPRO129IN256GBSPACB,Apple,iPad Pro 12.9 inch 4th Gen,A2229,Wi-Fi,256GB,Space Grey,B Grade,LCD Blemish Light,,
3902903,IPADPRO12.94THGENA2229256SPACB,Apple,iPad Pro 12.9 inch 4th Gen,A2229,Wi-Fi,256GB,Space Grey,B Grade,"",,
3910271,IPH16256GBBLACA,Apple,iPhone 16,A3081,Unlocked,256GB,Black,A Grade,"",,
3915620,IPH16PROMAX512GBNTTIN,Apple,iPhone 16 Pro Max,A3295,Unlocked,512GB,Natural Titanium,NEW,"",,
3915624,IPH13128GBPINKC,Apple,iPhone 13,A2482,Wi-Fi,128GB,Pink,C Grade,"",,
3917560,IPH14128GBMIDNBM,Apple,iPhone 14,A2881,Unlocked,128GB,Midnight,BM Grade,"",,
3917561,IPHONE14A288128GBPURPBM,Apple,iPhone 14,A2881,Unlocked,128GB,Purple,BM Grade,"",,
3918849,MACBOOKAIR256MIDNC,Apple,"MacBook Air (13.6-inch, 2022)","A2681 (8GB RAM, M2 8C/8C GPU)",Wi-Fi,256GB,Midnight,C Grade,"",,
3918985,MBA15238GBM2256GBSILVB,Apple,"MacBook Air (15-inch, 2023)","A2941 (8GB RAM, M2 10 Core)",Wi-Fi,256GB,Silver,B Grade,"",,
3918991,MBA15248GBM2256GBMIDNB,Apple,"MacBook Air (15-inch, 2024)","A2941 (8GB RAM, M2 10 Core, 10 GPU)",Wi-Fi,256GB,Midnight,B Grade,"",,
3918994,MBP142318GBM3512GBSPBLB,Apple,"MacBook Pro (14-inch, 2023)","(18GB RAM, M3 11CPU/14GPU)",Wi-Fi,512GB,Space Black,B Grade,"",,
3918995,MACBOOKPRO2023512SPACB,Apple,"MacBook Pro (14-inch, 2023)","(16GB RAM, M2 PRO 10CPU/16GPU)",Wi-Fi,512GB,Space Grey,B Grade,"",,
3918996,MBA13208GBM1512GBSPACB,Apple,"MacBook Air (13-inch, 2020)","A2337 (8GB RAM, M1 8CPU/7GPU)",Wi-Fi,512GB,Space Grey,B Grade,"",,
3919003,MBA152416GBM3256GBSPACB,Apple,"MacBook Air (15-inch, 2024)","A3114 (16GB RAM, M3 8CORE,10 GPU)",Wi-Fi,256GB,Space Grey,B Grade,"",,
3919005,MBA13228GBM2512GBSILVB,Apple,"MacBook Air (13-inch, 2022)","A2681 (8GB RAM, M2 )",Wi-Fi,512GB,Silver,B Grade,"",,
3919008,MBA13208GBM1512GBSILVB,Apple,"MacBook Air (13-inch, 2020)","A2337 (8GB RAM, M1 8CPU/8GPU)",Wi-Fi,512GB,Silver,B Grade,"",,
3919009,MACBOOKAIR256SPACB00002,Apple,"MacBook Air (13-inch, 2020)","A2337 (8GB RAM, M1 8CORE, 7GPU)",Wi-Fi,256GB,Space Grey,B Grade,"",,
3919011,MBA13208GBM1256GBSPACB0003,Apple,"MacBook Air (13-inch, 2020)","A2337 (8GB RAM, M1 8CPU/8GPU)",Wi-Fi,256GB,Space Grey,B Grade,"",,
3919012,MBA132416GBM3256GBMIDNB,Apple,"MacBook Air (13-inch, 2024)","A3113 (16GB RAM, M3 8 Core)",Wi-Fi,256GB,Midnight,B Grade,"",,
3919026,MACBOOKPRO512SPACB00008,Apple,"MacBook Pro (13-inch, 2020)","A2251 (8GB RAM, 1.4GHz i5)",Wi-Fi,512GB,Space Grey,B Grade,"",,
3919031,MACBOOKAIR512GOLDB,Apple,"MacBook Air (13-inch, 2020)","A2179 (8GB RAM, 1.1GHz i3)",Wi-Fi,512GB,Rose Gold,B Grade,"",,
3919034,MACBOOKPRO256SPACB00008,Apple,"MacBook Pro (13-inch, 2020)","A2251 (8GB RAM, 1.4GHz i5)",Wi-Fi,256GB,Space Grey,B Grade,"",,
3919036,MBP151916GBI923512GBSILVB,Apple,"MacBook Pro (15-inch, 2019)","A1990 (16GB RAM, 2.3GHz i9)",Wi-Fi,512GB,Silver,B Grade,"",,
3919038,MBA132416GBM3512GBMIDNB,Apple,"MacBook Air (13-inch, 2024)","A3113 (16GB RAM, M3 8Core, 10GPU)",Wi-Fi,512GB,Midnight,B Grade,"",,
3919039,MACBOOKPRO256SILVB00006,Apple,"MacBook Pro (13-inch, 2020)","A2251 (8GB RAM, 1.4GHz i5)",Wi-Fi,256GB,Silver,B Grade,"",,
3919042,MBP13178GBI523256GBSILVB,Apple,"MacBook Pro (13-inch, 2017)","A1706 (8GB RAM, 2.3GHz i5)",Wi-Fi,256GB,Silver,B Grade,"",,
3919046,MBA13208GBI311512GBSILVB,Apple,"MacBook Air (13-inch, 2020)","A2179 (8GB RAM, 1.1GHz i3)",Wi-Fi,512GB,Silver,B Grade,"",,
3919055,MBA13208GBM1256GBGOLDB0002,Apple,"MacBook Air (13-inch, 2020)","A2337 (8GB RAM, M1 8CORE, 7GPU)",Wi-Fi,256GB,Gold,B Grade,"",,
3919074,MBA13208GBM1512GBGOLDB,Apple,"MacBook Air (13-inch, 2020)","A2337 (8GB RAM, M1 8CORE, 7GPU)",Wi-Fi,512GB,Gold,B Grade,"",,
3919095,MBA132416GBM3512GBSILVB,Apple,"MacBook Air (13-inch, 2024)","A3113 (16GB RAM, M3 8Core, 10GPU)",Wi-Fi,512GB,Silver,B Grade,"",,
3919100,MBP13198GBI514256GBSILVB0002,Apple,"MacBook Pro (13-inch, 2019)","A2159 (8GB RAM, 1.4GHz i5)",Wi-Fi,256GB,Silver,B Grade,"",,
3919103,MACBOOKPRO128SILVB00002,Apple,"MacBook Pro (13-inch, 2019)","A2159 (8GB RAM, 1.4GHz i5)",Wi-Fi,128GB,Silver,B Grade,"",,
3919105,MBA132416GBM3256GBSPACB,Apple,"MacBook Air (13-inch, 2024)","A3113 (16GB RAM, M3 8 Core)",Wi-Fi,256GB,Space Grey,B Grade,"",,
3919133,MBA13228GBM2256GBSILVB0002,Apple,"MacBook Air (13-inch, 2022)","A2681 (8GB RAM, M2 )",Wi-Fi,256GB,Silver,B Grade,"",,
3919144,MBA15228GBM2256GBMIDNB,Apple,"MacBook Air (15-inch, 2022)","A2941 (8GB RAM, M2 8 Core)",Wi-Fi,256GB,Midnight,B Grade,"",,
3919187,MBA13198GBI516256GBSILVB,Apple,"MacBook Air (13-inch, 2019)","A1932 (8GB RAM, 1.6GHz i5)",Wi-Fi,256GB,Silver,B Grade,"",,
3919196,MBP131916GBI524512GBSPACB,Apple,"MacBook Pro (13-inch, 2019)","A2159 (16GB RAM, 2.4GHz i5)",Wi-Fi,512GB,Space Grey,B Grade,"",,
3919198,MACBOOKPRO256SPACB00012,Apple,"MacBook Pro (13-inch, 2022)","A2338 (8GB RAM, M2 8 Core)",Wi-Fi,256GB,Space Grey,B Grade,"",,
3921104,METAQUES2156443UNKNUK0003,Meta Quest,Meta Quest 2 (301-00409-02) 256GB VR Headset with Touch Controllers - White,301-00409-02/CA,815820022640,15644387,Unknown,Unknown,"",,
3921105,SAMSUNGSMR96171667UNKNUK,Samsung Watch,Samsung SM-R960NZKAXAC Galaxy Watch6 Classic (GPS) 47mm Smartwatch with Heart Rate Monitor - Black,SM-R960NZKAXAC/CA,887276774046,17166716,Unknown,Unknown,"",,
3921106,SAMSUNGGALAX156056UNKNUK0003,Samsung,SAMSUNG GALAXY WATCH 4 46MM CLASSIC BLCK,GALAXY WATCH4,887276554433,15605613,Unknown,Unknown,"",,
3921107,PS5156326UNKNUK,THRUSTMASTER,Thrustmaster T248 Racing Wheel & Magnetic Pedals for PS5/PS4/PC,4169097,663296422576,15632675,Unknown,Unknown,"",,
3921108,XBOX156326UNKNUK,THRUSTMASTER,TM XBOX/PC T248P WHEEL,4469026,663296422569,15632674,Unknown,Unknown,"",,
3921109,ASUSCX15BS01169981UNKNUK,ASUS,Asus CX1500CKA-BS01-CB N4500/8/64/15.6,CX1500CKA-BS01-CB,197105022775,16998153,Unknown,Unknown,"",,
3921110,OCUL8990018154908UNKNUK0002,Oculus,Oculus 899-00188-02 Meta Quest 2 128GB VR Headset with Touch Controllers - White,899-00188-02/CA,815820022749,15490835,Unknown,Unknown,"",,
3921111,JBLPART310150021UNKNUK,JBL,JBL PARTYBOX 310 PORTABLE PARTY SPKR BLK,JBLPARTYBOX310AM,050036373432,15002133,Unknown,Unknown,"",,
3921112,SAMHWB650ZC160000UNKNUK,Samsung Speaker,Samsung HW-B650/ZC 430-Watt 3.1 Channel Sound Bar with Wireless Subwoofer - Black,HW-B650/ZC/CA,887276636337,16000035,Unknown,Unknown,"",,
3921113,SONYWH1000M5161621UNKNUK0004,Sony,Sony WH-1000XM5 Over-Ear Noise Cancelling Bluetooth Headphones - Black,WH1000XM5/B/CA,027242923232,16162187,Unknown,Unknown,"",,
3921114,SONYWH1000M5161621UNKNUK0003,Sony _,Sony WH-1000XM5 Over-Ear Noise Cancelling Bluetooth Headphones - Silver,WH1000XM5/S/CA,027242923249,16162186,Unknown,Unknown,"",,
3921115,SONYWH10SM4147772UNKNUK,Sony _,Sony WH1000XM4/S Wireless Noise-Cancelling Over-the-Ear Headphones - Silver,WH1000XM4/S/CA,Unknown,14777257,Unknown,Unknown,"",,
3921116,SONYWH10LM5170394UNKNUK,Sony _,Sony WH1000XM5/L Over-Ear Noise Cancelling Bluetooth Headphones - Blue,WH1000XM5/L/CA,027242923911,17039478,Unknown,Unknown,"",,
3921117,EUFYE8535164503UNKNUK,Eufy,eufy E8530JY1-5 Security Video Wi-Fi Smart Lock - Black,E8530JY1-5/CA,194644104627,16450398,Unknown,Unknown,"",,
3921118,ASUSCX15BH91172036UNKNUK,Asus PC,ASUS CX1500FKA-BH91 Chromebook 15.6-inch Intel Pentium Silver N6000 1.1GHz 8GB RAM 128GB eMMC - Silver,CX1500FKA-BH91-CB/CA,197105282933,17203639,Unknown,Unknown,"",,
3921119,METAQUES2156443UNKNUK0002,Instant Pot,META QUEST 2 256GB V2 LIGHT GREY,301-00409-02,815820022640,15644387,Unknown,Unknown,"",,
3921120,SAMTABA864G159171UNKNUK,Samsung,SAMSUNG GALAXY TAB A8 64GB GRAY,GALAXY TAB A8,887276606880,15917163,Unknown,Unknown,"",,
3921121,GARMINVIVOAC138935UNKNUK,Garmin,Garmin vivoactive 4S 40mm GPS Watch with Heart Rate Monitor - Slate/ Black,VIVOACTIVE 4S/BLK/CA,Unknown,13893572,Unknown,Unknown,"",,
3921122,LENOZA9411160648UNKNUK,Lenovo,Lenovo ZA940069US 11-inch 128GB Tab P11 Plus Tablet - Slate Grey,ZA940069US/CA,195890697178,16064807,Unknown,Unknown,"",,
3921123,GOOGLEGA0311165380UNKNUK,Google,Google GA03119-US Pixel Watch (GPS) 40mm Matte Black Stainless Steel Case,GA03119-US/ NO BAND/CA,840244600075,16538053,Unknown,Unknown,"",,
3921124,SAMGW640MMB171667UNKNUK,Samsung,SAMSUNG GW6 40MM BT CREAM,SM-R930NZEAXAC,887276772967,17166714,Unknown,Unknown,"",,
3921125,BEATBYDR115345UNKNUK,Beats by Dr. Dre,Beats by Dr. Dre MXJ92LL/A Studio3 Skyline Over-Ear Noise Cancelling Bluetooth Headphones - Shadow Grey,MXJ92LL/A/CA,190199462748,11534526,Unknown,Unknown,"",,
3921126,INTECOREI5157786UNKNUK,MICROSOFT STUDIOS,Intel Core i5-12600K Processor,BX8071512600K,735858499040,15778668,Unknown,Unknown,"",,
3921127,BOSEQUIE45156907UNKNUK,BOSE,BOSE QUIETCOMFORT 45 NC OVE HP SMOKE WHT,866724-0200,017817835022,15690719,Unknown,Unknown,"",,
3921128,SONYWH10PREMM5161621UNKNUK,Sony,SONY WH1000XM5 PREMIUM ANC BT OVE HP SLV,WH1000XM5/S,027242923249,16162186,Unknown,Unknown,"",,
3921129,SONYWF1000M4155469UNKNUK,Sony _,Sony WF-1000XM4/S In-Ear Noise Cancelling Truly Wireless Headphones - Silver,WF-1000XM4/S/CA,027242921092,15546938,Unknown,Unknown,"",,
3921130,JBLJBLTTOURM2169242UNKNUK,JBL _,JBL JBLTOURONEM2BAM Tour One M2 Over-ear Noise Cancelling BT Headphones - Black,JBLTOURONEM2BAM/CA,050036394901,16924263,Unknown,Unknown,"",,
3921131,SAMGLXYW5BT163819UNKNUK,Samsung,SAMSUNG GLXY W5 BT 40MM PINK GOLD ALMNM,SM-R900NZDAXAC,887276664385,16381996,Unknown,Unknown,"",,
3921132,BOSE88280020172128UNKNUK,BOSE,Bose (882826-0020) QuietComfort Ultra In-Ear Noise Cancelling True Wireless Earbuds - White Smoke,882826-0020/CA,017817847643,17212846,Unknown,Unknown,"",,
3921133,AIRPODSPRO2172786UNKNUK,Apple,AIRPODS PRO (2ND GEN) MAGSAFE (USB C),MTJV3AM/A,195949052484,17278649,Unknown,Unknown,"",,
3921134,AIRPODSPRO2164866UNKNUK0002,Apple,AIRPODS PRO (2nd Gen) WITH MAGSAFE CASE,MQD83AM/A,194253397168,16486693,Unknown,Unknown,"",,
3921135,SHARHD43FLEX166495UNKNUK,Shark,Shark HD430C Flexstyle Multi-Styler Hair Straightener - Stone,HD430C/CA,622356594387,16649538,Unknown,Unknown,"",,
3921136,BOSE87070010163781UNKNUK,BOSE,Bose 870730-0010 QuietComfort Earbuds II In-Ear Noise Cancelling True Wireless Earbuds - Triple Black,870730-0010/CA,017817838320,16378177,Unknown,Unknown,"",,
3921137,LOGIDRVFRC103830UNKNUK,LOGITECH,LOGITECH DRV FRC RACNG WHEEL G29 PS/PC,941-000110,097855112767,10383067,Unknown,Unknown,"",,
3921138,GARMVIVO4S138935UNKNUK,Garmin,GARMIN VIVOACTIVE 4S DUST GOLD LIGHT GLD,VIVOACTIVE 4S,753759227760,13893574,Unknown,Unknown,"",,
3921139,RAZERZ040378162069UNKNUK,Razer,Razer RZ04-03780100-R3U1 Barracuda Pro Wireless Gaming Headset - Black,RZ04-03780100-R3U1/CA,810056141653,16206973,Unknown,Unknown,"",,
3921140,BEATSTUD3115345UNKNUK0002,Apple,BEATS STUDIO 3 BT OVE SKYLINE COL GRAY,MXJ92LL/A,190199462748,11534526,Unknown,Unknown,"",,
3921141,METAQUES2154908UNKNUK0002,Instant Pot,META QUEST 2 128GB LIGHT GREY,899-00188-02,815820022749,15490835,Unknown,Unknown,"",,
3921142,FITBSENSLUNA148824UNKNUK,FITBIT US,FITBIT SENSE LUNAR WHITE/GOLD,SENSE,811138037000,14882491,Unknown,Unknown,"",,
3921143,AIRPODSPRO157767UNKNUK,Apple,AIRPODS PRO WITH MAGSAFE CASE,MLWK3AM/A,194252721247,15776779,Unknown,Unknown,"",,
3921144,BEATBYDR135522UNKNUK,Beats by Dr. Dre,Beats by Dr. Dre MY582LL/A Powerbeats Pro In-Ear Truly Wireless Headphones - Black,MY582LL/A/CA,190199701984,13552223,Unknown,Unknown,"",,
3921145,AIRPODSPRO2UNKNOWUNKNUK,Apple,Apple AirPods Pro (2nd generation) Noise Cancelling True Wireless Earbuds with USB-C MagSafe Charging Case,MTJV3AM/A/CA,195949052484,Unknown,Unknown,Unknown,"",,
3921146,LENO82R1ATHL167032UNKNUK,Lenovo,Lenovo 82R1006VUS Athlon 3050U/4/128 EN,82R1006VUS,196801480223,16703244,Unknown,Unknown,"",,
3921147,LENOTABM11177447UNKNUK0002,Lenovo,Lenovo Tab M11 11 4GB 128GB,ZADA0117US,197532686519,17744705,Unknown,Unknown,"",,
3921148,FITBSENS2163904UNKNUK0002,FITBIT,FITBIT SENSE 2 PLATINUM /BLUE MIST BAND,FB521,810038858425,16390438,Unknown,Unknown,"",,
3921149,FITBSENS2163904UNKNUK,FITBIT,FITBIT SENSE 2 GRAPHITE/GRPHT BAND,FB521,810038858401,16390437,Unknown,Unknown,"",,
3921150,JBLJBLLLIVE154463UNKNUK,JBL _,JBL JBLLIVE660NCBLKAM Live 660NC Over-Ear Noise Cancelling Bluetooth Headphones - Black,JBLLIVE660NCBLKAM/CA,050036379755,15446310,Unknown,Unknown,"",,
3921151,GOOGNESTGA00139628UNKNUK,Google Nest,Google Nest GA00426-CA Hub Max Smart Display with Google Assistant - Chalk,GA00426-CA/CA,842776109996,13962887,Unknown,Unknown,"",,
3921152,GARMIN010023153722UNKNUK,Garmin,"Garmin 010-02384-F4 Lily Sport Edition 34.5mm Smartwatch w/ Leather Strap, HR & Health Tracking - White",010-02384-F4/CA,753759282752,15372243,Unknown,Unknown,"",,
3921153,JBLTOUR2172118UNKNUK,JBL,JBL TOUR 2 PRO TWS NC HP BLACK,JBLTOURPRO2BLKAM,050036396882,17211805,Unknown,Unknown,"",,
3921154,BEATBYDR171608UNKNUK0002,Beats by Dr. Dre,Beats By Dr. Dre MQTR3LL/A Studio Pro Over-Ear Noise Cancelling Bluetooth Headphones - Sandstone,MQTR3LL/A/CA,194253715276,17160837,Unknown,Unknown,"",,
3921155,SAMSUNGSMR86156056UNKNUK0002,Samsung Watch,Samsung SM-R860NZDAASA Galaxy Watch4 40mm Smartwatch with Custom Band - Pink Gold,SM-R860NZDAASA/CA,Unknown,15605604,Unknown,Unknown,"",,
3921156,SAMBUDS2PRO163719UNKNUK,Samsung,SAMSUNG GALAXY BUDS2 PRO GRAPHITE BLACK,GALAXY BUDS2 PRO,887276668864,16371992,Unknown,Unknown,"",,
3921157,PS5165717UNKNUK0002,Sony,PS5 DUALSENSE EDGE WIRELESS CTRL WHITE,1000033305,711719559320,16571772,Unknown,Unknown,"",,
3921158,AIRPODS3RD164866UNKNUK,Apple,AIRPODS (3rd Gen) WITH LIGHTNING CASE,MPNY3AM/A,194253324034,16486692,Unknown,Unknown,"",,
3921159,AIRPODS3RD157767UNKNUK0002,Apple,AIRPODS 3RD GENERATION W MAGSAFE CASE,MME73AM/A,194252818381,15776780,Unknown,Unknown,"",,
3921160,SAMTABA7LIT154905UNKNUK,Samsung,SAMSUNG GALAXY TAB A7 LITE 32GB LITE GRE,SM-T220NZAAXAC,887276539300,15490519,Unknown,Unknown,"",,
3921161,PXLGOOGLEGA03162981UNKNUK,Google,Google GA03201-US Pixel Buds Pro In-Ear Noise Cancelling Truly Wireless Headphones - Carbon,GA03201-US/CA,193575032283,16298161,Unknown,Unknown,"",,
3921162,FITBITFB523V163904UNKNUK,FITBIT,Fitbit FB523 Versa 4 + Premium Smartwatch with Heart Rate Monitor - Pink Sand,FB523/PINK SAND/CA,810038858777,16390441,Unknown,Unknown,"",,
3921163,BEATBYDR159371UNKNUK0002,Beats by Dr. Dre,Beats By Dr. Dre MK2F3LL/A Fit Pro In-Ear Noise Cancelling Truly Wireless Headphones - Black,MK2F3LL/A/CA,194252484296,15937111,Unknown,Unknown,"",,
3921164,BEATBYDR159371UNKNUK,Beats by Dr. Dre,Beats By Dr. Dre MK2J3LL/A Fit Pro In-Ear Noise Cancelling Truly Wireless Headphones - Sage Grey,MK2J3LL/A/CA,194252484593,15937114,Unknown,Unknown,"",,
3921165,LENOZAAJ10177447UNKNUK,Lenovo PC,Lenovo (ZAAJ0159US) 10-inch 64GB Tab M10 Plus Android Tablet - Storm Grey,ZAAJ0159US/CA,196378894195,17744706,Unknown,Unknown,"",,
3921166,SAMBUDSLIVE147632UNKNUK,Samsung,Samsung Galaxy Buds Live In-Ear Noise Cancelling Truly Wireless Headphones - Mystic Black,SM-R180NZKAXAC,887276420325,14763273,Unknown,Unknown,"",,
3921167,JABRELIT7157363UNKNUK,Jabra,Jabra Elite 7 Active In-Ear Noise Cancelling Truly Wireless Headphones - Black,ELITE 7 ACTIVE/BLK/CA,615822014625,15736390,Unknown,Unknown,"",,
3921168,FITBVERS4163904UNKNUK0002,FITBIT,FITBIT VERSA 4 PLATINUM/WATERFALL BLUE,FB523,810038858760,16390439,Unknown,Unknown,"",,
3921169,STEEARCT9X138373UNKNUK,STEELSERIES,STEELSERIES ARCTIS 9X (SERIES X) HS BLK,61481,810052980010,13837396,Unknown,Unknown,"",,
3921170,AIRPODS3164866UNKNUK,APPLE -,Apple MPNY3AM/A AirPods (3rd generation) In-Ear Truly Wireless Headphones with Lightning Charging Case - White,MPNY3AM/A/CA,194253324034,16486692,Unknown,Unknown,"",,
3921171,STEE6155ARCT164939UNKNUK,STEELSERIES,SteelSeries 61553 Arctis Nova 7 Wireless Gaming Headset - Black,61553/CA,813682027711,16493971,Unknown,Unknown,"",,
3921172,SHOKT910ST171572UNKNUK,Shokz,Shokz T910-ST-BK-CA-153 OpenFit Open-Ear True Wireless Earbuds - Black,T910-ST-BK-CA-153/CA,810092676157,17157205,Unknown,Unknown,"",,
3921173,XBOX137023UNKNUK,MICROSOFT XBOX,XBOX ONE WIRELESS CTRL ELITE S2,FST-00001,889842196344,13702316,Unknown,Unknown,"",,
3921174,FITBGA05NA172574UNKNUK,FITBIT,"Fitbit GA05184-NA Charge 6 Fitness Tracker with GPS, Heart Rate & Sleep - Coral/ Gold",GA05184-NA/G3MP5/GOLD/CA,840353901148,17257417,Unknown,Unknown,"",,
3921175,FITBG3MPCHAR172574UNKNUK0002,FITBIT,"Fitbit G3MP5 Charge 6 Fitness Tracker with GPS, Heart Rate & Sleep - Obsidian/ Black",G3MP5/OBSIDIAN/BLACK/CA,840353901063,17257418,Unknown,Unknown,"",,
3921176,HYPE4P5DCLOU160042UNKNUK,HyperX,HyperX 4P5D4AA Cloud Alpha RF Wireless Gaming Headset - Black,4P5D4AA/CA,196188046036,16004258,Unknown,Unknown,"",,
3921177,AIRPODS2ND134895UNKNUK,Apple,Airpods (2nd Gen),MV7N2AM/A,190199098428,13489539,Unknown,Unknown,"",,
3921178,JBLCHAR5154462UNKNUK,JBL,JBL CHARGE 5 PORTABLE BT SPEAKER - BLACK,JBLCHARGE5BLKAM,050036380218,15446249,Unknown,Unknown,"",,
3921179,SAMSMR530NZ179845UNKNUK,Samsung -,Samsung SM-R530NZAAXAC Galaxy Buds3 In-Ear Noise Cancelling True Wireless Earbuds - Silver,SM-R530NZAAXAC/CA,887276868066,17984586,Unknown,Unknown,"",,
3921180,LENOZA6W10166858UNKNUK,Lenovo -,Lenovo ZA6W0207US 10.1-inch 32GB Android Tab M10 HD (2nd Gen) Tablet - Iron Grey,ZA6W0207US/CA,196801131125,16685845,Unknown,Unknown,"",,
3921181,SKULS6EVN740148993UNKNUK,SkullCandy,Skullcandy S6EVW-N740 Crusher Evo Over-Ear Sound Isolating Bluetooth Headphones - Black,S6EVW-N740/CA,810015587249,14899380,Unknown,Unknown,"",,
3921182,LENO82LVIDEA162049UNKNUK,Lenovo PC,Lenovo 82LV003TCF IdeaPad 1-14IJL7 Laptop 14-inch Intel Celeron N4500N 1.1GHz 4GB 64GB eMMC - Cloud Grey,82LV003TCF/CA,196379312582,16204908,Unknown,Unknown,"",,
3921183,RAZESEIREMOT145860UNKNUK,Razer,Razer Seiren Emote Microphone with Emoticons - Black,RZ19-03060100-R3U1/CA,811659033468,14586061,Unknown,Unknown,"",,
3921184,LOGI9100067164998UNKNUK,LOGITECH,"Logitech 910-006782 G Pro X Superlight 25,600 DPI Wireless HERO Optical Gaming Mouse - Red",910-006782/CA,097855181404,16499835,Unknown,Unknown,"",,
3921185,FITBCHAR5156664UNKNUK0003,FITBIT,FITBIT CHARGE 5 BLACK GRAPHITE FRCJK,FB421,810038855899,15666446,Unknown,Unknown,"",,
3921186,RAZEVIPEULTI166171UNKNUK,Razer,Razer Viper Ultimate Wireless Optical Gaming Mouse with Charging Dock - Mercury,VIPER ULTIMATE/CA,810056145279,16617149,Unknown,Unknown,"",,
3921187,BEATBYDR155436UNKNUK,Beats by Dr. Dre,Beats By Dr. Dre MJ4X3LL/A Studio Buds In-Ear Noise Cancelling Truly Wireless Headphones - Black,MJ4X3LL/A/CA,194252388297,15543695,Unknown,Unknown,"",,
3921188,SENNHD56OE104861UNKNUK,Sennheiser,Sennheiser HD569 OE Headphones - Black,SENNHEISER HD569/CA,615104270978,10486192,Unknown,Unknown,"",,
3921189,BOSE86590100157402UNKNUK,BOSE,Bose 865983-0100 SoundLink Flex Waterproof Bluetooth Wireless Speaker - Black,865983-0100/CA,017817832014,15740256,Unknown,Unknown,"",,
3921190,SAMBUDS2INE156152UNKNUK0003,Samsung -,Samsung Galaxy Buds2 In-Ear Noise Cancelling Truly Wireless Headphones - Lavender,GALAXY BUDS2/LAVENDER/CA,887276573809,15615206,Unknown,Unknown,"",,
3921191,FITBCHAR5156664UNKNUK0002,FITBIT,FITBIT CHARGE 5 STEEL BLU PLATINM FRCJK,FB421,810038857237,15666445,Unknown,Unknown,"",,
3921192,LOGI9810007133690UNKNUK,LOGITECH,Logitech 981-000742 G935 RF Wireless Gaming Headset with Microphone - Black,981-000742/CA,097855144508,13369093,Unknown,Unknown,"",,
3921193,LENOZAC39169456UNKNUK,Lenovo PC,Lenovo ZAC30056US 9-inch 32GB Tab M9 Android 12 Tablet - Arctic Grey,ZAC30056US/CA,196802847834,16945648,Unknown,Unknown,"",,
3921194,SAMBUDS2GRE162308UNKNUK,Samsung,SAMSUNG GALAXY BUDS2 GREY/BLACK,GALAXY BUDS2,887276657080,16230808,Unknown,Unknown,"",,
3921195,SAMBUDS2BLA156152UNKNUK,Samsung,SAMSUNG GALAXY BUDS2 BLACK,GALAXY BUDS2,887276573786,15615205,Unknown,Unknown,"",,
3921196,LOGIGPRO151471UNKNUK,LOGITECH,LOGITECH G PRO X SUPERLIGHT WL WHITE,910-005940,097855159625,15147118,Unknown,Unknown,"",,
3921197,SHOKS803ST159548UNKNUK,Shokz,Shokz (S803-ST-BK-CA-153) OpenRun Bone Conduction Open-Ear Bluetooth Headphones - Black,S803-ST-BK-CA-153/CA,810092675938,15954867,Unknown,Unknown,"",,
3921198,XBSX164335UNKNUK0002,MICROSOFT XBOX,Xbox 4IK-00001 Elite Series 2 Core Wireless Controller for Xbox Series X|S / Xbox One - White,4IK-00001/CA,889842717068,16433594,Unknown,Unknown,"",,
3921199,XBSX164335UNKNUK,MICROSOFT STUDIOS,Xbox Elite Series 2 Core Wireless Controller for Xbox Series X|S / Xbox One - White,4IK-00001,889842717068,16433594,Unknown,Unknown,"",,
3921200,RAZEHUNTV2647569UNKNUK,Razer,RAZER HUNTSMAN V2 - GAMING KEYBOARD,RZ03-03930400-R3U1,Unknown,6475699,Unknown,Unknown,"",,
3921201,JABRELIT4159172UNKNUK,Jabra,Jabra Elite 4 Active In-Ear Noise Cancelling Truly Wireless Headphones - Black,ELITE 4 ACTIVE/BLK/CA,615822015899,15917208,Unknown,Unknown,"",,
3921202,SKULS6HHN740148993UNKNUK,SkullCandy,Skullcandy S6HHW-N740 Hesh ANC Over-Ear Noise Cancelling Bluetooth Headphones - Black,S6HHW-N740/CA,810015588512,14899382,Unknown,Unknown,"",,
3921203,RAZEVIPEV2161575UNKNUK,Razer,Razer Viper V2 Pro 3200 DPI Wireless Gaming Mouse - Black,RZ01-04390100-R3U1/CA,840272900291,16157521,Unknown,Unknown,"",,
3921204,SAMSMR400NZ173019UNKNUK,Samsung -,Samsung SM-R400NZWAXAC Galaxy Buds FE In-Ear Noise Cancelling True Wireless Earbuds - Mystic White,SM-R400NZWAXAC/CA,887276791906,17301939,Unknown,Unknown,"",,
3921205,PXLGOOGLEGA04164992UNKNUK,Google,Google GA04281-US Pixel Buds A-Series In-Ear Sound Isolating True Wireless Earbuds - Charcoal,GA04281-US/CA,193575034003,16499232,Unknown,Unknown,"",,
3921206,SOUNLIFETUNE155576UNKNUK,Soundcore,SOUNDCORE LIFE TUNE PRO ANC OVE HP BLUE,A3030Z31-5,194644074524,15557657,Unknown,Unknown,"",,
3921207,FUJIINSTMINI171139UNKNUK,FUJIFILM,Fujifilm Instax Mini 12 Blue Bundle,INSTAX MINI 12,074101949742,17113957,Unknown,Unknown,"",,
3921208,SAMBUDSFEBL173019UNKNUK,Samsung,SAMSUNG BUDS FE BLACK,SM-R400NZAAXAC,887276791913,17301940,Unknown,Unknown,"",,
3921209,LOGIMXKEYS146697UNKNUK,LOGITECH,LOGITECH MX KEYS KEYBOARD MAC,920-009552,097855157461,14669732,Unknown,Unknown,"",,
3921210,BOSE62781110790288UNKNUK,BOSE,Bose 627840-1110 SoundLink Color Bluetooth Speaker - Black,627840-1110/CA,017817647083,7902883,Unknown,Unknown,"",,
3921211,PLAN8730203114287UNKNUK,Plantronics,Plantronics 87300-203 Voyager Legend Bluetooth Headset - Black,87300-203/CA,017229173316,11428776,Unknown,Unknown,"",,
3921212,SONYWFC500157448UNKNUK0002,Sony _,Sony WF-C500 In-Ear Sound Isolating Truly Wireless Headphones - Black,WFC500/B/CA,027242922686,15744828,Unknown,Unknown,"",,
3921213,LOGI9200104157456UNKNUK,LOGITECH,Logitech 920-010475 MX Keys Mini Bluetooth Backlit Ergonomic Keyboard - English - Black,920-010475/CA,097855169617,15745684,Unknown,Unknown,"",,
3921214,RAZEBARRX156095UNKNUK,Razer,RAZER BARRACUDA X WIRELESS OVE GM HS BLK,RZ04-03800100-R3U1,810056141691,15609520,Unknown,Unknown,"",,
3921215,XBOX153244UNKNUK,MICROSOFT STUDIOS,MICROSOFT XBOX WIRELESS GAMING HS BLACK,TLL-00001,889842615319,15324482,Unknown,Unknown,"",,
3921216,FITBINSP3164351UNKNUK,FITBIT,FITBIT INSPIRE 3 BLACK/MIDNIGHT ZEN BAND,FB424,810073610095,16435170,Unknown,Unknown,"",,
3921217,FITBLUXESOFT154237UNKNUK,FITBIT,FITBIT LUXE SOFT GOLD/WHITE,LUXE,810038854502,15423751,Unknown,Unknown,"",,
3921218,NSWJOYCON105674UNKNUK,Nintendo,NSW JOY-CON-(L/R)-NEON RED/NEON BLUE,HACAJAEAA,045496590130,10567481,Unknown,Unknown,"",,
3921219,CORSCH9304144175UNKNUK,Corsair,Corsair CH-9304211-NA Scimitar RGB Elite 18000 DPI Optical Gaming Mouse - Black,CH-9304211-NA/CA,840006616221,14417577,Unknown,Unknown,"",,
3921220,JBLJBLEENDU159569UNKNUK,JBL _,JBL (JBLENDURACEBLKAM) Endurance Race In-Ear Sound Isolating True Wireless Earbuds - Black,JBLENDURACEBLKAM/CA,050036384674,15956945,Unknown,Unknown,"",,
3921221,JABRELIT3156457UNKNUK,Jabra,Jabra Elite 3 In-Ear Sound Isolating Truly Wireless Headphones - Grey,ELITE 3/GRY/CA,615822014823,15645783,Unknown,Unknown,"",,
3921222,RAZEBARRX162069UNKNUK,Razer,RAZER BARRACUDA X PLUS OE WL PC GAM WHT,RZ04-04430200-R3U1,840272901175,16206975,Unknown,Unknown,"",,
3921223,NSW105750UNKNUK,Nintendo,NSW NINTENDO SWITCH PRO CONTROLLER,HACAFSSKA,045496590161,10575065,Unknown,Unknown,"",,
3921224,PS5173410UNKNUK0006,Sony PlayStation,Sony 1000039943 PlayStation 5 DualSense Wireless Controller - Cobalt Blue,1000039943/CA,711719572688,17341065,Unknown,Unknown,"",,
3921225,PS5173410UNKNUK0005,Sony PlayStation,Sony 1000039941 PlayStation 5 DualSense Wireless Controller - Sterling Silver,1000039941/CA,711719572701,17341067,Unknown,Unknown,"",,
3921226,PS5179778UNKNUK0004,Sony,PlayStation 5 DualSense Wireless Controller - Galactic Purple,1000039939/CA,711719574330,17977846,Unknown,Unknown,"",,
3921227,PS5179778UNKNUK0003,Sony PlayStation,Sony (1000039939) PlayStation 5 DualSense Wireless Controller - Galactic Purple,1000039939/CA,711719574330,17977846,Unknown,Unknown,"",,
3921228,PS5179778UNKNUK0002,Sony PlayStation,Sony (1000039937) PlayStation 5 DualSense Wireless Controller - Cosmic Red,1000039937/CA,711719574316,17977844,Unknown,Unknown,"",,
3921229,FITBACE3153117UNKNUK0002,FITBIT,FITBIT ACE 3 BLACK & RED,ACE 3,810038854656,15311775,Unknown,Unknown,"",,
3921230,RAZEHAMMTW155490UNKNUK,Razer,RAZER HAMMERHEAD TW PRO ANC BLK,RZ12-03440100-R3U1,811659037787,15549069,Unknown,Unknown,"",,
3921231,BEATBYDR152540UNKNUK,Beats by Dr. Dre,Beats by Dr. Dre MYMG2LL/A Flex In-Ear Bluetooth Headphones - Flame Blue,MYMG2LL/A/CA,190199801806,15254048,Unknown,Unknown,"",,
3921232,PS5149621UNKNUK,Sony,PlayStation 5 DualSense Wireless Controller (3005739) - White,3005739/CA,711719541226,14962193,Unknown,Unknown,"",,
3921234,PS5176684UNKNUK0002,Sony PlayStation,Sony 1000039935 PlayStation 5 DualSense Wireless Controller - White,1000039935/CA,711719574293,17668451,Unknown,Unknown,"",,
3921235,FITBINSP2148824UNKNUK0002,FITBIT,FITBIT INSPIRE 2 BLACK,INSPIRE 2,810038852805,14882488,Unknown,Unknown,"",,
3921236,TURTBEACRECO154641UNKNUK,Turtle Beach,TURTLE BEACH RECON 500 GAM HS BLK,7.32E+11,731855064007,15464182,Unknown,Unknown,"",,
3921237,PS5184837UNKNUK,Sony,PS5 DUALSENSE CTRL CHROMA PEARL,1000044153,711719587583,18483790,Unknown,Unknown,"",,
3921238,PS5173410UNKNUK0004,Sony,PS5 DUALSENSE WIRELESS CTRL STERLING SLV,1000039941,711719572701,17341067,Unknown,Unknown,"",,
3921239,TELUZTECYMB161583UNKNUK,TELUS,TELUS ZTE CYMBAL 2 BLACK PREPAID,ZTE CYMBAL 2,629018181787,16158346,Unknown,Unknown,"",,
3921240,PS5159057UNKNUK0004,Sony,PS5 DUALSENSE WIRELESS CTRL GAL PURPLE,3006414,711719546795,15905711,Unknown,Unknown,"",,
3921241,PS5179058UNKNUK,Sony,PS5 DUALSENSE WIRELESS CTRL BLACK REPLEN,1000039936,711719574309,17905836,Unknown,Unknown,"",,
3921242,PS5177320UNKNUK0002,Sony,PS5 DUALSENSE WIRELESS CTRL STARLIGHT BL,1000039940,711719574347,17732067,Unknown,Unknown,"",,
3921243,PS5179778UNKNUK,Sony,PS5 DUALSENSE CTRL COSMIC RED REPLEN,1000039937,711719574316,17977844,Unknown,Unknown,"",,
3921244,PS5164893UNKNUK,Sony,PS5 DUALSENSE WIRELESS CTRL GREYCAMO,1000030606,711719554783,16489324,Unknown,Unknown,"",,
3921245,PS5159057UNKNUK0003,Sony,PS5 DUALSENSE WIRELESS CTRL NOVA PINK,3006413,711719546788,15905710,Unknown,Unknown,"",,
3921246,PS5154802UNKNUK0004,Sony,PS5 DUALSENSE WIRELESS CTRL COSMIC RED,3006411,711719546764,15480211,Unknown,Unknown,"",,
3921247,PS5159057UNKNUK0002,Sony,PS5 DUALSENSE WIRELESS CTRL STARL BLUE,3006412,711719546771,15905709,Unknown,Unknown,"",,
3921248,PS5176684UNKNUK,Sony,PS5 DUALSENSE WIRELESS CTRL WHITE REPLEN,1000039935,711719574293,17668451,Unknown,Unknown,"",,
3921249,TURTBEACTBS157787UNKNUK,Turtle Beach,Turtle Beach TBS-6300-02 Recon 200 Gen 2 Gaming Headset - Black,TBS-6300-02/CA,731855063017,15778700,Unknown,Unknown,"",,
3921250,XBOX181887UNKNUK,MICROSOFT XBOX,Microsoft QAU-00150 Xbox Wireless Controller - Sky Cipher Special Edition,QAU-00150/CA,196388334056,18188717,Unknown,Unknown,"",,
3921251,PS5154802UNKNUK0003,Sony,PS5 DUALSENSE WIRELESS CTRL MIDN BLACK,3006410,711719546757,15480210,Unknown,Unknown,"",,
3921252,STEE6161ARCT164895UNKNUK,STEELSERIES,SteelSeries 61612 Arctis Nova 1P Gaming Headset - White,61612/CA,810052983202,16489588,Unknown,Unknown,"",,
3921253,XBOX172214UNKNUK,Microsoft,XBOX X WIRELESS CTRL GOLD SHADOW,QAU-00121,196388141425,17221469,Unknown,Unknown,"",,
3921254,XBOX166503UNKNUK,MICROSOFT STUDIOS,XBOX X WIRELESS CTRL STELLAR SHIFT SE,QAU-00086,889842875591,16650325,Unknown,Unknown,"",,
3921255,XBOX153635UNKNUK0002,MICROSOFT XBOX,Microsoft QAU-00021 Xbox Wireless Controller - Electric Volt,QAU-00021/CA,889842716511,15363532,Unknown,Unknown,"",,
3921256,PS4123358UNKNUK,Sony,Sony 3002841 PlayStation 4 DUALSHOCK 4 Wireless Controller - Midnight Blue,3002841/CA,711719516989,12335815,Unknown,Unknown,"",,
3921257,XBOX169614UNKNUK0003,MICROSOFT XBOX,Microsoft QAU-00090 Xbox Wireless Controller - Velocity Green,QAU-00090/CA,889842896473,16961493,Unknown,Unknown,"",,
3921258,XBOX166094UNKNUK0009,MICROSOFT XBOX,Microsoft QAT-00007 Xbox Wireless Controller - Carbon Black,QAT-00007/CA,889842654776,16609480,Unknown,Unknown,"",,
3921259,XBOX166094UNKNUK0008,MICROSOFT XBOX,Microsoft QAU-00065 Xbox Wireless Controller - Shock Blue,QAU-00065/CA,889842782721,16609481,Unknown,Unknown,"",,
3921260,XBOX166094UNKNUK0007,MICROSOFT XBOX,Microsoft QAS-00007 Xbox Wireless Controller - Robot White,QAS-00007/CA,889842654691,16609482,Unknown,Unknown,"",,
3921261,XBOX149652UNKNUK0003,MICROSOFT XBOX,Microsoft QAS-00001 Xbox Wireless Controller - Robot White,QAS-00001/CA,889842611557,14965238,Unknown,Unknown,"",,
3921262,XBOX149986UNKNUK0002,MICROSOFT XBOX,Microsoft Xbox 1V8-00001 Wireless Controller (2020) with USB-C Cable - Carbon Black,1V8-00001/CA,889842657500,14998604,Unknown,Unknown,"",,
3921263,PS5157582UNKNUK,Razer,RAZER KAIRA X WIRED PS5 GAM HS WHITE,RZ04-03970200-R3U1,810056144180,15758283,Unknown,Unknown,"",,
3921264,XBOX152609UNKNUK,MICROSOFT STUDIOS,XBOX WIRELESS CTLR PULSE RED,QAU-00011,889842707106,15260924,Unknown,Unknown,"",,
3921265,XBOX169614UNKNUK0002,MICROSOFT STUDIOS,XBOX X WIRELESS CTRL VELOCITY GREEN,QAU-00090,889842896473,16961493,Unknown,Unknown,"",,
3921266,XBOX169614UNKNUK,Microsoft,XBOX X WIRELESS CTRL VELOCITY GREEN,QAU-00090,889842896473,16961493,Unknown,Unknown,"",,
3921267,XBOX166094UNKNUK0006,Microsoft,XBOX X WIRELESS CTRL SHOCK BLUE V2,QAU-00065,889842782721,16609481,Unknown,Unknown,"",,
3921268,XBOX149986UNKNUK,MICROSOFT STUDIOS,Xbox PC Controller with USB Cable,1V8-00001,889842657500,14998604,Unknown,Unknown,"",,
3921269,JBLTUNE130N159569UNKNUK,JBL,JBL TUNE 130NC TWS HEADPHONES BLACK,JBLT130NCTWSBAM,050036383967,15956942,Unknown,Unknown,"",,
3921270,TPLINKAV10146873UNKNUK,TP Link,TP-Link AV1000 Gigabit Powerline Kit (TL-PA7017 Kit),TL-PA7017 KIT/CA,Unknown,14687360,Unknown,Unknown,"",,
3921271,LOGIG502HERO129464UNKNUK,LOGITECH,LOGITECH G502 HERO GAMING MOUSE,910-005469,097855141996,12946488,Unknown,Unknown,"",,
3921272,JBLVIBE300T169242UNKNUK,JBL,JBL VIBE 300TWS TRUE WIRELESS HP BLACK,JBLV300TWSBLKAM,050036384872,16924259,Unknown,Unknown,"",,
3921273,LOGI5979Z207116244UNKNUK,LOGITECH,Logitech (5979111) Z207 2.0 Computer Speaker System,5979111/CA,097855135360,11624436,Unknown,Unknown,"",,
3921274,TURTBEACRECO144230UNKNUK,Turtle Beach,TURTLE BEACH RECON SPARK HS MULTPLAT WHT,TBS-6220-02,731855062201,14423058,Unknown,Unknown,"",,
3921275,JBLQUAN300M300145430UNKNUK,JBL,JBL QUANTUM 300 OVE GAMING HEADSET BLACK,JBLQUANTUM300BLKAM,050036369596,14543013,Unknown,Unknown,"",,
3921276,STEERIVAWIRE152229UNKNUK,STEELSERIES,SteelSeries Rival3 Wireless Gaming Mouse,62521,813682027261,15222933,Unknown,Unknown,"",,
3921277,JBLJBLTTUNE169242UNKNUK,JBL _,JBL JBLT215BTBLKAM Tune 215BT In-Ear Bluetooth Headphones - Black,JBLT215BTBLKAM/CA,050036373739,16924257,Unknown,Unknown,"",,
3921278,JBLQUAN100M100145430UNKNUK,JBL,JBL QUANTUM 100 OVE GAMING HEADSET BLACK,JBLQUANTUM100BLKAM,050036369657,14543011,Unknown,Unknown,"",,
3921279,FITBITINSPIR148824UNKNUK,FITBIT,"Fitbit Inspire 2 Smart Fitness Heart Rate Activity Trackers Smart Watches, Sleep tracking",810038852812/CA,810038852812,14882489,Unknown,Unknown,"",,
3921280,SKULS1JTP740160069UNKNUK,SkullCandy,Skullcandy S1JTW-P740 Jib 2 In-Ear Sound Isolating Truly Wireless Headphones - True Black,S1JTW-P740/CA,810045686592,16006900,Unknown,Unknown,"",,
3921281,JBLJBLTTUNE166976UNKNUK0002,JBL _,JBL JBLT500BLUAM Tune 500 On-Ear Headphones - Blue,JBLT500BLUAM/CA,050036355902,16697686,Unknown,Unknown,"",,
3921282,KIDDMOB52170848UNKNUK,KIDdesigns,KIDdesigns MO-B52.FXV23 Super Mario Over-Ear Bluetooth Kids Headphones - Multi,MO-B52.FXV23/CA,092298951935,17084810,Unknown,Unknown,"",,
3921283,XBOX150004UNKNUK,POWERA,POWERA XBOX WIRED CTRL BLACK,1516953-01,617885024146,15000497,Unknown,Unknown,"",,
3921284,RAZEDEATESSE170766UNKNUK,Razer,Razer DeathAdder Essential Mouse White,RZ01-03850200-R3U1,810056142643,17076601,Unknown,Unknown,"",,
3921285,LOGIDESKMK12102072UNKNUK,LOGITECH,LOGITECH DESKTOP MK120,920-002565,097855065476,10207205,Unknown,Unknown,"",,
3921286,VENU2GRAN646054UNKNUK,TL,VENU 2 - GRANITE BLUE,010-02430-00,753759271794,6460546,Unknown,Unknown,"",,
3921287,SOUNBYANKE155603UNKNUK,Soundcore,Soundcore by Anker Rave PartyCast Splashproof Bluetooth Wireless Speaker - Black,A3390Z12-5/,Unknown,15560397,Unknown,Unknown,"",,
3921288,TBSTEA700169238UNKNUK0002,TL,TB STEALTH 700 GEN2 MAX H BLK,TBS-3790-02,731855037919,16923815,Unknown,Unknown,"",,
3921289,BOSEQUIE45164740UNKNUK,TL,BOSE QUIETCOMFORT 45 NC OVE HP MDNT BLUE,866724-0300,17817844420,16474097,Unknown,Unknown,"",,
3921290,TBSTEA600X162068UNKNUK0002,TL,TB STEALTH 600X GEN 2 MAX MLTPLT HS BLK,7.31855E+11,731855023639,16206896,Unknown,Unknown,"",,
3921291,TBSTEA600X162068UNKNUK,TL,TB STEALTH 600X GEN 2 USB WL HS BLACK,7.31855E+11,731855023738,16206895,Unknown,Unknown,"",,
3921292,HYPECLOUIII171661UNKNUK,TL,HyperX Cloud III Wired Gaming HS RED/BLK,727A9AA,197029008237,17166109,Unknown,Unknown,"",,
3921293,BOSEQUIEEARB163781UNKNUK,BOSE,Bose QuietComfort Earbuds II In-Ear Noise Cancelling True Wireless Earbuds - Soapstone,870730-0020/CA,Unknown,16378176,Unknown,Unknown,"",,
3921294,TURTBEACTBS169238UNKNUK,Turtle Beach,Turtle Beach TBS-2360-02 Stealth Pro Wireless Noise-Cancelling Gaming Headset - Dual Batteries - Black,TBS-2360-02/CA,731855023615,16923816,Unknown,Unknown,"",,
3921295,PHILSP9813160118UNKNUK,TL,PHILIPS SP9871/13 S9000 PRESTIGE SHAVER,SP9871/13,75020102638,16011815,Unknown,Unknown,"",,
3921296,PS5165313UNKNUK,Turtle Beach,Turtle Beach Stealth 600 Gen 2 Max Wireless Gaming Headset for PS5/PS4 - Black,TBS-3160-02/CA,731855031610,16531335,Unknown,Unknown,"",,
3921297,CORSH100ELIT166581UNKNUK,TL,Corsair H100i ELITE CAPELLIX XT Liq Cool,CW-9060068-WW,840006683476,16658116,Unknown,Unknown,"",,
3921298,JBLTUNE310C178579UNKNUK,TL,JBL TUNE 310C USB-C IE HP BLK,JBLT310CBLKAM,50036401005,17857919,Unknown,Unknown,"",,
3921299,RAYCTHEEVER156995UNKNUK,RAYCON,Raycon The Everyday In-Ear Sound Isolating True Wireless Earbuds - Frost White,RBE725-21E-WHI/CA,Unknown,15699542,Unknown,Unknown,"",,
3921300,PHILMULTSERI143744UNKNUK,TL,Philips Multigroom Series 7000,MG7770/18,75020070067,14374471,Unknown,Unknown,"",,
3921301,TUNE660NNOIS650808UNKNUK,TL,TUNE 660NC NOISE CANCELLING HEADPHONES,JBLT660NCBLKAM,050036380782,6508087,Unknown,Unknown,"",,
3921302,JBLGO3150021UNKNUK,JBL _,JBL Go 3 Waterproof Bluetooth Wireless Speaker - Black,JBLGO3BLKAM,Unknown,15002128,Unknown,Unknown,"",,
3921304,APPLEARPWITH105888UNKNUK,Apple,APPLE EARPODS WITH LIGHTNING CONNECTOR,EARPODS/CA,190198001696,10588892,Unknown,Unknown,"",,
3921305,VTECVDFRM77M7754146368UNKNUK,TL,VTECH VDF RM7754HD SMARTWIFI BABYMONITOR,RM7754HD,882032190115,14636800,Unknown,Unknown,"",,
3921306,SONYWFC700170422UNKNUK,Sony,Sony WF-C700N In-Ear Noise Cancelling True Wireless Earbuds - Black,WF-C700N/B/CA,Unknown,17042261,Unknown,Unknown,"",,
3921307,SENNHD450B0UNKNUK,Sennheiser,Sennheiser HD 450BT Over-Ear Noise Cancelling Wireless Headphones - White,HD450BT WH/CA,Unknown,0,Unknown,Unknown,"",,
3921308,SKULSMOKBUDS171664UNKNUK,SKULLCANDY - HEADPHONES,Skullcandy Smokin Buds In-Ear Sound Isolating True Wireless Earbuds - Black,S2TAW-R740/CA,810045688770,17166489,Unknown,Unknown,"",,
3921310,SAMSUNGGALAX0UNKNUK,Samsung,SAMSUNG GALAXY WATCH 4 40MM PINK GOLD,SM-R860NZDAXAC/CA,887276554877,0,Unknown,Unknown,"",,
3921312,SAMTABA7LIT155545UNKNUK,Samsung,Samsung Galaxy Tab A7 Lite - Gray,SM-T227UZAAXAC/CA,Unknown,15554556,Unknown,Unknown,"",,
3921314,SOUNBYANKE165501UNKNUK,Soundcore,Soundcore by Anker Space A40 In-Ear Noise Cancelling True Wireless Earbuds - Black,A3936Z11-5/CA,Unknown,16550127,Unknown,Unknown,"",,
3921315,JBLVIBEFLEX170395UNKNUK,TL,JBL VIBE FLEX TRUE WIRELESS HP WHITE,JBLVFLEXWHTAM,50036391344,17039524,Unknown,Unknown,"",,
3921316,CORSH150ELIT160248UNKNUK,TL,Corsair H150i ELITE LCD CPU Cooler,CW-9060062-WW,840006648147,16024868,Unknown,Unknown,"",,
3921317,SHARCD29CD177024UNKNUK,TL,SHARP CD290 CD BOOMBOX W/ CASSETTE,QT-CD290,74000702325,17702457,Unknown,Unknown,"",,
3921318,RAZEKRAKKITTM1147012UNKNUK,TL,RAZER KRAKEN KITTY CHROMA HS USB BLK ENG,RZ04-02980100-R3M1,811659033680,14701276,Unknown,Unknown,"",,
3921319,PHILMG7928172615UNKNUK,TL,PHILIPS MG7960/28 MULTIGRM S7000 TRIMMER,MG7960/28,75020107381,17261564,Unknown,Unknown,"",,
3921320,BOSEQUIEULTR177015UNKNUK,TL,BOSE QUIETCOMFORT ULTRA EARBUDS MOON BLU,882826-0050,17817851329,17701536,Unknown,Unknown,"",,
3921321,NANO4DSCRE171631UNKNUK,TL,"Nanoleaf 4D Screen Mirror+Light Strip65""",NF082K03-40LS,4897105333845,17163109,Unknown,Unknown,"",,
3921322,JBLSOUNSENS178579UNKNUK,TL,JBL SOUNDGEAR SENSE OPEN EAR BT HP BLK,JBLSNDGEARSNSBLKAM,50036397292,17857918,Unknown,Unknown,"",,
3921323,SINGSPKAKARA138750UNKNUK,TL,Singsation SPKA710 Karaoke System,SPKA710,44476136672,13875012,Unknown,Unknown,"",,
3921324,LOGIG713TACT163717UNKNUK,TL,Logitech G713 Tactile TKL RGB KB,7044072,97855170248,16371708,Unknown,Unknown,"",,
3921325,NIGHOWLCAN157652UNKNUK,TL,Night Owl CAN-BTD2-81-8LSA 8x8 1080p Kit,CAN-BTD2-81-8LSA,816522024819,15765227,Unknown,Unknown,"",,
3921326,MOTOROLAMOTO181973UNKNUK,Motorola,Motorola Moto Watch 120 45mm Smartwatch with Heart Rate Monitor - Black,MOSWZ120-PB/CA,Unknown,18197367,Unknown,Unknown,"",,
3921327,BOSEQUIEULTR172128UNKNUK,BOSE,Bose QuietComfort Ultra Over-Ear Noise Cancelling Bluetooth Headphones - White Smoke,880066-0200/CA,Unknown,17212851,Unknown,Unknown,"",,
3921328,TBSTEA700183935UNKNUK,TL,TB STEALTH 700 GEN 2 MAX COBALT BLUE,TBS-3794-02,731855037957,18393531,Unknown,Unknown,"",,
3921339,DYSO400701164483UNKNUK,Dyson,Dyson 400717-01 Airwrap Styler Complete Long Curling Iron - Nickel/ Copper,400717-01/CA,885609026909,16448311,Unknown,Unknown,"",,
3921340,AIRPODSMAX152045UNKNUK,Apple,AIRPODS MAX OVE BT HP SILVER,MGYJ3AM/A,194252244975,15204589,Unknown,Unknown,"",,
3921341,APPLEWATCHS7158480UNKNUK,Apple,APPLE WATCH S7 41 GPS MDNT AL MDNT SB OB,MKMX3VC/A,400101380993,15848057,Unknown,Unknown,"",,
3921342,SAMGW6CLASS171667UNKNUK,Samsung,SAMSUNG GW6 CLASSIC 47MM BT BLACK,SM-R960NZKAXAC,887276774046,17166716,Unknown,Unknown,"",,
3921343,GARMFENI6138935UNKNUK,Garmin,GARMIN FENIX 6 BLACK/BLACK BAND,FENIX 6 PRO,753759232719,13893590,Unknown,Unknown,"",,
3921344,SAMGLXYW5PR163819UNKNUK,Samsung,SAMSUNG GLXY W5 PRO BT 45MM BK TITANIUM,SM-R920NZKAXAC,887276664491,16381997,Unknown,Unknown,"",,
3921345,SAMSUNGSMR96171667UNKNUK0002,Samsung Watch,Samsung SM-R960NZSAXAC Galaxy Watch6 Classic (GPS) 47mm Smartwatch with Heart Rate Monitor - Silver,SM-R960NZSAXAC/CA,887276774022,17166717,Unknown,Unknown,"",,
3921346,SAMSUNGGALAX163819UNKNUK,Samsung,Samsung Galaxy Watch5 Pro (GPS) 45mm Smartwatch with Heart Rate Monitor - Grey,SM-R920NZTAXAC/CA,887276664460,16381998,Unknown,Unknown,"",,
3921347,LENODUET3171583UNKNUK,Lenovo,LENOVO Duet 3 2K 4G 128G W/KYB,82T6002YCF,197528449289,17158343,Unknown,Unknown,"",,
3921348,DYSO386701156177UNKNUK,Dyson,Dyson 386730-01 Supersonic Hair Dryer - Iron/ Fuchsia,386730-01/CA,885609024578,15617757,Unknown,Unknown,"",,
3921349,SONYWH1000M5161621UNKNUK0005,Sony _,Sony WH-1000XM5 Over-Ear Noise Cancelling Bluetooth Headphones - Black,WH1000XM5/B/CA,027242923232,16162187,Unknown,Unknown,"",,
3921350,PS5144756UNKNUK,LOGITECH,Logitech 941-000147 G923 True Force Racing Wheel for PlayStation 5/ PC - Black,941-000147/CA,097855146687,14475614,Unknown,Unknown,"",,
3921351,ASUSTUFGAMI164866UNKNUK,ASUS,ASUS TUF GAMING X670E-PLUS WIFI MB,TUF X670E-PLUS WIFI,195553905732,16486608,Unknown,Unknown,"",,
3921352,ASUSC523BH03156527UNKNUK,ASUS,ASUS C523NA-BH03-CB N3350/4GB/64GB/15,C523NA-BH03-CB,195553246026,15652750,Unknown,Unknown,"",,
3921353,BOSE79420100135953UNKNUK,BOSE,Bose 794297-0100 Noise Cancelling Bluetooth Headphones 700 with Google Assistant/ Amazon Alexa - Triple Black,794297-0100/CA,017817796163,13595376,Unknown,Unknown,"",,
3921354,BEATBYDR171608UNKNUK,Beats by Dr. Dre,Beats By Dr. Dre MQTP3LL/A Studio Pro Over-Ear Noise Cancelling Bluetooth Headphones - Black,MQTP3LL/A/CA,194253715092,17160835,Unknown,Unknown,"",,
3921355,BOSE86670100156907UNKNUK,BOSE,Bose 866724-0100 QuietComfort 45 Wireless Noise Cancelling Over-the-Ear Headphones - Triple Black,866724-0100/CA,017817835015,15690720,Unknown,Unknown,"",,
3921356,BEATBYDR125608UNKNUK,Beats by Dr. Dre,Beats By Dr. Dre MX422LL/A Studio3 Over-Ear Noise Cancelling Bluetooth Headphones - Black/ Red,MX422LL/A/CA,190199312968,12560878,Unknown,Unknown,"",,
3921357,BOSEHEAD700135953UNKNUK,BOSE,BOSE HEADPHONES 700 NC BT OE HP BLK,BOSE HEADPH 700 BLK,017817796163,13595376,Unknown,Unknown,"",,
3921358,STEEARCTNOVA162973UNKNUK,STEELSERIES,STEELSERIES ARCTIS NOVA PRO WL XB HS BLK,61521,813682027605,16297336,Unknown,Unknown,"",,
3921359,SAMSUNGSMR93171667UNKNUK0002,Samsung Watch,Samsung SM-R930NZKAXAC Galaxy Watch6 (GPS) 40mm Smartwatch with Heart Rate Monitor - Graphite,SM-R930NZKAXAC/CA,887276772929,17166727,Unknown,Unknown,"",,
3921360,JBLPARTON150021UNKNUK,JBL,JBL PARTYBOX ON-THE-GO PARTY SPEAKER BLK,JBLPARTYBOXGOBAM,050036372596,15002132,Unknown,Unknown,"",,
3921361,SAMSUNGGALAX156056UNKNUK0002,Samsung,SAMSUNG GALAXY WATCH 4 44MM BLACK,GALAXY WATCH4,887276554891,15605614,Unknown,Unknown,"",,
3921362,ASUSL510BH09157799UNKNUK,ASUS,ASUS L510MA-BH09-CB N4020/4GB/128GB/15,L510MA-BH09-CB,195553746137,15779904,Unknown,Unknown,"",,
3921363,XBOX136390UNKNUK,Astro,ASTRO Gaming A50 Wireless Gaming Headset with Base Station for Xbox One,939-001680/CA,Unknown,13639017,Unknown,Unknown,"",,
3921364,LENOTABP11169456UNKNUK,Lenovo,Lenovo TAB P11 2ND 2k 4GB 64GB,ZABF0003US,196801870802,16945647,Unknown,Unknown,"",,
3921365,SAMSUNGGALAX156056UNKNUK,Samsung,SAMSUNG GALAXY WATCH 4 44MM SILVER,GALAXY WATCH4,887276554884,15605608,Unknown,Unknown,"",,
3921366,OWLEBM06DREAM06162417UNKNUK,Owlet,Owlet BM06NMMCJ Dream Sock Wearable Baby Monitor - Mint Green,BM06NMMCJ/CA,850028962428,16241789,Unknown,Unknown,"",,
3921367,GOPRCHDC101175024UNKNUK,GoPro,GoPro CHDCB-101-TH HERO10 Black Waterproof 5.3K Sports & Helmet Camera Bundle- Black,CHDCB-101-TH/CA,818279029031,17502416,Unknown,Unknown,"",,
3921368,SONYWF10ANCM5171709UNKNUK0002,HP,SONY WF1000XM5 ANC TW BT IE HP BLACK,WF1000XM5/B,027242925601,17170910,Unknown,Unknown,"",,
3921369,BEATSTUD3115345UNKNUK,APPLE -,BEATS STUDIO 3 BT OVER-EAR HP BLACK,MX3X2LL/A,190199312722,11534527,Unknown,Unknown,"",,
3921370,AMAZB08MECHO157499UNKNUK,Amazon,Amazon B08MQLDFF6 Echo Show 15.6-inch Smart Display with Alexa & Fire TV - Black/ White,B08MQLDFF6/CA,840080594262,15749970,Unknown,Unknown,"",,
3921371,BEATSTUD3131880UNKNUK,Apple,BEATS STUDIO 3 BT OVE SKYLINE COL MN BLK,MXJA2LL/A,190199462809,13188016,Unknown,Unknown,"",,
3921372,CORSVIRTRGB156600UNKNUK,Corsair,CORSAIR VIRTUOSO RGB WL XT H-FD G HS BLK,CA-9011188-NA,840006605843,15660078,Unknown,Unknown,"",,
3921373,SAMSUNGSMR93171667UNKNUK,Samsung Watch,Samsung SM-R930NZEAXAC Galaxy Watch6 (GPS) 40mm Smartwatch with Heart Rate Monitor - Cream,SM-R930NZEAXAC/CA,887276772967,17166714,Unknown,Unknown,"",,
3921374,LOGIPROX170901UNKNUK,LOGITECH,LOGITECH PRO X 2 LIGHTSPEED BLACK,981-001262,097855183767,17090110,Unknown,Unknown,"",,
3921375,SONYWFLSW161781UNKNUK,Sony _,Sony WFLS900N/W LinkBuds S In-Ear Noise Cancelling True Wireless Earbuds - White,WFLS900N/W/CA,027242923393,16178137,Unknown,Unknown,"",,
3921376,JBLJBLLLIVE178579UNKNUK,JBL _,JBL (JBLLIVE770NCBLKAM) Live 770NC Over-Ear Noise Cancelling Bluetooth Headphones - Black,JBLLIVE770NCBLKAM/CA,050036397476,17857929,Unknown,Unknown,"",,
3921377,ASUSL510BB09170771UNKNUK,Asus PC,Asus L510MA-BB09-CB Vivobook Go Laptop 15.6-inch Intel Celeron N4020 1.1GHz 4GB RAM 128GB SSD - Star Black,L510MA-BB09-CB/CA,197105177895,17077175,Unknown,Unknown,"",,
3921378,BREVBREBTEAM800101489UNKNUK,BREVILLE,Breville BREBTM800XL Tea Maker,BREBTM800XL/CA,Unknown,10148908,Unknown,Unknown,"",,
3921379,SAMSUNGGALAX171667UNKNUK,Samsung,Samsung Galaxy Watch6 (GPS) 44mm Smartwatch with Heart Rate Monitor - Graphite,SM-R940NZKAXAC/CA,887276773971,17166724,Unknown,Unknown,"",,
3921380,SAMSMR510NL163719UNKNUK,Samsung -,Samsung SM-R510NLVAXAC Galaxy Buds2 Pro In-Ear Noise Cancelling Truly Wireless Headphones - Bora Purple,SM-R510NLVAXAC/CA,887276709147,16371993,Unknown,Unknown,"",,
3921381,FITBVERS3148824UNKNUK,FITBIT,FITBIT VERSA 3 MIDNIGHT/GOLD,VERSA 3,811138039998,14882492,Unknown,Unknown,"",,
3921382,LENOTABM10160648UNKNUK,Lenovo,LENOVO TAB M10 PLUS 3RD FHD 3G 32G,ZAAJ0039US,196378893891,16064809,Unknown,Unknown,"",,
3921383,SAMSUNGSMR86156056UNKNUK,Samsung Watch,Samsung SM-R860NZKAASA Galaxy Watch4 40mm Smartwatch with Heart Rate Monitor - Black,SM-R860NZKAASA/CA,0887276554860,15605606,Unknown,Unknown,"",,
3921384,ALTELANSIMW4149228UNKNUK,Altec Lansing,Altec Lansing IMW4005-RYB-FR-2 HydraShock Waterproof Bluetooth Wireless Speaker - Black/ Royal Blue,IMW4005-RYB-FR-2/CA,021331013927,14922860,Unknown,Unknown,"",,
3921385,LENOTABM11177447UNKNUK,Lenovo,Lenovo Tab M11 11 4GB 64GB,ZADA0047US,197532686649,17744707,Unknown,Unknown,"",,
3921387,PS5165717UNKNUK,Sony PlayStation,Sony 1000033305 PlayStation 5 DualSense Edge Wireless Controller - White,1000033305/CA,711719559320,16571772,Unknown,Unknown,"",,
3921388,NVID9451289142762UNKNUK,NVIDIA,Nvidia 945-12897-2500-101 Shield Android TV Pro 16GB 4K HDR Media Streamer - English,945-12897-2500-101/CA,812674023038,14276267,Unknown,Unknown,"",,
3921389,FITBSENSCARB148824UNKNUK,FITBIT,FITBIT SENSE CARBON/GRAPHITE,SENSE,811138036997,14882490,Unknown,Unknown,"",,
3921390,BEATBYDR166847UNKNUK,Beats by Dr. Dre,Beats By Dr. Dre MPLL3LL/A Fit Pro In-Ear Noise Cancelling Truly Wireless Headphones - Tidal Blue,MPLL3LL/A/CA,194253315223,16684731,Unknown,Unknown,"",,
3921391,BOSE83120010148975UNKNUK,BOSE,Bose 831262-0010 QuietComfort Earbuds True Wireless Noise Cancelling In-Ear Earbuds,831262-0010/CA,017817804516,14897566,Unknown,Unknown,"",,
3921392,SONYWHCH72167031UNKNUK,Sony _,Sony WH-CH720N Over-Ear Noise Cancelling Bluetooth Headphones - Black,WHCH720N/B/CA,027242925397,16703135,Unknown,Unknown,"",,
3921393,ULTIEARS984129028UNKNUK,Ultimate Ears,Ultimate Ears 984-001390 MEGABOOM 3 Waterproof Bluetooth Wireless Speaker - Black,984-001390/CA,097855141088,12902850,Unknown,Unknown,"",,
3921395,JABR1009916172019UNKNUK,Jabra,Jabra 100-99160900-99 Elite 8 Active In-Ear Noise Cancelling True Wireless Earbuds - Black,100-99160900-99/CA,615822018029,17201943,Unknown,Unknown,"",,
3921396,FITBVERS4163904UNKNUK,FITBIT,FITBIT VERSA 4 GRAPHITE/BLACK BAND,FB523,810038858753,16390440,Unknown,Unknown,"",,
3921397,SONYWHXBB157448UNKNUK,Sony,SONY WHXB910N/B OVE X-BASS NC HP BLACK,WHXB910N/B,027242922723,15744832,Unknown,Unknown,"",,
3921398,BEATBYDR170747UNKNUK0002,Beats by Dr. Dre,Beats By Dr. Dre MQLH3LL/A Studio Buds + In-Ear Noise Cancelling True Wireless Earbuds - Black/ Gold,MQLH3LL/A/CA,194253563624,17074722,Unknown,Unknown,"",,
3921399,PS5166125UNKNUK,PDP,PDP 052-002-BK Victrix Pro BFG Wireless Controller for PS5/ PS4/ PC - Black,052-002-BK/CA,708056069957,16612517,Unknown,Unknown,"",,
3921400,BEATBYDR170747UNKNUK,Beats by Dr. Dre,Beats By Dr. Dre MQLK3LL/A Studio Buds + In-Ear Noise Cancelling Truly Wireless Earbuds - Transparent,MQLK3LL/A/CA,194253563846,17074723,Unknown,Unknown,"",,
3921401,XBSX137023UNKNUK,MICROSOFT XBOX,Microsoft FST-00001 Xbox Elite Series 2 Wireless Controller for Xbox Series XS / Xbox One - Black,FST-00001/CA,889842196344,13702316,Unknown,Unknown,"",,
3921402,STEE6156ARCT164939UNKNUK,STEELSERIES,SteelSeries 61565 Arctis Nova 7X Wireless Gaming Headset - Black,61565/CA,813682027735,16493970,Unknown,Unknown,"",,
3921403,LOGI9100058151471UNKNUK,LOGITECH,"Logitech 910-005878 G Pro X Superlight 25,600 DPI Wireless HERO Optical Gaming Mouse - Black",910-005878/CA,097855158017,15147119,Unknown,Unknown,"",,
3921404,RAZEBLACV2155668UNKNUK,Razer,RAZER BLACKSHARK V2 PRO WL GAMING HS BLK,RZ04-03220100-R3U1,811659037527,15566864,Unknown,Unknown,"",,
3921405,AIRPODS4184709UNKNUK,Apple,AIRPODS 4 WITH CHARGING CASE (USB-C),MXP63AM/A,195949688454,18470962,Unknown,Unknown,"",,
3921407,JABRELIT5164483UNKNUK,Jabra,Jabra Elite 5 In-Ear Noise Cancelling True Wireless Earbuds - Titanium Black,ELITE 5/BLK/CA,615822016445,16448307,Unknown,Unknown,"",,
3921408,PS5148928UNKNUK,Turtle Beach,Turtle Beach TBS-3780-02 Stealth 700P Gen 2 Wireless Gaming Headset with Microphone for PS5/ PS4 - Black,TBS-3780-02/CA,731855037803,14892812,Unknown,Unknown,"",,
3921409,FITBVERS2138646UNKNUK,FITBIT,FITBIT VERSA 2 BLACK/CARBON,VERSA 2,811138036706,13864604,Unknown,Unknown,"",,
3921410,RAZERZ010439161575UNKNUK,Razer,Razer RZ01-04390200-R3U1 Viper V2 Pro 3200 DPI Wireless Gaming Mouse - White,RZ01-04390200-R3U1/CA,840272901526,16157520,Unknown,Unknown,"",,
3921411,SAMBUDS2INE156152UNKNUK0002,Samsung -,Samsung Galaxy Buds2 In-Ear Noise Cancelling Truly Wireless Headphones - Black,GALAXY BUDS2/BLK/CA,887276573786,15615205,Unknown,Unknown,"",,
3921412,JABR1009980129171UNKNUK,Jabra,Jabra 100-99800900-02 Talk 45 Mono Bluetooth Headset,100-99800902-20/CA,615822011495,12917121,Unknown,Unknown,"",,
3921413,SAMBUDS2INE156152UNKNUK,Samsung -,Samsung Galaxy Buds2 In-Ear Noise Cancelling Truly Wireless Headphones - Olive Green,GALAXY BUDS2/GREEN/CA,887276573793,15615207,Unknown,Unknown,"",,
3921414,JBLQUAN610M610159569UNKNUK,JBL,JBL QUANTUM 610 WL OVE GAMING HEADSET BK,JBLQUANTUM610BLKAM,050036388634,15956941,Unknown,Unknown,"",,
3921415,LOGI9100059151471UNKNUK,LOGITECH,Logitech 910-005940 G Pro X Superlight 25600 DPI Wireless HERO Optical Gaming Mouse - White,910-005940/CA,097855159625,15147118,Unknown,Unknown,"",,
3921416,LOGI9810008149228UNKNUK,LOGITECH,Logitech 981-000863 G733 LIGHTSPEED RGB Wireless Gaming Headset - Black,981-000863/CA,097855155580,14922896,Unknown,Unknown,"",,
3921417,XBSX166918UNKNUK,MICROSOFT XBOX,Microsoft RFZ-00017 Xbox Elite Series 2 Core Wireless Controller for Xbox Series X|S / Xbox One - Blue,RFZ-00017/CA,196388110834,16691894,Unknown,Unknown,"",,
3921418,MARLEMJA01104249UNKNUK,House of Marley,Marley EM-JA013-SB Get Together Mini Bluetooth Wireless Speaker - Signature Black,EM-JA013-SB/CA,846885008621,10424980,Unknown,Unknown,"",,
3921419,SONYWHRF40130296UNKNUK,Sony _,Sony WH-RF400 Over-Ear Sound Isolating RF Headphones - Black,WH-RF400/CA,027242914001,13029605,Unknown,Unknown,"",,
3921420,AMAZFITW2211179254UNKNUK,Amazfit,Amazfit W2211US7NCA Active Smartwatch with Heart Rate Monitor - Midnight Black,W2211US7NCA/CA,850051482238,17925457,Unknown,Unknown,"",,
3921421,SAMBUDS2WHI156152UNKNUK,Samsung,SAMSUNG GALAXY BUDS2 WHITE,GALAXY BUDS2,887276573779,15615208,Unknown,Unknown,"",,
3921422,XSXWIRECTRL166918UNKNUK0003,MICROSOFT STUDIOS,XSX WIRELESS CTRL ELITE V2 CORE RED,RFZ-00013,196388110803,16691895,Unknown,Unknown,"",,
3921423,XSXWIRECTRL166918UNKNUK0002,MICROSOFT STUDIOS,XSX WIRELESS CTRL ELITE V2 CORE BLUE,RFZ-00017,196388110834,16691894,Unknown,Unknown,"",,
3921424,FITBCHAR5156664UNKNUK,FITBIT,FITBIT CHARGE 5 LUNAR WHT SFT GOLD FRCJK,FB421,810038855905,15666447,Unknown,Unknown,"",,
3921425,FITBLUXEFITN154237UNKNUK0002,FITBIT US,Fitbit Luxe Fitness Tracker with 24/7 Heart Rate & Sleep - Black,LUXE/CA,810038854489,15423753,Unknown,Unknown,"",,
3921426,PLAN220901164866UNKNUK,Plantronics,Plantronics 220901-01 Voyager 4310 Bluetooth Headset - Black,220901-01/CA,017229179141,16486699,Unknown,Unknown,"",,
3921427,PHILHUE5627149532UNKNUK,Philips Hue,Philips Hue 562785 A19 Bluetooth LED Smart Bulbs (3-Pack) - White and Color Ambiance,562785/CA,046677562786,14953209,Unknown,Unknown,"",,
3921428,BEATSTUDTW155436UNKNUK0002,Apple,BEATS STUDIO TW ANC WHITE,MJ4Y3LL/A,400101351115,15543698,Unknown,Unknown,"",,
3921429,BEATSTUDTW155436UNKNUK,Apple,BEATS STUDIO TW ANC RED,MJ503LL/A,400101351108,15543697,Unknown,Unknown,"",,
3921430,ASUSROGFALCM601154929UNKNUK,ASUS,ASUS ROG FALCHION WL 65% NX RED MEC,M601 ROG FALCHION NX,195553031219,15492926,Unknown,Unknown,"",,
3921431,ARLOAVD1100C143081UNKNUK,Arlo,Arlo AVD1001-100CNS Essential Wired Video Doorbell - Black/ White,AVD1001-100CNS/CA,0193108139991,14308163,Unknown,Unknown,"",,
3921432,PLAN2035103126422UNKNUK,Plantronics,Plantronics 203500-103 Voyager 5200 Bluetooth Headset with Built-In Voice Control - Black,203500-103/CA,017229164482,12642222,Unknown,Unknown,"",,
3921433,JABR1009918159172UNKNUK,Jabra,Jabra 100-99180001-20 Elite 4 Active In-Ear Noise Cancelling Truly Wireless Headphones - Navy,100-99180001-20/CA,615822015912,15917210,Unknown,Unknown,"",,
3921434,MARLEMJA01123525UNKNUK,House of Marley,Marley EM-JA017-SB No Bounds XL Waterproof Bluetooth Wireless Speaker - Signature Black,EM-JA017-SB/CA,846885009871,12352553,Unknown,Unknown,"",,
3921435,PXLGOOGLEGA02154807UNKNUK,Google,Google GA02372-US Pixel Buds A-Series In-Ear Sound Isolating Truly Wireless Headphones - Olive,GA02372-US/CA,193575009735,15480746,Unknown,Unknown,"",,
3921436,LOGIMXMAST161575UNKNUK,LOGITECH,Logitech MX Master 3S Wireless Darkfield Mouse - Black,910-006556/CA,097855174819,16157519,Unknown,Unknown,"",,
3921437,MSSRFC127W152261UNKNUK,MICROSOFT STUDIOS,MS Srfc 127W PwrSupply US/Canada Hdwr,US7-00001,889842618228,15226185,Unknown,Unknown,"",,
3921438,GOOGNESTAUDI148987UNKNUK,Google,GOOGLE NEST AUDIO SPKR CHALK,GA01420-CA,193575006338,14898778,Unknown,Unknown,"",,
3921439,TBSTEA700X165313UNKNUK,Turtle Beach,TB STEALTH 700X GEN 2 MAX MLTPLT BLK,TBS-2790-02,731855027910,16531332,Unknown,Unknown,"",,
3921440,JLABEBEAEPIC160069UNKNUK,JLab Audio,JLab EBEAIRSPTNCRBLK82 Epic Air Sport In-Ear Noise Cancelling True Wireless Earbuds - Black,EBEAIRSPTNCRBLK82/CA,812887019316,16006936,Unknown,Unknown,"",,
3921441,JABR1009918169277UNKNUK,Jabra,Jabra 100-99183002-99 Elite 4 In-Ear Noise Cancelling Truly Wireless Headphones - Light Beige,100-99183002-99/CA,615822017978,16927770,Unknown,Unknown,"",,
3921442,LOGIMXKEYS138912UNKNUK,LOGITECH,Logitech MX Keys Wireless Backlit Keyboard,920-009295/CA,97855152732,13891231,Unknown,Unknown,"",,
3921443,BLUEB250XTS159970UNKNUK,BlueParrott,BlueParrott B250-XTS Bluetooth Headset - Black,B250-XTS/CA,615822016834,15997008,Unknown,Unknown,"",,
3921444,FITBFB42INSP164351UNKNUK,FITBIT,Fitbit FB424 Inspire 3 Fitness Tracker with Heart Rate Monitor - Morning Glow,FB424/MORNING GLOW/CA,810073610101,16435172,Unknown,Unknown,"",,
3921445,JBLLIVE660N154463UNKNUK,JBL,JBL LIVE 660NC WIRELESS OVE NC HP BLACK,JBLLIVE660NCBLKAM,050036379755,15446310,Unknown,Unknown,"",,
3921446,LOGIMXVERT129464UNKNUK,LOGITECH,LOGITECH MX VERTICAL ERGO MOUSE,910-005447,097855144461,12946485,Unknown,Unknown,"",,
3921447,VTECVM525M5254154540UNKNUK,GOOGLE America,"VTech VM5254 5-inch Video Baby Monitor with Night Light, Night Vison & Two-Way Audio - White",VM5254/CA,882032190221,15454080,Unknown,Unknown,"",,
3921448,XBOX157531UNKNUK,Razer,RAZER XBOX X WIRED CTRL WOLVERINE V2 WH,RZ06-03560200-R3U1,810056144692,15753107,Unknown,Unknown,"",,
3921449,FITBLUXEBLAC154237UNKNUK,FITBIT,FITBIT LUXE BLACK,LUXE,810038854489,15423753,Unknown,Unknown,"",,
3921450,STEEARCT1139462UNKNUK,STEELSERIES,STEELSERIES ARCTIS 1 WRLS PC GAMING HS,61512,813682026820,13946270,Unknown,Unknown,"",,
3921451,JBLLIVE460N154463UNKNUK,JBL,JBL LIVE 460NC WIRELESS OE NC HP BLACK,JBLLIVE460NCBLKAM,050036379601,15446306,Unknown,Unknown,"",,
3921452,JBLLIVEPRO163733UNKNUK,JBL,JBL LIVE PRO 2 TWS NC EARBUDS BLACK,JBLLIVEPRO2TWSBAM,050036388061,16373352,Unknown,Unknown,"",,
3921453,XBOX174009UNKNUK,POWERA,POWERA XBOX WIRED CTRL CTN RED,1519366-01,617885025426,17400971,Unknown,Unknown,"",,
3921454,BLINB08SVIDE157536UNKNUK,Blink,Blink B08SFZQRP1 Video Doorbell with Sync Module 2 - Black,B08SFZQRP1/CA,840080537139,15753630,Unknown,Unknown,"",,
3921455,CORSCH9315144157UNKNUK,Corsair,Corsair CH-9315411-NA Dark Core RGB Pro 18000 dpi Wireless Optical Gaming Mouse - Black,CH-9315411-NA/CA,840006616023,14415754,Unknown,Unknown,"",,
3921456,FITBLUXEFITN154237UNKNUK,FITBIT,"Fitbit Luxe Fitness & Wellness Tracker - Orchid/Platinum Stainless Steel, Pink",LUXE,810038855370,15423752,Unknown,Unknown,"",,
3921457,TCLFLIP4058165668UNKNUK,TCL,TCL Flip (4058E) 8GB Cellphone - Volcano Black,4058E/CA,628214418253,16566874,Unknown,Unknown,"",,
3921458,JBLENDUPEAK169242UNKNUK,JBL,JBL ENDURANCE PEAK 3 TWS SPORT HP BLACK,JBLENDURPEAK3BLKAM,050036390095,16924262,Unknown,Unknown,"",,
3921459,NSWJOYCON123029UNKNUK,Nintendo,NSW JOY-CON (L/R) NEON PINK / NEON GREEN,HACAJAHAA,045496881900,12302915,Unknown,Unknown,"",,
3921460,FITBINSP2148824UNKNUK,FITBIT,Fitbit Inspire 2 Fitness Tracker with 24/7 Heart Rate - Black,INSPIRE 2/BLK/CA,810038852805,14882488,Unknown,Unknown,"",,
3921461,RAZERZ010487169327UNKNUK,Razer,Razer RZ01-04870100-R3U1 Basilisk V3 X HyperSpeed 18000 DPI Wireless Optical Gaming Mouse - Classic Black,RZ01-04870100-R3U1/CA,840272906965,16932767,Unknown,Unknown,"",,
3921462,AMAZFITW2171166847UNKNUK,Amazfit,Amazfit W2171GL1N Bip 3 Pro 43mm Smartwatch with Heart Rate Monitor - Black,W2171GL1N/CA,850037656547,16684751,Unknown,Unknown,"",,
3921463,HOUSOFMARL148824UNKNUK,House of Marley,House of Marley EM-JH134-SB Positive Vibration 2 On-Ear Bluetooth Headphones - Signature Black,EM-JH134-SB/CA,846885010365,14882482,Unknown,Unknown,"",,
3921464,BEATBYDR179350UNKNUK,Beats by Dr. Dre,Beats By Dr. Dre MUVW3LL/A Solo Buds In-Ear Sound Isolating Truly Wireless Headphones - Matte Black,MUVW3LL/A/CA,195949116353,17935079,Unknown,Unknown,"",,
3921465,LOGI9200082105640UNKNUK,LOGITECH,Logitech (920-008219) MK850 Bluetooth Optical Ergonomic Keyboard & Mouse Combo,920-008219/CA,097855124265,10564041,Unknown,Unknown,"",,
3921466,FITBACE3153117UNKNUK,FITBIT,Fitbit Ace 3 Kids Activity Tracker - Black,ACE 3/BLK/CA,Unknown,15311775,Unknown,Unknown,"",,
3921467,PS5173410UNKNUK0003,Sony PlayStation,Sony 1000039942 PlayStation 5 DualSense Wireless Controller - Volcanic Red,1000039942/CA,711719572695,17341066,Unknown,Unknown,"",,
3921468,PS5159057UNKNUK,Sony PlayStation,Sony 3006413 PlayStation 5 DualSense Wireless Controller - Nova Pink,3006413/CA,711719546788,15905710,Unknown,Unknown,"",,
3921469,TPLINKRE65138936UNKNUK,DYNEX,TP-Link RE650 AC2600 Wi-Fi Range Ext,RE650,0845973095857,13893661,Unknown,Unknown,"",,
3921470,BEATBYDR150628UNKNUK,Beats by Dr. Dre,Beats By Dr. Dre MYMC2LL/A Flex In-Ear Bluetooth Headphones - Beats Black,MYMC2LL/A/CA,190199801561,15062821,Unknown,Unknown,"",,
3921471,PS5154802UNKNUK0002,Sony PlayStation,Sony 3006410 PlayStation 5 DualSense Wireless Controller - Midnight Black,3006410/CA,711719546757,15480210,Unknown,Unknown,"",,
3921472,XBOX171830UNKNUK,PDP,PDP AIRLITE Pro WL XBOX HS Jolt Green,049-021-JGR-CA,708056071141,17183095,Unknown,Unknown,"",,
3921473,PS5173410UNKNUK0002,HP,PS5 DUALSENSE CTRL VOLCANIC RED,1000039942,711719572695,17341066,Unknown,Unknown,"",,
3921474,PS5173410UNKNUK,Sony,PS5 DUALSENSE WIRELESS CTRL COBALT BLUE,1000039943,711719572688,17341065,Unknown,Unknown,"",,
3921475,RAZEKRAKV3153413UNKNUK,Razer,Razer Kraken V3 X Gaming Headset (RZ04-03750100-R3U1) - Black,RZ04-03750100-R3U1,810056141530,15341355,Unknown,Unknown,"",,
3921476,RAZERZ040375153413UNKNUK,Razer,Razer RZ04-03750100-R3U1 Kraken V3 X Gaming Headset - Black,RZ04-03750100-R3U1/CA,810056141530,15341355,Unknown,Unknown,"",,
3921477,RAYCEVERTW156995UNKNUK,RAYCON,RAYCON EVERYDAY TW ROSE GOLD,RBE725-21E-ROS,811162030978,15699541,Unknown,Unknown,"",,
3921478,URBACOPETW164846UNKNUK,Urbanista,URBANISTA COPENHAGEN TW BLACK,1036602,810031140664,16484616,Unknown,Unknown,"",,
3921479,BEATFLEXWIRE150628UNKNUK,Apple,BEATS FLEX WIRELESS IE HP BEATS BLACK,MYMC2LL/A,190199801561,15062821,Unknown,Unknown,"",,
3921480,XBOX176611UNKNUK,MICROSOFT XBOX,Microsoft QAU-00125 Xbox Wireless Controller - Dream Vapor,QAU-00125/CA,196388141456,17661143,Unknown,Unknown,"",,
3921481,JBLJBLTTUNE154581UNKNUK,JBL _,JBL JBLT500BTBLKAM Tune 500BT On-Ear Bluetooth Headphones - Black,JBLT500BTBLKAM/CA,050036355674,15458144,Unknown,Unknown,"",,
3921482,SKULS5PRP740160069UNKNUK,SkullCandy,Skullcandy S5PRW-P740 Riff 2 Wireless On-Ear Sound Isolating Bluetooth Headphones - True Black,S5PRW-P740/CA,810045686677,16006903,Unknown,Unknown,"",,
3921483,XBOX177205UNKNUK,MICROSOFT XBOX,Microsoft QAU-00103 Xbox Wireless Controller - Nocturnal Vapor Edition,QAU-00103/CA,889842946901,17720564,Unknown,Unknown,"",,
3921484,CORSVIRTRGB636042UNKNUK,Corsair,CORSAIR VIRTUOSO RGB WIRELESS SE HIGH-F,CA-9011180-NA,843591077521,6360427,Unknown,Unknown,"",,
3921485,XBOX149652UNKNUK0002,Microsoft,Xbox Wireless Controller (QAU-00001) - Shock Blue,QAU-00001/CA,889842613872,14965239,Unknown,Unknown,"",,
3921486,XBOX149652UNKNUK,MICROSOFT XBOX,Microsoft Xbox QAU-00001 Wireless Controller - Shock Blue,QAU-00001/CA,889842613872,14965239,Unknown,Unknown,"",,
3921487,XBOX160575UNKNUK,MICROSOFT XBOX,Microsoft QAU-00082 Xbox Wireless Controller - Deep Pink,QAU-00082/CA,889842875560,16057596,Unknown,Unknown,"",,
3921488,STEEARCTPRIM155604UNKNUK,STEELSERIES,STEELSERIES ARCTIS PRIME GAMING HS BLK,61487,810052980140,15560442,Unknown,Unknown,"",,
3921489,XBOX153635UNKNUK,MICROSOFT STUDIOS,XBOX WIRELESS CTLR ELECTRIC VOLT,QAU-00021,889842716511,15363532,Unknown,Unknown,"",,
3921490,XBOX166094UNKNUK0005,MICROSOFT STUDIOS,XBOX X WIRELESS CTRL CARBON BLACK V2,QAT-00007,889842654776,16609480,Unknown,Unknown,"",,
3921491,XBOX166094UNKNUK0004,MICROSOFT STUDIOS,XBOX X WIRELESS CTRL SHOCK BLUE V2,QAU-00065,889842782721,16609481,Unknown,Unknown,"",,
3921492,XBOX166094UNKNUK0003,MICROSOFT STUDIOS,XBOX X WIRELESS CTRL ROBOT WHITE V2,QAS-00007,889842654691,16609482,Unknown,Unknown,"",,
3921493,BLUEMICR1929104251UNKNUK,Blue Microphones,Blue Microphones 1929 SNOWBALL BLK Snowball Condenser Mic - Black,1929 SNOWBALL BLK/CA,836213001929,10425172,Unknown,Unknown,"",,
3921494,PS4104879UNKNUK,Sony,PS4 DUALSHOCK 4 CTRL JET BLACK,3001539,711719504306,10487973,Unknown,Unknown,"",,
3921495,PS4138354UNKNUK,Sony,PS4 DUALSHOCK 4 CTRL GLACIER WHITE,3004377,711719530381,13835482,Unknown,Unknown,"",,
3921496,PS4105208UNKNUK0002,Sony,PS4 DUALSHOCK 4 CTRL MAGMA RED,3001550,711719504412,10520812,Unknown,Unknown,"",,
3921497,NSW171420UNKNUK,PDP,PDP 500-238-WH-CA Nintendo Switch Afterglow Wave Wireless Controller - White,500-238-WH-CA/CA,708056072001,17142056,Unknown,Unknown,"",,
3921498,PS4105208UNKNUK,ACTIVISION,PlayStation 4 3001547 DualShock 4 Wireless Controller - Wave Blue,3001547/CA,711719504382,10520811,Unknown,Unknown,"",,
3921499,LOGIG4327133690UNKNUK,LOGITECH,LOGITECH G432 7.1 SURR SND GAMNG HEADSET,981-000769/CA,097855145703,13369094,Unknown,Unknown,"",,
3921500,LOGI96320403100340UNKNUK,LOGITECH,Logitech (963290-0403) Extreme 3D Pro Joystick,963290-0403/CA,097855018113,10034092,Unknown,Unknown,"",,
3921501,JBLVIBE200T156675UNKNUK,JBL,JBL VIBE 200TWS TW IE BLACK,JBLV200TWSBLKAM,050036382984,15667567,Unknown,Unknown,"",,
3921502,RAZEANZUSMAR645252UNKNUK,Razer,RAZER ANZU SMART GLASSES ROUND BUNDLE L,RZ82-03630400-R3U1,810056141905,6452525,Unknown,Unknown,"",,
3921503,XBSX150004UNKNUK,POWERA,PowerA 1518810-01 Wired Controller for Xbox Series X and S - Red,1518810-01/CA,617885024832,15000499,Unknown,Unknown,"",,
3921504,XBOX157582UNKNUK,Razer,RAZER KAIRA X WIRED XBOX X S G HS BLACK,RZ04-03970100-R3U1,810056144173,15758286,Unknown,Unknown,"",,
3921505,JBLJBLTTUNE166976UNKNUK,JBL _,JBL JBLT500BLKAM Tune 500 On-Ear Headphones - Black,JBLT500BLKAM/CA,050036355889,16697690,Unknown,Unknown,"",,
3921506,JLABGOAIR161618UNKNUK,JLAB,JLAB GO AIR SPORT TW IE HP GRAPHITE,IFCEBGAIRSPRTRBLK124,812887017404,16161836,Unknown,Unknown,"",,
3921507,KIDDFRB50154476UNKNUK,KIDdesigns,KIDdesigns FR-B50.FXV9M Frozen 2 Over-Ear Noise Cancelling Bluetooth Kids Headphones - Blue,FR-B50.FXV9M/CA,092298943541,15447625,Unknown,Unknown,"",,
3921508,POWENSWWIRE170486UNKNUK,POWERA,POWERA NSW WIRED CTRL ZELDA LINK,NSGP0091-01,617885039218,17048686,Unknown,Unknown,"",,
3921509,ROKURCA1VOIC166565UNKNUK,Roku,Roku RCA1CA Voice Remote with TV Controls - Black,RCA1CA/CA,829610006253,16656523,Unknown,Unknown,"",,
3921510,LOGI9100068166659UNKNUK,LOGITECH,Logitech ( 910-006826) M325S Wireless Optical Mouse - Vivid Violet,910-006826/CA,097855183330,16665992,Unknown,Unknown,"",,
3921511,JLABGOAIR156456UNKNUK,JLAB,JLAB GO AIR POP TW IE HP BLACK,GO AIR POP,812887017183,15645661,Unknown,Unknown,"",,
3921512,APPLEARPUSB172788UNKNUK,Apple,APPLE EARPODS (USB-C),MTJY3AM/A,195949121425,17278867,Unknown,Unknown,"",,
3921513,LOGIGAMEF310101535UNKNUK,TL4,LOGITECH GAMEPAD F310,4688143,97855066954,10153594,Unknown,Unknown,"",,
3921514,SONYWHCHBT167031UNKNUK0003,TL,SONY WHCH720N BT OVE ANC HP BLUE,WHCH720N/L,27242925502,16703140,Unknown,Unknown,"",,
3921515,LOGIYETIGX172637UNKNUK,TL,Logitech Yeti GX Dynamic RGB Gaming Mic,7319351,97855190994,17263742,Unknown,Unknown,"",,
3921516,PXLGOOGLEPIXE162981UNKNUK0002,TL,GOOGLE PIXEL BUDS PRO ANC TW FOG WHT,GA03203-US,193575032306,16298163,Unknown,Unknown,"",,
3921517,HYPECLOUALPH145229UNKNUK,TL,HYPERX CLOUD ALPHA OVE HEADSET BLACK,4P5L1AA#ABL,196188048030,14522915,Unknown,Unknown,"",,
3921518,SHOKOPENMINI171153UNKNUK,TL,SHOKZ OPENRUN MINI BT HP BLACK,S803-MN-BK-CA-153,810092675914,17115308,Unknown,Unknown,"",,
3921519,CORSHS55WIRE166831UNKNUK,TL,CORSAIR HS55 WIRELESS PC GAMING HS BLK,CA-9011280-NA,840006657873,16683177,Unknown,Unknown,"",,
3921520,SHOKOPENSTAN159548UNKNUK,Shokz,SHOKZ OPENRUN-STANDARD ONE BT HP BLACK,S803-ST-BK-CA-153,810092675938,15954867,Unknown,Unknown,"",,
3921521,BOSEQUIEEARB167047UNKNUK,TL,BOSE QUIETCOMFORT EARBUDS II LE ECLP GRY,870730-0040,17817847056,16704794,Unknown,Unknown,"",,
3921522,SENNSPORTRUE650637UNKNUK,TL,SENNHEISER SPORT TRUE WIRELESS,CX200TW1 SPORT,810091270677,6506371,Unknown,Unknown,"",,
3921523,SENNACCEWL173124UNKNUK0002,TL,SENNHEISER ACCENTUM WL HP BLK,700174,810091270554,17312462,Unknown,Unknown,"",,
3921524,SOUNSPORX20179295UNKNUK,TL,SOUNDCORE SPORT X20 TW ANC BLK,A3968Z11-5,194644198268,17929524,Unknown,Unknown,"",,
3921525,LOGIMXANYW170900UNKNUK,TL,Logitech MX Anywhere 3S WL Mouse Black,7240528,97855184030,17090081,Unknown,Unknown,"",,
3921526,RAYBANMETA172471UNKNUK,TL,Ray-Ban- Meta Wayfare Matte Blk/ Gre,7318474,8056597988384,17247113,Unknown,Unknown,"",,
3921527,BRAUSHAV9330144504UNKNUK,TL,Braun Shaver 9330s Solo,81666404,69055883075,14450480,Unknown,Unknown,"",,
3921528,SONYWF10ANCM5171709UNKNUK0003,TL,SONY WF1000XM5 ANC TW BT IE HP SILVER,WF1000XM5/S,27242925618,17170909,Unknown,Unknown,"",,
3921529,HYPECLOUSTIN164743UNKNUK,TL,HYPERX CLOUD STINGER 2 CORE BLACK,683L9AA,196548418183,16474334,Unknown,Unknown,"",,
3921530,KOPP1800MAH159849UNKNUK,TL,Kopplen 18000 mAh Dual USB PowerBank BLK,PBK-PD17BLK,676887011776,15984952,Unknown,Unknown,"",,
3921531,FITBITVERSA40UNKNUK,FITBIT,Fitbit Versa 4 Smartwatch with Fitbit Premium & Heart Rate Monitor - Waterfall Blue,FB523/CA,Unknown,0,Unknown,Unknown,"",,
3921532,SONYWHCHBT167031UNKNUK0002,TL,SONY WHCH520 BT ONE BT HP W/MIC WHITE,WHCH520/W,27242925465,16703137,Unknown,Unknown,"",,
3921533,SONYWFLSB161781UNKNUK,Sony,Sony WFLS900N/B LinkBuds S In-Ear Noise Cancelling True Wireless Earbuds - Black,WFLS900N/B/CA,027242923386,16178135,Unknown,Unknown,"",,
3921534,ASTRA40TR134900UNKNUK,TL,ASTRO A40 TR HS XB,6339620,97855149480,13490096,Unknown,Unknown,"",,
3921535,FUJIINSTMINI172037UNKNUK,FUJIFILM,FUJIFILM INSTAX MINI 12 LILAC GIFT SET,600023522/CA,074101949902,17203715,Unknown,Unknown,"",,
3921536,GEHEXAPANE171466UNKNUK,TL,GE HEXAGON PANELS WI-FI ENABLED (7-PACK),93130981,43168557443,17146612,Unknown,Unknown,"",,
3921537,TBEARFRECO148928UNKNUK,TL,TB EARFORCE RECON 70 GAMNG HS BLUE CAMO,7.31855E+11,731855065554,14892810,Unknown,Unknown,"",,
3921538,SHOKOPENAIR179427UNKNUK,TL,SHOKZ OPENFIT AIR OPENEAR TW EARBUDS BLK,T511-ST-BK-CA-326,810092678878,17942766,Unknown,Unknown,"",,
3921539,CORSVENGLPXM2647035UNKNUK,TL,CORSAIR VENGEANCE LPX 32GB (2 X 16GB) DDR4,CMK32GX4M2D3600C18,840006618676,6470356,Unknown,Unknown,"",,
3921540,SONYWH1000M4147772UNKNUK,Sony,SONY WH-1000XM4 NC BT OVE HP BLACK,WH1000XM4/B/CA,027242919419,14777258,Unknown,Unknown,"",,
3921541,VTECRM57VIDE166866UNKNUK,TL,VTech RM5766HD Video Baby Monitor EA,80-2529-02-05,882032210370,16686672,Unknown,Unknown,"",,
3921542,PS5162069UNKNUK,Razer,Razer Barracuda X Plus Wireless Gaming Headset for PC/PS5/PS4/Switch - Black,RZ04-04430100-R3U1/CA,840272901151,16206974,Unknown,Unknown,"",,
3921543,SONYWHCH72167031UNKNUK0002,Sony,Sony WH-CH720N Over-Ear Noise Cancelling Bluetooth Headphones - White,WHCH720N/W/CA,Unknown,16703136,Unknown,Unknown,"",,
3921544,LOGIZONEVIBE164740UNKNUK,LOGITECH,Logitech Zone Vibe 100 Wireless Headset with Microphone - Graphite,981-001256/CA,Unknown,16474094,Unknown,Unknown,"",,
3921545,SONYXE30WL163437UNKNUK,TL,SONY XE300 WL BT PORT SPEAKER BLACK,SRSXE300/B,27242924147,16343791,Unknown,Unknown,"",,
3921546,JBLVIBEFLEX179197UNKNUK,TL,JBL VIBE FLEX TRUE WIRELESS HP BEIGE,JBLVFLEXBEGAM,50036391351,17919703,Unknown,Unknown,"",,
3921547,TBSTEA600P179198UNKNUK,TL,TB STEALTH 600P GEN 3 BLACK,7.31855E+11,731855031023,17919851,Unknown,Unknown,"",,
3921548,ELGAFACEPREM156176UNKNUK,TL,Elgato Facecam - Premium Full HD Webcam,10WAA9901,840006637806,15617655,Unknown,Unknown,"",,
3921549,SHOKOPENPROB179427UNKNUK,TL,SHOKZ OPENSWIM PROBC OPENEAR SWIM HP GRN,S710-ST-GY-CA-326,810092678908,17942769,Unknown,Unknown,"",,
3921550,BOSE88280010172128UNKNUK,BOSE,Bose 882826-0010 QuietComfort Ultra In-Ear Noise Cancelling True Wireless Earbuds - Black,882826-0010/CA,017817847681,17212845,Unknown,Unknown,"",,
3921551,HP14ANA10156044UNKNUK,HP,HP 14a-na1010ca 14 Chromebook - Mineral Silver (Intel Celeron N4500/64GB eMMC/4GB RAM/ChromeOS),14A-NA1010CA/CA,196068573553,15604456,Unknown,Unknown,"",,
3921552,RAZEBLACV4167039UNKNUK,Razer,Razer BlackWidow V4 Mechanical Gaming Keyboard with Chroma RGB,RZ03-04690200-R3U1/CA,840272903353,16703983,Unknown,Unknown,"",,
3921553,LOGILIFTERGO160071UNKNUK,TL,Logitech LiftVertical Ergo Mse OFF-WHT,6876221,97855170972,16007179,Unknown,Unknown,"",,
3921554,PXLGOOGLEPIXE162981UNKNUK,Google,Google Pixel Buds Pro in-Ear Noise Cancelling True Wireless Earbuds - Lemongrass,GA03204-US/CA,Unknown,16298162,Unknown,Unknown,"",,
3921555,SHOKOPENPRO2181888UNKNUK,TL,SHOKZ OPENRUN PRO2BONE COND HP BLK,S820-ST-BK-CA-326,810160660873,18188846,Unknown,Unknown,"",,
3921556,XBOX178579UNKNUK,TL,Razer BlackShark V2 Pro Xbox Blk,RZ04-04530300-R3U1,840272913970,17857913,Unknown,Unknown,"",,
3921557,TPLINKWIFI160232UNKNUK,TL,TP-Link WiFi6E DECO XE75 Mesh System 2pk,DECO XE75(2-PACK),840030707131,16023223,Unknown,Unknown,"",,
3921587,PS5DUALSENSEWIRELESSSTERSILVA,Sony,PS5 DUALSENSE WIRELESS CTRL STERLING SLV,1000039941,711719572701,17341067,Unknown,A Grade,"",,
3921668,PS5DUALSENSEWIRELESSCTRLMDNA,Sony,PS5 DUALSENSE WIRELESS CTRL MIDN BLACK,3006410,711719546757,15480210,Unknown,A Grade,"",,
3921711,PS5DUALSENSEWIRELESSCTRLSTRBLUEO,Sony,PS5 DUALSENSE WIRELESS CTRL STARL BLUE,3006412,711719546771,15905709,Unknown,OPEN BOX,"",,
3921718,PS5DUALSENSEWLCTRLWHITB,Sony,PS5 DUALSENSE WIRELESS CTRL WHITE REPLEN,1000039935,711719574293,17668451,Unknown,B Grade,"",,
3921968,STUDIOSXBOXXWIRELESSCTRLCARBONV2CO,MICROSOFT STUDIOS,XBOX X WIRELESS CTRL CARBON BLACK V2,QAT-00007,889842654776,16609480,Unknown,OPEN BOX,"",,
3922069,STUDIOSXBOXELITES2COREWHITO,MICROSOFT STUDIOS,Xbox Elite Series 2 Core Wireless Controller for Xbox Series X|S / Xbox One - White,4IK-00001,889842717068,16433594,Unknown,OPEN BOX,"",,
3922074,PS5DUALSENSEWIRELESSCTRLSTRBLUO,Sony,PS5 DUALSENSE WIRELESS CTRL STARLIGHT BL,1000039940,711719574347,17732067,Unknown,OPEN BOX,"",,
3922085,AIRPODS2NDGEN(MV7N2AM/A)BM,Apple,Airpods (2nd Gen),MV7N2AM/A,190199098428,13489539,Unknown,BM Grade,"",,
3922090,XBOXELITESERIES2CONTROLLERBLACO,MICROSOFT XBOX,Microsoft FST-00001 Xbox Elite Series 2 Wireless Controller for Xbox Series XS / Xbox One - Black,FST-00001/CA,889842196344,13702316,Unknown,OPEN BOX,"",,
3922097,PLAYSTATIONDUALSENSEEDGEWHITO,Sony PlayStation,Sony 1000033305 PlayStation 5 DualSense Edge Wireless Controller - White,1000033305/CA,711719559320,16571772,Unknown,OPEN BOX,"",,
3922100,JBLPARTYBOX310SPKRBLACBM,JBL,JBL PARTYBOX 310 PORTABLE PARTY SPKR BLK,JBLPARTYBOX310AM,050036373432,15002133,Unknown,BM Grade,"",,
3922106,AIRPODSPRO2172786UNKNA,Apple,AIRPODS PRO (2ND GEN) MAGSAFE (USB C),MTJV3AM/A,195949052484,17278649,Unknown,A Grade,"",,
3922115,AIRPODSPRO2(MQD83AM/A)MAGSAFEWHITO,Apple,AIRPODS PRO (2nd Gen) WITH MAGSAFE CASE,MQD83AM/A,194253397168,16486693,Unknown,OPEN BOX,"",,
3922143,METAQUES2154908UNKNUK,Oculus,META QUEST 2 128GB LIGHT GREY,899-00188-02,815820022749,15490835,Unknown,Unknown,"",,
3922144,METAQUES2156443UNKNUK,Oculus,META QUEST 2 256GB V2 LIGHT GREY,301-00409-02,815820022640,15644387,Unknown,Unknown,"",,
3922145,AIRPODSPRO2NDGENMAGSAFECASEUSBCB,Apple,AIRPODS PRO (2ND GEN) MAGSAFE (USB C),MTJV3AM/A,195949052484,17278649,Unknown,B Grade,"",,
3922157,AIRPODSPRO2NDGENMAGSAFECASEA,Apple,AIRPODS PRO (2nd Gen) WITH MAGSAFE CASE,MQD83AM/A,194253397168,16486693,Unknown,A Grade,"",,
3922170,BOSE87070010163781UNKNBM,BOSE,Bose 870730-0010 QuietComfort Earbuds II In-Ear Noise Cancelling True Wireless Earbuds - Triple Black,870730-0010/CA,017817838320,16378177,Unknown,BM Grade,"",,
3922172,METAQUEST2V2256GBLGREBM,Oculus,META QUEST 2 256GB V2 LIGHT GREY,301-00409-02,815820022640,15644387,Unknown,BM Grade,"",,
3922215,SAMSUNGSPEAKERB650BLACC,Samsung Speaker,Samsung HW-B650/ZC 430-Watt 3.1 Channel Sound Bar with Wireless Subwoofer - Black,HW-B650/ZC/CA,887276636337,16000035,Unknown,C Grade,"",,
3922218,PS5DUALSENSEWIRELESSCTRLGALPURA,Sony,PS5 DUALSENSE WIRELESS CTRL GAL PURPLE,3006414,711719546795,15905711,Unknown,A Grade,"",,
3922420,PS5DUALSENSEWIRELESSCTRLBLACB,Sony,PS5 DUALSENSE WIRELESS CTRL BLACK REPLEN,1000039936,711719574309,17905836,Unknown,B Grade,"",,
3922421,LENOZA6W10166858UNKNC,Lenovo -,Lenovo ZA6W0207US 10.1-inch 32GB Android Tab M10 HD (2nd Gen) Tablet - Iron Grey,ZA6W0207US/CA,196801131125,16685845,Unknown,C Grade,"",,
3922422,LENOVOM10HD2NDG(ZA6W0207US)32GREYC,Lenovo -,Lenovo ZA6W0207US 10.1-inch 32GB Android Tab M10 HD (2nd Gen) Tablet - Iron Grey,ZA6W0207US/CA,196801131125,16685845,Unknown,C Grade,Heavy Scratching on Screen,,
3922424,LENOVOTABM11(11-INCH.4GB)128GBO,Lenovo,Lenovo Tab M11 11 4GB 128GB,ZADA0117US,197532686519,17744705,Unknown,OPEN BOX,"",,
3922426,DUALSENSEEDGEWIRELESSCTRLWHITC,Sony,PS5 DUALSENSE EDGE WIRELESS CTRL WHITE,1000033305,711719559320,16571772,Unknown,C Grade,"",,
3922433,FITBITFB424INSPIRE3MORNGLOWC,FITBIT,Fitbit FB424 Inspire 3 Fitness Tracker with Heart Rate Monitor - Morning Glow,FB424/MORNING GLOW/CA,810073610101,16435172,Unknown,C Grade,"",,
3922454,LENOVOTABM10PLUS3RD32GBM,Lenovo,LENOVO TAB M10 PLUS 3RD FHD 3G 32G,ZAAJ0039US,196378893891,16064809,Unknown,BM Grade,"",,
3922455,"CHROMEBOOK15.6(CX1500CKA,8GB)64GBM",ASUS,Asus CX1500CKA-BS01-CB N4500/8/64/15.6,CX1500CKA-BS01-CB,197105022775,16998153,Unknown,BM Grade,"",,
3922457,CHROMEBOOK14ANA1010CA64GBSILVB,HP,HP 14a-na1010ca 14 Chromebook - Mineral Silver (Intel Celeron N4500/64GB eMMC/4GB RAM/ChromeOS),14A-NA1010CA/CA,196068573553,15604456,Unknown,B Grade,"",,
3922462,GOPRCHDC101175024UNKNCD0004,GoPro,GoPro CHDCB-101-TH HERO10 Black Waterproof 5.3K Sports & Helmet Camera Bundle- Black,CHDCB-101-TH/CA,818279029031,17502416,Unknown,CD Grade,"",,
3922463,GOPRCHDC101175024UNKNC,GoPro,GoPro CHDCB-101-TH HERO10 Black Waterproof 5.3K Sports & Helmet Camera Bundle- Black,CHDCB-101-TH/CA,818279029031,17502416,Unknown,C Grade,"",,
3922464,GOPRCHDC101175024UNKNCD0003,GoPro,GoPro CHDCB-101-TH HERO10 Black Waterproof 5.3K Sports & Helmet Camera Bundle- Black,CHDCB-101-TH/CA,818279029031,17502416,Unknown,CD Grade,Cosmetic Damage - Power on & Functions well - See Photos,,
3922465,GOPRCHDC101175024UNKNCD0002,GoPro,GoPro CHDCB-101-TH HERO10 Black Waterproof 5.3K Sports & Helmet Camera Bundle- Black,CHDCB-101-TH/CA,818279029031,17502416,Unknown,CD Grade,"Cosmetic Damage - Power on & Functions well - See Photos, No Battery Installed",,
3922494,"LENOVOTABM11(4GB,ZADA0047US)64GBA",Lenovo,Lenovo Tab M11 11 4GB 64GB,ZADA0047US,197532686649,17744707,Unknown,A Grade,"",,
3922502,DYSO400701164483UNKNA,Dyson,Dyson 400717-01 Airwrap Styler Complete Long Curling Iron - Nickel/ Copper,400717-01/CA,885609026909,16448311,Unknown,A Grade,"",,
3922507,LENOVOTABP11PLUS128SLATA,Lenovo,Lenovo ZA940069US 11-inch 128GB Tab P11 Plus Tablet - Slate Grey,ZA940069US/CA,195890697178,16064807,Unknown,A Grade,"",,
3922512,"LENOVODUET3(2K,4G,WKYB)128BM",Lenovo,LENOVO Duet 3 2K 4G 128G W/KYB,82T6002YCF,197528449289,17158343,Unknown,BM Grade,"",,
3922513,RAZESEIREMOT145860UNKNCD,Razer,Razer Seiren Emote Microphone with Emoticons - Black,RZ19-03060100-R3U1/CA,811659033468,14586061,Unknown,CD Grade,"",,
3922514,SEIRENCPLEMOTEMICBLACCD,Razer,Razer Seiren Emote Microphone with Emoticons - Black,RZ19-03060100-R3U1/CA,811659033468,14586061,Unknown,CD Grade,Charging Port Loose - Still Charges,,
3922515,GOPRCHDC101175024UNKNBM0002,GoPro,GoPro CHDCB-101-TH HERO10 Black Waterproof 5.3K Sports & Helmet Camera Bundle- Black,CHDCB-101-TH/CA,818279029031,17502416,Unknown,BM Grade,"",,
3922516,GOPRCHDC101175024UNKNCD,GoPro,GoPro CHDCB-101-TH HERO10 Black Waterproof 5.3K Sports Camera ONLY,CHDCB-101-TH/CA,818279029031,17502416,Unknown,CD Grade,"Cosmetic Damage - Power on & Functions well - See Photos, No Battery Installed",,
3922517,GOPRCHDC101175024UNKNBM,GoPro,GoPro CHDCB-101-TH HERO10 Black Waterproof 5.3K Sports Camera ONLY,CHDCB-101-TH/CA,818279029031,17502416,Unknown,BM Grade,"",,
3922518,GOPROHERO10(CHDCB-101-TH)BLACCD,GoPro,GoPro CHDCB-101-TH HERO10 Black Waterproof 5.3K Sports Camera ONLY,CHDCB-101-TH/CA,818279029031,17502416,Unknown,CD Grade,Cosmetic Damage - Power on & Functions well - See Photos,,
3922519,GOPROHERO10(CHDCB-101-TH)BLACC,GoPro,GoPro CHDCB-101-TH HERO10 Black Waterproof 5.3K Sports Camera ONLY,CHDCB-101-TH/CA,818279029031,17502416,Unknown,C Grade,"",,
3922520,LOGITECHMXKEYSKEYBOARDMACB,LOGITECH,LOGITECH MX KEYS KEYBOARD MAC,920-009552,097855157461,14669732,Unknown,B Grade,"",,
3922525,PS4105208UNKNBM,ACTIVISION,PlayStation 4 3001547 DualShock 4 Wireless Controller - Wave Blue,3001547/CA,711719504382,10520811,Unknown,BM Grade,"",,
3922526,SAMSUNGGALAX0UNKNB,Samsung,SAMSUNG GALAXY WATCH 4 40MM PINK GOLD,SM-R860NZDAXAC/CA,887276554877,0,Unknown,B Grade,"",,
3922527,PS5DUALSENSEWIRELESSCTRLGALPURB,Sony,PS5 DUALSENSE WIRELESS CTRL GAL PURPLE,3006414,711719546795,15905711,Unknown,B Grade,"",,
3922528,PS5DUALSENSEWIRELESSCTRLREDB,Sony PlayStation,Sony (1000039937) PlayStation 5 DualSense Wireless Controller - Cosmic Red,1000039937/CA,711719574316,17977844,Unknown,B Grade,"",,
3922529,FITBITINSPIRE3GRAPBM,FITBIT,FITBIT INSPIRE 3 BLACK/MIDNIGHT ZEN BAND,FB424,810073610095,16435170,Unknown,BM Grade,"",,
3922530,AMAZEFITW2211US7NCAMIDNB,Amazfit,Amazfit W2211US7NCA Active Smartwatch with Heart Rate Monitor - Midnight Black,W2211US7NCA/CA,850051482238,17925457,Unknown,B Grade,"",,
3922531,FITBITVERSA4(FB523)PINKC,FITBIT,Fitbit FB523 Versa 4 + Premium Smartwatch with Heart Rate Monitor - Pink Sand,FB523/PINK SAND/CA,810038858777,16390441,Unknown,C Grade,"",,
3922532,FITBITVERSA4FB523/CABLUEBM,FITBIT,Fitbit Versa 4 Smartwatch with Fitbit Premium & Heart Rate Monitor - Waterfall Blue,FB523/CA,Unknown,0,Unknown,BM Grade,"",,
3922533,FITBITVERSA4(FB523)GRAPA,FITBIT,FITBIT VERSA 4 GRAPHITE/BLACK BAND,FB523,810038858753,16390440,Unknown,A Grade,"",,
3922534,FITBITSENSECARBONGRAPBM,FITBIT,FITBIT SENSE CARBON/GRAPHITE,SENSE,811138036997,14882490,Unknown,BM Grade,"",,
3922535,FITBITSENSE2(FB521)GRAPB,FITBIT,FITBIT SENSE 2 GRAPHITE/GRPHT BAND,FB521,810038858401,16390437,Unknown,B Grade,"",,
3922536,SONYWF10ANCM5171709UNKNB,HP,SONY WF1000XM5 ANC TW BT IE HP BLACK,WF1000XM5/B,027242925601,17170910,Unknown,B Grade,"",,
3922537,FITBITCHARGE5STEELBLUPLATB,FITBIT,FITBIT CHARGE 5 STEEL BLU PLATINM FRCJK,FB421,810038857237,15666445,Unknown,B Grade,"",,
3922538,FITBITVERSA4(FB523)PLATBLUEA,FITBIT,FITBIT VERSA 4 PLATINUM/WATERFALL BLUE,FB523,810038858760,16390439,Unknown,A Grade,"",,
3922669,IPADPRO129IN64GBBLACBM,Apple,iPad Pro 12.9 inch 2nd Gen,A1670,Wi-Fi,64GB,Black,BM Grade,"",,
3922670,IPADPRO12.9INCH2NDGENA167064GOLDBM,Apple,iPad Pro 12.9 inch 2nd Gen,A1670,Wi-Fi,64GB,Gold,BM Grade,"",,
3922732,HUNTSMANV2GKEYBOARDB,Razer,RAZER HUNTSMAN V2 - GAMING KEYBOARD,RZ03-03930400-R3U1,Unknown,6475699,Unknown,B Grade,"",,
3922738,RAZEVIPEV2161575UNKNCD,Razer,Razer Viper V2 Pro 3200 DPI Wireless Gaming Mouse - Black,RZ01-04390100-R3U1/CA,840272900291,16157521,Unknown,CD Grade,"",,
3922739,VIPERV2PROGMOUSEBLACC,Razer,Razer Viper V2 Pro 3200 DPI Wireless Gaming Mouse - Black,RZ01-04390100-R3U1/CA,840272900291,16157521,Unknown,C Grade,"",,
3922740,LOGITECHMX3SMLMOUSEBLAB,TL,Logitech MX Anywhere 3S WL Mouse Black,7240528,97855184030,17090081,Unknown,B Grade,"",,
3922741,VIPERULTIMATEGMOUSEMERCURYB,Razer,Razer Viper Ultimate Wireless Optical Gaming Mouse with Charging Dock - Mercury,VIPER ULTIMATE/CA,810056145279,16617149,Unknown,B Grade,"",,
3922745,ELGATOFACECAMFHDB,TL,Elgato Facecam - Premium Full HD Webcam,10WAA9901,840006637806,15617655,Unknown,B Grade,"",,
3922756,SONYANCTWBT(WF1000XM5/B)BLACB,Sony,SONY WF1000XM5 ANC TW BT IE HP BLACK,WF1000XM5/B,027242925601,17170910,Unknown,B Grade,"",,
3922760,LOGITECH910005878GPROXHEROMOUSEBAO,LOGITECH,"Logitech 910-005878 G Pro X Superlight 25,600 DPI Wireless HERO Optical Gaming Mouse - Black",910-005878/CA,097855158017,15147119,Unknown,OPEN BOX,"",,
3922764,LOGI9100059151471UNKNB,LOGITECH,Logitech 910-005940 G Pro X Superlight 25600 DPI Wireless HERO Optical Gaming Mouse - White,910-005940/CA,097855159625,15147118,Unknown,B Grade,"",,
3922765,LOGITECH910-005940GProXGMOUSEWHITC,LOGITECH,Logitech 910-005940 G Pro X Superlight 25600 DPI Wireless HERO Optical Gaming Mouse - White,910-005940/CA,097855159625,15147118,Unknown,C Grade,"",,
3922770,VIRTUOSORGBWLXTHFDGHSBLACB,Corsair,CORSAIR VIRTUOSO RGB WL XT H-FD G HS BLK,CA-9011188-NA,840006605843,15660078,Unknown,B Grade,"",,
3922802,RAYBANMETAWAYFAREMATTEGREYB,TL,Ray-Ban- Meta Wayfare Matte Blk/ Gre,7318474,8056597988384,17247113,Unknown,B Grade,"",,
3922804,METAQUEST2128GBLGREYB,Oculus,META QUEST 2 128GB LIGHT GREY,899-00188-02,815820022749,15490835,Unknown,B Grade,"",,
3922817,TPLINKAV10146873UNKNCD,TP Link,TP-Link AV1000 Gigabit Powerline Kit (TL-PA7017 Kit),TL-PA7017 KIT/CA,Unknown,14687360,Unknown,CD Grade,"",,
3922819,TPLINKAV1000(TL-PA7017)KITPR,TP Link,TP-Link AV1000 Gigabit Powerline Kit (TL-PA7017 Kit),TL-PA7017 KIT/CA,Unknown,14687360,Unknown,PARTS & REPAIR,"",,
3922822,NAOLEAF4DSCREENMIRRORO,TL,"Nanoleaf 4D Screen Mirror+Light Strip65""",NF082K03-40LS,4897105333845,17163109,Unknown,OPEN BOX,"",,
3922823,PHILHUE5627149532UNKNC,Philips Hue,Philips Hue 562785 A19 Bluetooth LED Smart Bulbs (3-Pack) - White and Color Ambiance,562785/CA,046677562786,14953209,Unknown,C Grade,"",,
3922824,PHILHUE5627149532UNKNO,Philips Hue,Philips Hue 562785 A19 Bluetooth LED Smart Bulbs (3-Pack) - White and Color Ambiance,562785/CA,046677562786,14953209,Unknown,OPEN BOX,"",,
3922825,PHILLIPSHUE562785A19LEDBULBO,Philips Hue,Philips Hue 562785 A19 Bluetooth LED Smart Bulbs 2-Pack) - White and Color Ambiance,562785/CA,046677562786,14953209,Unknown,OPEN BOX,"",,
3922845,FITBITSENSE2(FB521)GRAPC,FITBIT,FITBIT SENSE 2 GRAPHITE/GRPHT BAND,FB521,810038858401,16390437,Unknown,C Grade,"",,
3922847,DRDRABEATSFITPROHEADPHONESTBLUEB,Beats by Dr. Dre,Beats By Dr. Dre MPLL3LL/A Fit Pro In-Ear Noise Cancelling Truly Wireless Headphones - Tidal Blue,MPLL3LL/A/CA,194253315223,16684731,Unknown,B Grade,"",,
3922848,TPLINKWIFI6DECOXE75MESHXE75O,TL,TP-Link WiFi6E DECO XE75 Mesh System 2pk,DECO XE75(2-PACK),840030707131,16023223,Unknown,OPEN BOX,"",,
3922849,GALAXYBUDS2PROGRAPHITEBLACC,Samsung,SAMSUNG GALAXY BUDS2 PRO GRAPHITE BLACK,GALAXY BUDS2 PRO,887276668864,16371992,Unknown,C Grade,"",,
3922867,GALAXYBUDS3(SM-R530NZAAXAC)SILVB,Samsung -,Samsung SM-R530NZAAXAC Galaxy Buds3 In-Ear Noise Cancelling True Wireless Earbuds - Silver,SM-R530NZAAXAC/CA,887276868066,17984586,Unknown,B Grade,"",,
3922868,FITBITCHARGE5GRAPB,FITBIT,FITBIT CHARGE 5 BLACK GRAPHITE FRCJK,FB421,810038855899,15666446,Unknown,B Grade,"",,
3922871,FITBITLUXEBLACB,FITBIT US,Fitbit Luxe Fitness Tracker with 24/7 Heart Rate & Sleep - Black,LUXE/CA,810038854489,15423753,Unknown,B Grade,"",,
3922874,FITBITVERSA4(FB523)GRAPBM,FITBIT,FITBIT VERSA 4 GRAPHITE/BLACK BAND,FB523,810038858753,16390440,Unknown,BM Grade,"",,
3922877,FITBITSENSELUNARWHITGOLDC,FITBIT US,FITBIT SENSE LUNAR WHITE/GOLD,SENSE,811138037000,14882491,Unknown,C Grade,"",,
3922878,LOGITECHMXVERTICALERGOMOUSEB,LOGITECH,LOGITECH MX VERTICAL ERGO MOUSE,910-005447,097855144461,12946485,Unknown,B Grade,"",,
3922879,GALAXYBUDS2PROGRAPHITEBLACA,Samsung,SAMSUNG GALAXY BUDS2 PRO GRAPHITE BLACK,GALAXY BUDS2 PRO,887276668864,16371992,Unknown,A Grade,"",,
3922880,BEATSSTUDIOTWANC(MJ503LL/A)REDCD,Apple,BEATS STUDIO TW ANC RED,MJ503LL/A,400101351108,15543697,Unknown,CD Grade,"",,
3922882,LOGIGAMEF310101535UNKNPR0002,TL4,LOGITECH GAMEPAD F310,4688143,97855066954,10153594,Unknown,PARTS & REPAIR,"",,
3922886,IPH8PLUS64GBSPACBM,Apple,iPhone 8 Plus,A1864,Unlocked,64GB,Space Grey,BM Grade,"",,
3922887,IPAD10THGEN64GBBLUEA,Apple,iPad 10th Gen,A2696,Wi-Fi + Cellular,64GB,Blue,A Grade,"",,
3922888,LOGIMXMAST161575UNKNPR,LOGITECH,Logitech MX Master 3S Wireless Darkfield Mouse - Black,910-006556/CA,097855174819,16157519,Unknown,PARTS & REPAIR,"",,
3922889,LOGIGAMEF310101535UNKNPR,TL4,LOGITECH GAMEPAD F310,4688143,97855066954,10153594,Unknown,PARTS & REPAIR,No Power,,
3922890,LOGITECHMXMASTER3SMOUSEBLACPR,LOGITECH,Logitech MX Master 3S Wireless Darkfield Mouse - Black,910-006556/CA,097855174819,16157519,Unknown,PARTS & REPAIR,No Power,,
3922895,OCUL8990018154908UNKNC,Oculus,Oculus 899-00188-02 Meta Quest 2 128GB VR Headset with Touch Controllers - White,899-00188-02/CA,815820022749,15490835,Unknown,C Grade,"",,
3922896,METAQUEST2VRWHITB,Oculus,Oculus 899-00188-02 Meta Quest 2 128GB VR Headset with Touch Controllers - White,899-00188-02/CA,815820022749,15490835,Unknown,B Grade,"",,
3922913,GALAXYWATCH440MMPGOLDBM,Samsung,SAMSUNG GALAXY WATCH 4 40MM PINK GOLD,SM-R860NZDAXAC/CA,887276554877,0,Unknown,BM Grade,"",,
3922977,GALAXYBUDS2GREBCD,Samsung,SAMSUNG GALAXY BUDS2 GREY/BLACK,GALAXY BUDS2,887276657080,16230808,Unknown,CD Grade,"",,
3922978,SOUNDCORESPORTX20TWANCBLKD,TL,SOUNDCORE SPORT X20 TW ANC BLK,A3968Z11-5,194644198268,17929524,Unknown,D Grade,"",,
3922979,PIXELBUDSASERIESGA02372OLIVC,Google,Google GA02372-US Pixel Buds A-Series In-Ear Sound Isolating Truly Wireless Headphones - Olive,GA02372-US/CA,193575009735,15480746,Unknown,C Grade,"",,
3922980,PIXELBUDSASERIESCHARD,Google,Google GA04281-US Pixel Buds A-Series In-Ear Sound Isolating True Wireless Earbuds - Charcoal,GA04281-US/CA,193575034003,16499232,Unknown,D Grade,"",,
3922981,BEATBYDR155436UNKND,Beats by Dr. Dre,Beats By Dr. Dre MJ4X3LL/A Studio Buds In-Ear Noise Cancelling Truly Wireless Headphones - Black,MJ4X3LL/A/CA,194252388297,15543695,Unknown,D Grade,"",,
3922982,DRDREBEATS(MJ4X3LL/A)BLACC,Beats by Dr. Dre,Beats By Dr. Dre MJ4X3LL/A Studio Buds In-Ear Noise Cancelling Truly Wireless Headphones - Black,MJ4X3LL/A/CA,194252388297,15543695,Unknown,C Grade,"",,
3922983,GALAXYBUDS2HEADPHONESBLACC,Samsung -,Samsung Galaxy Buds2 In-Ear Noise Cancelling Truly Wireless Headphones - Black,GALAXY BUDS2/BLK/CA,887276573786,15615205,Unknown,C Grade,"",,
3922984,GALAXYBUDS2WHITBCD,Samsung,SAMSUNG GALAXY BUDS2 WHITE,GALAXY BUDS2,887276573779,15615208,Unknown,CD Grade,"",,
3922985,GALAXYW5PRO45MMTITABM,Samsung,SAMSUNG GLXY W5 PRO BT 45MM BK TITANIUM,SM-R920NZKAXAC,887276664491,16381997,Unknown,BM Grade,"",,
3922986,SAMSUNGWATCH4400MMBLACBM,Samsung Watch,Samsung SM-R860NZKAASA Galaxy Watch4 40mm Smartwatch with Heart Rate Monitor - Black,SM-R860NZKAASA/CA,0887276554860,15605606,Unknown,BM Grade,"",,
3922987,GALAXYWATCH444MMSILVC,Samsung,SAMSUNG GALAXY WATCH 4 44MM SILVER,GALAXY WATCH4,887276554884,15605608,Unknown,C Grade,"",,
3922988,GALAXYWATCH647MMBLACB,Samsung Watch,Samsung SM-R960NZKAXAC Galaxy Watch6 Classic (GPS) 47mm Smartwatch with Heart Rate Monitor - Black,SM-R960NZKAXAC/CA,887276774046,17166716,Unknown,B Grade,"",,
3922989,GALAXYBUDSPROHEADPHONESPURPCD,Samsung -,Samsung SM-R510NLVAXAC Galaxy Buds2 Pro In-Ear Noise Cancelling Truly Wireless Headphones - Bora Purple,SM-R510NLVAXAC/CA,887276709147,16371993,Unknown,CD Grade,"",,
3922990,FITBITVERSA4(FB523)PINKBM,FITBIT,Fitbit FB523 Versa 4 + Premium Smartwatch with Heart Rate Monitor - Pink Sand,FB523/PINK SAND/CA,810038858777,16390441,Unknown,BM Grade,"",,
3922991,KOPPLEN1800MAHBLKA,TL,Kopplen 18000 mAh Dual USB PowerBank BLK,PBK-PD17BLK,676887011776,15984952,Unknown,A Grade,"",,
3922992,SKULLCANDYS6HHWN740HESHANCBLACC,SkullCandy,Skullcandy S6HHW-N740 Hesh ANC Over-Ear Noise Cancelling Bluetooth Headphones - Black,S6HHW-N740/CA,810015588512,14899382,Unknown,C Grade,"",,
3922993,GALAXYBUDSS2PROBLACB,Samsung,SAMSUNG GALAXY BUDS2 PRO GRAPHITE BLACK,GALAXY BUDS2 PRO,887276668864,16371992,Unknown,B Grade,"",,
3922995,BEATSPOWERBEATSHEADPHONESBLACB,Beats by Dr. Dre,Beats by Dr. Dre MY582LL/A Powerbeats Pro In-Ear Truly Wireless Headphones - Black,MY582LL/A/CA,190199701984,13552223,Unknown,B Grade,"",,
3922997,TLVENU2GRANBLUEB,TL,VENU 2 - GRANITE BLUE,010-02430-00,753759271794,6460546,Unknown,B Grade,"",,
3922999,GALAXYWATCH446MMBLACB,Samsung,SAMSUNG GALAXY WATCH 4 46MM CLASSIC BLCK,GALAXY WATCH4,887276554433,15605613,Unknown,B Grade,"",,
3923001,AIRPODS2NDGEN(MV7N2AM/A)CD,Apple,Airpods (2nd Gen),MV7N2AM/A,190199098428,13489539,Unknown,CD Grade,"",,
3923002,BEATSTUDIO3BTOVESKYLINEGRAYCD,Apple,BEATS STUDIO 3 BT OVE SKYLINE COL GRAY,MXJ92LL/A,190199462748,11534526,Unknown,CD Grade,"",,
3923003,BEATSTUDIO3BTOVESKYLINEGRAYCD2QD,Apple,BEATS STUDIO 3 BT OVE SKYLINE COL GRAY,MXJ92LL/A,190199462748,11534526,Unknown,PARTS & REPAIR,"",,
3923005,SONYHEADPHONES(WH-CH720N)BLACPR,Sony _,Sony WH-CH720N Over-Ear Noise Cancelling Bluetooth Headphones - Black,WHCH720N/B/CA,027242925397,16703135,Unknown,PARTS & REPAIR,"",,
3923008,SONYWH-1000XM4NCBTBLACB,Sony,SONY WH-1000XM4 NC BT OVE HP BLACK,WH1000XM4/B/CA,027242919419,14777258,Unknown,B Grade,"",,
3923009,SONYANCTWBT(WF1000XM5/B)BLACCD,HP,SONY WF1000XM5 ANC TW BT IE HP BLACK,WF1000XM5/B,027242925601,17170910,Unknown,CD Grade,"",,
3923010,HAMMERHEADTWPROANCBLAO,Razer,RAZER HAMMERHEAD TW PRO ANC BLK,RZ12-03440100-R3U1,811659037787,15549069,Unknown,OPEN BOX,"",,
3923014,AIRPODSPRO2NDGENMAGSAFECASEC,Apple,AIRPODS PRO (2nd Gen) WITH MAGSAFE CASE,MQD83AM/A,194253397168,16486693,Unknown,C Grade,"",,
3923015,AIRPODS2NDGEN(MV7N2AM/A)C,Apple,Airpods (2nd Gen),MV7N2AM/A,190199098428,13489539,Unknown,C Grade,"",,
3923016,SONYWH1000M5161621UNKNPR0002,Sony,Sony WH-1000XM5 Over-Ear Noise Cancelling Bluetooth Headphones - Black,WH1000XM5/B/CA,027242923232,16162187,Unknown,PARTS & REPAIR,"",,
3923017,BEATSSTUDIOPROBTHP(MQTP3LL/A)BLACO,Beats by Dr. Dre,Beats By Dr. Dre MQTP3LL/A Studio Pro Over-Ear Noise Cancelling Bluetooth Headphones - Black,MQTP3LL/A/CA,194253715092,17160835,Unknown,OPEN BOX,"",,
3923018,BOSEQUIETCOMFORTNCHPWHITBM,BOSE,BOSE QUIETCOMFORT 45 NC OVE HP SMOKE WHT,866724-0200,017817835022,15690719,Unknown,BM Grade,"",,
3923021,SONYHEADPHONES(WH1000XM5/L)BLUEB,Sony _,Sony WH1000XM5/L Over-Ear Noise Cancelling Bluetooth Headphones - Blue,WH1000XM5/L/CA,027242923911,17039478,Unknown,B Grade,"",,
3923022,SONYPREMIUMANCBTHP(WH1000XM5)SILVC,Sony,SONY WH1000XM5 PREMIUM ANC BT OVE HP SLV,WH1000XM5/S,027242923249,16162186,Unknown,C Grade,"",,
3923023,SONYWH-CH720NWHITPR,Sony,Sony WH-CH720N Over-Ear Noise Cancelling Bluetooth Headphones - White,WHCH720N/W/CA,Unknown,16703136,Unknown,PARTS & REPAIR,"",,
3923024,BOSE79420100135953UNKNCD,BOSE,Bose 794297-0100 Noise Cancelling Bluetooth Headphones 700 with Google Assistant/ Amazon Alexa - Triple Black,794297-0100/CA,017817796163,13595376,Unknown,CD Grade,"",,
3923025,BOSEBTHP(794297-0100)BLACBM,BOSE,Bose 794297-0100 Noise Cancelling Bluetooth Headphones 700 with Google Assistant/ Amazon Alexa - Triple Black,794297-0100/CA,017817796163,13595376,Unknown,BM Grade,"",,
3923028,AIRPODSPRO2NDGENMAGSAFECASEBM,Apple,AIRPODS PRO (2nd Gen) WITH MAGSAFE CASE,MQD83AM/A,194253397168,16486693,Unknown,BM Grade,"",,
3923033,BEATSSTUDIOPROHEADPHONESSANDBM,Beats by Dr. Dre,Beats By Dr. Dre MQTR3LL/A Studio Pro Over-Ear Noise Cancelling Bluetooth Headphones - Sandstone,MQTR3LL/A/CA,194253715276,17160837,Unknown,BM Grade,"",,
3923036,AIRPODS2NDGEN(MV7N2AM/A)B,Apple,Airpods (2nd Gen),MV7N2AM/A,190199098428,13489539,Unknown,B Grade,"",,
3923039,WATCHSERIES741MM(MKMX3VC/A)MIDNC,Apple,APPLE WATCH S7 41 GPS MDNT AL MDNT SB OB,MKMX3VC/A,400101380993,15848057,Unknown,C Grade,"",,
3923040,AIRPODSPRO2NDGENMAGCASEWHITB,Apple,AIRPODS PRO (2nd Gen) WITH MAGSAFE CASE,MQD83AM/A,194253397168,16486693,Unknown,B Grade,"",,
3923041,AIRPODSPRO2164866UNKNB,Apple,AIRPODS PRO (2nd Gen) WITH MAGSAFE CASE,MQD83AM/A,194253397168,16486693,Unknown,B Grade,Not Pairing,,
3923046,AIRPODS4(MXP63AM/A)USBCO,Apple,AIRPODS 4 WITH CHARGING CASE (USB-C),MXP63AM/A,195949688454,18470962,Unknown,OPEN BOX,"",,
3923047,AIRPODSPRO157767UNKNB0002,Apple,AIRPODS PRO WITH MAGSAFE CASE,MLWK3AM/A,194252721247,15776779,Unknown,B Grade,"",,
3923048,AIRPODSPRO157767UNKNB,Apple,AIRPODS PRO WITH MAGSAFE CASE,MLWK3AM/A,194252721247,15776779,Unknown,B Grade,Not Pairing,,
3923049,AIRPODSPRO157767UNKNBM,Apple,AIRPODS PRO WITH MAGSAFE CASE,MLWK3AM/A,194252721247,15776779,Unknown,BM Grade,Not Pairing,,
3923968,GALAXYBUDS2GREYBLACC,Samsung,SAMSUNG GALAXY BUDS2 GREY/BLACK,GALAXY BUDS2,887276657080,16230808,Unknown,C Grade,"",,
3924021,GALAXYBUDS2WHITC,Samsung,SAMSUNG GALAXY BUDS2 WHITE,GALAXY BUDS2,887276573779,15615208,Unknown,C Grade,"",,
3924034,GALAXYBUDSPROHEADPHONESPURPC,Samsung -,Samsung SM-R510NLVAXAC Galaxy Buds2 Pro In-Ear Noise Cancelling Truly Wireless Headphones - Bora Purple,SM-R510NLVAXAC/CA,887276709147,16371993,Unknown,C Grade,"",,
3924639,SONYWF10ANCM5171709UNKNUK,Sony,SONY WF1000XM5 ANC TW BT IE HP BLACK,WF1000XM5/B,190199801561,17170910,Unknown,Unknown,"",,
3924640,SONYWF1000XM5ANCBTHPBLACA,Sony,SONY WF1000XM5 ANC TW BT IE HP BLACK,WF1000XM5/B,190199801561,17170910,Unknown,A Grade,"",,
3925067,QUITECOMFORTEARBUDSCD,BOSE,Bose 831262-0010 QuietComfort Earbuds True Wireless Noise Cancelling In-Ear Earbuds,831262-0010/CA,017817804516,14897566,Unknown,CD Grade,"",,
3925072,FITBITLUXEBLACBM,FITBIT,FITBIT LUXE BLACK,LUXE,810038854489,15423753,Unknown,BM Grade,"",,
3925073,GALAXYWATCH444MMBLACC,Samsung,SAMSUNG GALAXY WATCH 4 44MM BLACK,GALAXY WATCH4,887276554891,15605614,Unknown,C Grade,"",,
3925079,SONYANCBTHP(WF1000XM5)SIVLB,TL,SONY WF1000XM5 ANC TW BT IE HP SILVER,WF1000XM5/S,27242925618,17170909,Unknown,B Grade,"",,
3925083,BEATSFLEXIN-EARHEADPHONESBLUEBM,Beats by Dr. Dre,Beats by Dr. Dre MYMG2LL/A Flex In-Ear Bluetooth Headphones - Flame Blue,MYMG2LL/A/CA,190199801806,15254048,Unknown,BM Grade,"",,
3925087,FITBITLUXEPINKC,FITBIT,"Fitbit Luxe Fitness & Wellness Tracker - Orchid/Platinum Stainless Steel, Pink",LUXE,810038855370,15423752,Unknown,C Grade,"",,
3925116,ROKURCA1CAVOICEREMOTETVBLACB,Roku,Roku RCA1CA Voice Remote with TV Controls - Black,RCA1CA/CA,829610006253,16656523,Unknown,B Grade,"",,
3925119,APPLEARPUSB172788UNKND,Apple,APPLE EARPODS (USB-C),MTJY3AM/A,195949121425,17278867,Unknown,D Grade,"",,
3925122,AMAZEFITBIP3PRO43MMSWARCHBLACC,Amazfit,Amazfit W2171GL1N Bip 3 Pro 43mm Smartwatch with Heart Rate Monitor - Black,W2171GL1N/CA,850037656547,16684751,Unknown,C Grade,"",,
3925132,BEATSFITPRO(MK2J3LL/A)EARBUDSBLACB,Beats by Dr. Dre,Beats By Dr. Dre MK2F3LL/A Fit Pro In-Ear Noise Cancelling Truly Wireless Headphones - Black,MK2F3LL/A/CA,194252484296,15937111,Unknown,B Grade,"",,
3925143,BEATSSTUDIOTWANC(17720651)WHITB,Apple,BEATS STUDIO TW ANC WHITE,MJ4Y3LL/A,400101351115,15543698,Unknown,B Grade,"",,
3925148,BEATBYDR179350UNKND,Beats by Dr. Dre,Beats By Dr. Dre MUVW3LL/A Solo Buds In-Ear Sound Isolating Truly Wireless Headphones - Matte Black,MUVW3LL/A/CA,195949116353,17935079,Unknown,D Grade,"",,
3925150,BEATBYDR150628UNKND,Beats by Dr. Dre,Beats By Dr. Dre MYMC2LL/A Flex In-Ear Bluetooth Headphones - Beats Black,MYMC2LL/A/CA,190199801561,15062821,Unknown,D Grade,"",,
3925152,FITBITVERSA2CARBONC,FITBIT,FITBIT VERSA 2 BLACK/CARBON,VERSA 2,811138036706,13864604,Unknown,C Grade,"",,
3925154,BEATSPOWERBEATSHEADPHONESBLACBM,Beats by Dr. Dre,Beats by Dr. Dre MY582LL/A Powerbeats Pro In-Ear Truly Wireless Headphones - Black,MY582LL/A/CA,190199701984,13552223,Unknown,BM Grade,"",,
3926672,QUIETCOMFORTEARBUDSIIGREYCD,TL,BOSE QUIETCOMFORT EARBUDS II LE ECLP GRY,870730-0040,17817847056,16704794,Unknown,CD Grade,"",,
3926722,BOSE87070010163781UNKNC,BOSE,Bose 870730-0010 QuietComfort Earbuds II In-Ear Noise Cancelling True Wireless Earbuds - Triple Black,870730-0010/CA,017817838320,16378177,Unknown,C Grade,"",,
3926723,QUIETCOMFORTEARBUDSIIBLACB,BOSE,Bose 870730-0010 QuietComfort Earbuds II In-Ear Noise Cancelling True Wireless Earbuds - Triple Black,870730-0010/CA,017817838320,16378177,Unknown,B Grade,"",,
3926725,SONYSIN-INEARBUDS(WFLS900N/B)BLACB,Sony,Sony WFLS900N/B LinkBuds S In-Ear Noise Cancelling True Wireless Earbuds - Black,WFLS900N/B/CA,027242923386,16178135,Unknown,B Grade,"",,
3926726,SONYWF-C500INEARBUDSBLACO,Sony _,Sony WF-C500 In-Ear Sound Isolating Truly Wireless Headphones - Black,WFC500/B/CA,027242922686,15744828,Unknown,OPEN BOX,"",,
3926729,BOSE87070010163781UNKND,BOSE,Bose 870730-0010 QuietComfort Earbuds II In-Ear Noise Cancelling True Wireless Earbuds - Triple Black,870730-0010/CA,017817838320,16378177,Unknown,D Grade,"",,
3926751,STUDIOSXBOXPCCTRLUSBA,MICROSOFT STUDIOS,Xbox PC Controller with USB Cable,1V8-00001,889842657500,14998604,Unknown,A Grade,"",,
3926859,BOSEQUIETCOMFORTEBIISOAPB,BOSE,Bose QuietComfort Earbuds II In-Ear Noise Cancelling True Wireless Earbuds - Soapstone,870730-0020/CA,Unknown,16378176,Unknown,B Grade,"",,
3926873,SONYWF-C500INEARBUDSBLACB,Sony _,Sony WF-C500 In-Ear Sound Isolating Truly Wireless Headphones - Black,WFC500/B/CA,027242922686,15744828,Unknown,B Grade,"",,
3926985,SONYWHCHBT167031UNKNPR,TL,SONY WHCH720N BT OVE ANC HP BLUE,WHCH720N/L,27242925502,16703140,Unknown,PARTS & REPAIR,"",,
3927833,SAMBUDSLIVE147632UNKNC,Samsung,Samsung Galaxy Buds Live In-Ear Noise Cancelling Truly Wireless Headphones - Mystic Black,SM-R180NZKAXAC,887276420325,14763273,Unknown,C Grade,"",,
3927939,SONYWH10LM5170394UNKNPR,Sony _,Sony WH1000XM5/L Over-Ear Noise Cancelling Bluetooth Headphones - Blue,WH1000XM5/L/CA,027242923911,17039478,Unknown,PARTS & REPAIR,"",,
3927992,AIRPODS2NDGEN(MV7N2AM/A)A,Apple,Airpods (2nd Gen),MV7N2AM/A,190199098428,13489539,Unknown,A Grade,"",,
3928026,AIRPODS2NDGENMV7N2AM/AO,Apple,Airpods (2nd Gen),MV7N2AM/A,190199098428,13489539,Unknown,OPEN BOX,"",,
3928031,SKULLCANDYSMOKINBUDSWIRELESEARBUCD,SKULLCANDY - HEADPHONES,Skullcandy Smokin Buds In-Ear Sound Isolating True Wireless Earbuds - Black,S2TAW-R740/CA,810045688770,17166489,Unknown,CD Grade,"",,
3928836,JBLJBLLLIVE154463UNKNCD,JBL _,JBL JBLLIVE660NCBLKAM Live 660NC Over-Ear Noise Cancelling Bluetooth Headphones - Black,JBLLIVE660NCBLKAM/CA,050036379755,15446310,Unknown,CD Grade,"",,
3928861,G923TRUEFORCERACINGWHEELBLACO,LOGITECH,Logitech 941-000147 G923 True Force Racing Wheel for PlayStation 5/ PC - Black,941-000147/CA,097855146687,14475614,Unknown,OPEN BOX,"",,
3928939,JBLLIVEPRO2TWSEARBUDSBLACC,JBL,JBL LIVE PRO 2 TWS NC EARBUDS BLACK,JBLLIVEPRO2TWSBAM,050036388061,16373352,Unknown,C Grade,"",,
3928942,JBLENDUPEAK169242UNKNBM,JBL,JBL ENDURANCE PEAK 3 TWS SPORT HP BLACK,JBLENDURPEAK3BLKAM,050036390095,16924262,Unknown,BM Grade,"",,
3928944,JABR1009980129171UNKNBM,Jabra,Jabra 100-99800900-02 Talk 45 Mono Bluetooth Headset,100-99800902-20/CA,615822011495,12917121,Unknown,BM Grade,"",,
3928962,JABRAELITE5INEARBLACCD,Jabra,Jabra Elite 5 In-Ear Noise Cancelling True Wireless Earbuds - Titanium Black,ELITE 5/BLK/CA,615822016445,16448307,Unknown,CD Grade,"",,
3928964,JABRAELITE8INEARBLACCD,Jabra,Jabra 100-99160900-99 Elite 8 Active In-Ear Noise Cancelling True Wireless Earbuds - Black,100-99160900-99/CA,615822018029,17201943,Unknown,CD Grade,"",,
3928969,PLAN2035103126422UNKNC,Plantronics,Plantronics 203500-103 Voyager 5200 Bluetooth Headset with Built-In Voice Control - Black,203500-103/CA,017229164482,12642222,Unknown,C Grade,"",,
3928976,JABRAELITE4INEARNAVYBM,Jabra,Jabra 100-99180001-20 Elite 4 Active In-Ear Noise Cancelling Truly Wireless Headphones - Navy,100-99180001-20/CA,615822015912,15917210,Unknown,BM Grade,"",,
3928980,JBLVIBE300TWSBLACC,JBL,JBL VIBE 300TWS TRUE WIRELESS HP BLACK,JBLV300TWSBLKAM,050036384872,16924259,Unknown,C Grade,"",,
3928988,JABRAELITE3INEARBLACCD,Jabra,Jabra Elite 3 In-Ear Sound Isolating Truly Wireless Headphones - Grey,ELITE 3/GRY/CA,615822014823,15645783,Unknown,CD Grade,"",,
3928992,BEATSSTUDIOPRO(MQTP3LL/A)BLACA,Beats by Dr. Dre,Beats By Dr. Dre MQTP3LL/A Studio Pro Over-Ear Noise Cancelling Bluetooth Headphones - Black,MQTP3LL/A/CA,194253715092,17160835,Unknown,A Grade,"",,
3928997,JBLTUNE130N159569UNKNCD,JBL,JBL TUNE 130NC TWS HEADPHONES BLACK,JBLT130NCTWSBAM,050036383967,15956942,Unknown,CD Grade,"",,
3928998,G29DRVFRCWHEEL(941-000110)BLACA,LOGITECH,LOGITECH DRV FRC RACNG WHEEL G29 PS/PC,941-000110,097855112767,10383067,Unknown,A Grade,"",,
3929007,PS5DUALSENSEWIRELESSCTRLBLACA,Sony,PS5 DUALSENSE WIRELESS CTRL BLACK REPLEN,1000039936,711719574309,17905836,Unknown,A Grade,"",,
3929012,JBLVIBE200TWSBLACC3DK,JBL,JBL VIBE 200TWS TW IE BLACK,JBLV200TWSBLKAM,050036382984,15667567,Unknown,C Grade,"",,
3929044,QUANTUM100OVEGAMINGHEADSETBLACO,JBL,JBL QUANTUM 100 OVE GAMING HEADSET BLACK,JBLQUANTUM100BLKAM,050036369657,14543011,Unknown,OPEN BOX,"",,
3929047,GALAXYBUDSLIVEINEARTWHPMBLACCD,Samsung,Samsung Galaxy Buds Live In-Ear Noise Cancelling Truly Wireless Headphones - Mystic Black,SM-R180NZKAXAC,887276420325,14763273,Unknown,CD Grade,"",,
3929103,SINGSPKAKARA138750UNKNB,TL,Singsation SPKA710 Karaoke System,SPKA710,44476136672,13875012,Unknown,B Grade,"",,
3929104,SINGSPKAKARA138750UNKNBM,TL,Singsation SPKA710 Karaoke System,SPKA710,44476136672,13875012,Unknown,BM Grade,"",,
3929105,SINGATIONSPKA710KARAOKESYSTEMNORBM,TL,Singsation SPKA710 Karaoke System - With No Remote,SPKA710,44476136672,13875012,Unknown,BM Grade,"",,
3929126,ARCTISNOVAPROWLXBHSBLACO,STEELSERIES,STEELSERIES ARCTIS NOVA PRO WL XB HS BLK,61521,813682027605,16297336,Unknown,OPEN BOX,"",,
3929128,AMAZB08MECHO157499UNKNCD,Amazon,Amazon B08MQLDFF6 Echo Show 15.6-inch Smart Display with Alexa & Fire TV - Black/ White,B08MQLDFF6/CA,840080594262,15749970,Unknown,CD Grade,"",,
3929129,ECHOSHOW15BLACCD,Amazon,Amazon B08MQLDFF6 Echo Show 15.6-inch Smart Display with Alexa & Fire TV - Black/ White,B08MQLDFF6/CA,840080594262,15749970,Unknown,CD Grade,Hairline Crack on Glass,,
3929136,PS5DUALSENSEWLCTRLWHITO,Sony,PS5 DUALSENSE WIRELESS CTRL WHITE REPLEN,1000039935,711719574293,17668451,Unknown,OPEN BOX,"",,
3929137,ASUSC523BH03156527UNKNCD0002,ASUS,ASUS C523NA-BH03-CB N3350/4GB/64GB/15,C523NA-BH03-CB,195553246026,15652750,Unknown,CD Grade,"",,
3929139,ASUSC523BH03156527UNKNCD,ASUS,ASUS C523NA-BH03-CB N3350/4GB/64GB/15,C523NA-BH03-CB,195553246026,15652750,Unknown,CD Grade,Hinge Broken on Display,,
3929142,LENO82R1ATHL167032UNKNC0002,Lenovo,Lenovo 82R1006VUS Athlon 3050U/4/128 EN,82R1006VUS,196801480223,16703244,Unknown,C Grade,"",,
3929143,LENO82R1ATHL167032UNKNC,Lenovo,Lenovo 82R1006VUS Athlon 3050U/4/128 EN,82R1006VUS,196801480223,16703244,Unknown,C Grade,Hinge Broken on Display,,
3929211,CLOUDIIIWIREDGAMINGHSREDBLKBM,TL,HyperX Cloud III Wired Gaming HS RED/BLK,727A9AA,197029008237,17166109,Unknown,BM Grade,"",,
3929230,PS5165313UNKNPR,Turtle Beach,Turtle Beach Stealth 600 Gen 2 Max Wireless Gaming Headset for PS5/PS4 - Black,TBS-3160-02/CA,731855031610,16531335,Unknown,PARTS & REPAIR,"",,
3929231,ARCTISNOVA1PGAMINGHEADSETWHITO,STEELSERIES,SteelSeries 61612 Arctis Nova 1P Gaming Headset - White,61612/CA,810052983202,16489588,Unknown,OPEN BOX,"",,
3929233,JBLJBLTTUNE166976UNKNPR,JBL _,JBL JBLT500BLKAM Tune 500 On-Ear Headphones - Black,JBLT500BLKAM/CA,050036355889,16697690,Unknown,PARTS & REPAIR,"",,
3929237,LIVE460NCWLOEHPBLACO,JBL,JBL LIVE 460NC WIRELESS OE NC HP BLACK,JBLLIVE460NCBLKAM,050036379601,15446306,Unknown,OPEN BOX,"",,
3929251,MARLEMJA01104249UNKNC,House of Marley,Marley EM-JA013-SB Get Together Mini Bluetooth Wireless Speaker - Signature Black,EM-JA013-SB/CA,846885008621,10424980,Unknown,C Grade,"",,
3929252,MARLEYEMJA013SBMINIBTSPEAKERBLACC,House of Marley,Marley EM-JA013-SB Get Together Mini Bluetooth Wireless Speaker - Signature Black,EM-JA013-SB/CA,846885008621,10424980,Unknown,C Grade,Will not connect Bluetooth - Works through AUX cord,,
3929253,KRAKENRZ0403750100R3U1V3XGHEADSECC,Razer,Razer RZ04-03750100-R3U1 Kraken V3 X Gaming Headset - Black,RZ04-03750100-R3U1/CA,810056141530,15341355,Unknown,C Grade,"",,
3929256,ZONEVIBE100WHDWMGRAPBM,LOGITECH,Logitech Zone Vibe 100 Wireless Headset with Microphone - Graphite,981-001256/CA,Unknown,16474094,Unknown,BM Grade,"",,
3929258,VIVOBOOKGOL510MABB09CB128BLACB,Asus PC,Asus L510MA-BB09-CB Vivobook Go Laptop 15.6-inch Intel Celeron N4020 1.1GHz 4GB RAM 128GB SSD - Star Black,L510MA-BB09-CB/CA,197105177895,17077175,Unknown,B Grade,"",,
3929267,RAZEKRAKKITTM1147012UNKNBM,TL,RAZER KRAKEN KITTY CHROMA HS USB BLK ENG,RZ04-02980100-R3M1,811659033680,14701276,Unknown,BM Grade,"",,
3929268,KRAKENKITTYCHROMARZ04BLACB,TL,RAZER KRAKEN KITTY CHROMA HS USB BLK ENG,RZ04-02980100-R3M1,811659033680,14701276,Unknown,B Grade,"",,
3929300,STEALTH700GEN2MAXBLACO,TL,TB STEALTH 700 GEN2 MAX H BLK,TBS-3790-02,731855037919,16923815,Unknown,OPEN BOX,"",,
3929301,SONYXE300WLBTSPEAKERBLACB,TL,SONY XE300 WL BT PORT SPEAKER BLACK,SRSXE300/B,27242924147,16343791,Unknown,B Grade,"",,
3929314,EARFORCERECON70GAMINGHSBLUCAMOPR,TL,TB EARFORCE RECON 70 GAMNG HS BLUE CAMO,7.31855E+11,731855065554,14892810,Unknown,PARTS & REPAIR,"",,
3929316,SKULS6EVN740148993UNKNC,SkullCandy,Skullcandy S6EVW-N740 Crusher Evo Over-Ear Sound Isolating Bluetooth Headphones - Black,S6EVW-N740/CA,810015587249,14899380,Unknown,C Grade,"",,
3929317,SULLCANDYS6EVWN740CRUSHEREVOBTHPCD,SkullCandy,Skullcandy S6EVW-N740 Crusher Evo Over-Ear Sound Isolating Bluetooth Headphones - Black,S6EVW-N740/CA,810015587249,14899380,Unknown,CD Grade,"",,
3929318,CLOUDALPHAOVEHEADSETBLACO,TL,HYPERX CLOUD ALPHA OVE HEADSET BLACK,4P5L1AA#ABL,196188048030,14522915,Unknown,OPEN BOX,"",,
3929319,CLOUDALPHARFWLGAIMHHSBLACB,HyperX,HyperX 4P5D4AA Cloud Alpha RF Wireless Gaming Headset - Black,4P5D4AA/CA,196188046036,16004258,Unknown,B Grade,"",,
3929321,ARCTIS9XSERIESXBLACO,STEELSERIES,STEELSERIES ARCTIS 9X (SERIES X) HS BLK,61481,810052980010,13837396,Unknown,OPEN BOX,"",,
3929352,CLOUDSTINGER2COREBLACO,TL,HYPERX CLOUD STINGER 2 CORE BLACK,683L9AA,196548418183,16474334,Unknown,OPEN BOX,"",,
3929355,SKULLCANDYS6HHW-N740ANCBLACO,SkullCandy,Skullcandy S6HHW-N740 Hesh ANC Over-Ear Noise Cancelling Bluetooth Headphones - Black,S6HHW-N740/CA,810015588512,14899382,Unknown,OPEN BOX,"",,
3929359,ARCTISNOVA7X(61565)GHEADSETBLACCD,STEELSERIES,SteelSeries 61565 Arctis Nova 7X Wireless Gaming Headset - Black,61565/CA,813682027735,16493970,Unknown,CD Grade,"",,
3929361,LOGI5979Z207116244UNKNPR0002,LOGITECH,Logitech (5979111) Z207 2.0 Computer Speaker System,5979111/CA,097855135360,11624436,Unknown,PARTS & REPAIR,"",,
3929362,LOGI5979Z207116244UNKNPR,LOGITECH,Logitech (5979111) Z207 2.0 Computer Speaker System,5979111/CA,097855135360,11624436,Unknown,PARTS & REPAIR,No Power,,
3929364,SKULLCANDYS6EVWN740CRUSHEREVOBLACO,SkullCandy,Skullcandy S6EVW-N740 Crusher Evo Over-Ear Sound Isolating Bluetooth Headphones - Black,S6EVW-N740/CA,810015587249,14899380,Unknown,OPEN BOX,"",,
3929365,QUANTUM300OVEGHEADSETBLACC,JBL,JBL QUANTUM 300 OVE GAMING HEADSET BLACK,JBLQUANTUM300BLKAM,050036369596,14543013,Unknown,C Grade,"",,
3929368,STEALTH700PGEN2WLGAMINGHEADSETBLCB,Turtle Beach,Turtle Beach TBS-3780-02 Stealth 700P Gen 2 Wireless Gaming Headset with Microphone for PS5/ PS4 - Black,TBS-3780-02/CA,731855037803,14892812,Unknown,B Grade,"",,
3929371,RAZEKRAKV3153413UNKNC,Razer,Razer Kraken V3 X Gaming Headset (RZ04-03750100-R3U1) - Black,RZ04-03750100-R3U1,810056141530,15341355,Unknown,C Grade,"",,
3929375,XBOX153244UNKNPR,MICROSOFT STUDIOS,MICROSOFT XBOX WIRELESS GAMING HS BLACK,TLL-00001,889842615319,15324482,Unknown,PARTS & REPAIR,"",,
3929379,MARLEYEM-JA017-SBBTSPEAKERSBLACB,House of Marley,Marley EM-JA017-SB No Bounds XL Waterproof Bluetooth Wireless Speaker - Signature Black,EM-JA017-SB/CA,846885009871,12352553,Unknown,B Grade,"",,
3929384,JBLLIVE660N154463UNKNPR,JBL,JBL LIVE 660NC WIRELESS OVE NC HP BLACK,JBLLIVE660NCBLKAM,050036379755,15446310,Unknown,PARTS & REPAIR,"",,
3929385,CLOUDALPHARFWLGAIMHHSBLACC,HyperX,HyperX 4P5D4AA Cloud Alpha RF Wireless Gaming Headset - Black,4P5D4AA/CA,196188046036,16004258,Unknown,C Grade,"",,
3929386,METAQUEST2128GBLGREYCD,Oculus,Oculus 899-00188-02 Meta Quest 2 128GB VR Headset with Touch Controllers - White,899-00188-02/CA,815820022749,15490835,Unknown,CD Grade,"",,
3929387,METAQUEST22OVVR128WHITCD,Oculus,Oculus 899-00188-02 Meta Quest 2 128GB VR Headset with No TOUCH CONTROLLERS,899-00188-02/CA,815820022749,15490835,Unknown,CD Grade,"",,
3929388,METAQUESTVR2256GWHITBM,Meta Quest,Meta Quest 2 (301-00409-02) 256GB VR Headset with Touch Controllers - White,301-00409-02/CA,815820022640,15644387,Unknown,BM Grade,"",,
3929389,METAQUESTVR2256GWHITB,Meta Quest,Meta Quest 2 (301-00409-02) 256GB VR Headset with Touch Controllers - White,301-00409-02/CA,815820022640,15644387,Unknown,B Grade,"",,
3929390,MSSRFC127W152261UNKNPR,MICROSOFT STUDIOS,MS Srfc 127W PwrSupply US/Canada Hdwr,US7-00001,889842618228,15226185,Unknown,PARTS & REPAIR,"",,
3929394,PS5DUALSENSEWLCTRLNOVAPINKCD,Sony,PS5 DUALSENSE WIRELESS CTRL NOVA PINK,3006413,711719546788,15905710,Unknown,CD Grade,"",,
3929395,PS5DUALSENSEWLCTRLNOVAPINKPR,Sony,PS5 DUALSENSE WIRELESS CTRL NOVA PINK,3006413,711719546788,15905710,Unknown,PARTS & REPAIR,"",,
3929396,PS5DUALSENSEWIRELESSCTRLMDNO,Sony,PS5 DUALSENSE WIRELESS CTRL MIDN BLACK,3006410,711719546757,15480210,Unknown,OPEN BOX,"",,
3929397,PS5149621UNKNPR,Sony,PlayStation 5 DualSense Wireless Controller (3005739) - White,3005739/CA,711719541226,14962193,Unknown,PARTS & REPAIR,"",,
3929398,XBOXWIRELESSCTLR QAU-00011REDO,MICROSOFT STUDIOS,XBOX WIRELESS CTLR PULSE RED,QAU-00011,889842707106,15260924,Unknown,OPEN BOX,"",,
3929399,XBOXONEELITES2BLACO,MICROSOFT XBOX,XBOX ONE WIRELESS CTRL ELITE S2,FST-00001,889842196344,13702316,Unknown,OPEN BOX,"",,
3929400,OCUL8990018154908UNKNUK,Oculus,Oculus 899-00188-02 Meta Quest 2 128GB VR Headset with Touch Controllers + HeadBand - White,899-00188-02/CA,815820022749,15490835,Unknown,Unknown,"",,
3929401,QUEST2VRHEADSETBANDTOCHCTRL128GBTB,Oculus,Oculus 899-00188-02 Meta Quest 2 128GB VR Headset with Touch Controllers + HeadBand - White,899-00188-02/CA,815820022749,15490835,Unknown,B Grade,"",,
3929402,PS5DUALSENSEWIRELESSCTRLMDNPR,Sony,PS5 DUALSENSE WIRELESS CTRL MIDN BLACK,3006410,711719546757,15480210,Unknown,PARTS & REPAIR,"",,
3929403,XBOXELITEWIRELESSCTRLA,MICROSOFT XBOX,XBOX ONE WIRELESS CTRL ELITE S2,FST-00001,889842196344,13702316,Unknown,A Grade,"",,
3929404,DUALSENSEEDGEWIRELESSCTRLWHITBM,Sony,PS5 DUALSENSE EDGE WIRELESS CTRL WHITE,1000033305,711719559320,16571772,Unknown,BM Grade,"",,
3929406,PS5173410UNKNPR,Sony PlayStation,Sony 1000039942 PlayStation 5 DualSense Wireless Controller - Volcanic Red,1000039942/CA,711719572695,17341066,Unknown,PARTS & REPAIR,"",,
3929407,XBOXELITEWIRELESSCTRLBLACC,MICROSOFT XBOX,XBOX ONE WIRELESS CTRL ELITE S2,FST-00001,889842196344,13702316,Unknown,C Grade,"",,
3929408,PS5DUALSENSEWIRELESSCTRLBLACO,Sony,PS5 DUALSENSE WIRELESS CTRL BLACK REPLEN,1000039936,711719574309,17905836,Unknown,OPEN BOX,"",,
3929409,PS5DUALSENSEWIRELESSCTRLBLACPR,Sony,PS5 DUALSENSE WIRELESS CTRL BLACK REPLEN,1000039936,711719574309,17905836,Unknown,PARTS & REPAIR,"",,
3929410,XBOXWIRELESSCTRLQAU-00001/CABLUEO,Microsoft,Xbox Wireless Controller (QAU-00001) - Shock Blue,QAU-00001/CA,889842613872,14965239,Unknown,OPEN BOX,"",,
3929411,PS5DUALSENSEWLCTRLWHITPR,Sony,PS5 DUALSENSE WIRELESS CTRL WHITE REPLEN,1000039935,711719574293,17668451,Unknown,PARTS & REPAIR,"",,
3929412,DUALSENSEEDGEWIRELESSCTRLWHITB,Sony,PS5 DUALSENSE EDGE WIRELESS CTRL WHITE,1000033305,711719559320,16571772,Unknown,B Grade,"",,
3929413,PS5159057UNKNPR0003,Sony,PS5 DUALSENSE WIRELESS CTRL GAL PURPLE,3006414,711719546795,15905711,Unknown,PARTS & REPAIR,"",,
3929415,PS5DUALSENSEWIRELESSCTRLSTRBLUA,Sony,PS5 DUALSENSE WIRELESS CTRL STARLIGHT BL,1000039940,711719574347,17732067,Unknown,A Grade,"",,
3929417,T248PRACINGWHEELXBOXPCBLACBM,THRUSTMASTER,TM XBOX/PC T248P WHEEL,4469026,663296422569,15632674,Unknown,BM Grade,"",,
3930613,IPHONE16PROMAXA3295512GBNATTITAA,Apple,iPhone 16 Pro Max,A3295,Unlocked,512GB,Natural Titanium,A Grade,"",,
3931793,PS5159057UNKNC,Sony,PS5 DUALSENSE WIRELESS CTRL GAL PURPLE,3006414,711719546795,15905711,Unknown,C Grade,"",,
3931794,PS5DUALSENSEWLCTRLGREYCAMOB,Sony,PS5 DUALSENSE WIRELESS CTRL GREYCAMO,1000030606,711719554783,16489324,Unknown,B Grade,"",,
3931795,XBOXQAS-00007CTRLROBOWHITA,MICROSOFT XBOX,Microsoft QAS-00007 Xbox Wireless Controller - Robot White,QAS-00007/CA,889842654691,16609482,Unknown,A Grade,"",,
3931796,XBOXQAS-00007CTRLROBOWHITB,MICROSOFT XBOX,Microsoft QAS-00001 Xbox Wireless Controller - Robot White,QAS-00001/CA,889842611557,14965238,Unknown,B Grade,"",,
3931800,XBOXQAS-00007CTRLROBOWHITEC,MICROSOFT STUDIOS,XBOX X WIRELESS CTRL ROBOT WHITE V2,QAS-00007,889842654691,16609482,Unknown,C Grade,"",,
3931803,STUDIOSXBOXXWIRELESSCTRLCARBONV2BM,MICROSOFT STUDIOS,XBOX X WIRELESS CTRL CARBON BLACK V2,QAT-00007,889842654776,16609480,Unknown,BM Grade,"",,
3931804,XBOX1V8-00001CTRLUSBCCARBBLACB,MICROSOFT XBOX,Microsoft Xbox 1V8-00001 Wireless Controller (2020) with USB-C Cable - Carbon Black,1V8-00001/CA,889842657500,14998604,Unknown,B Grade,"",,
3931813,XBOXQAU-00103CTRLNOCVAPORA,MICROSOFT XBOX,Microsoft QAU-00103 Xbox Wireless Controller - Nocturnal Vapor Edition,QAU-00103/CA,889842946901,17720564,Unknown,A Grade,"",,
3931832,XBOXXWIRELESSCTRLSHOCKBLUV2B,MICROSOFT STUDIOS,XBOX X WIRELESS CTRL SHOCK BLUE V2,QAU-00065,889842782721,16609481,Unknown,B Grade,"",,
3931850,XBOXELITESERIES2COREBLUEA,MICROSOFT XBOX,Microsoft RFZ-00017 Xbox Elite Series 2 Core Wireless Controller for Xbox Series X|S / Xbox One - Blue,RFZ-00017/CA,196388110834,16691894,Unknown,A Grade,"",,
3931864,XBOXELITESERIES2CORECTRLWHITB,MICROSOFT STUDIOS,Xbox Elite Series 2 Core Wireless Controller for Xbox Series X|S / Xbox One - White,4IK-00001,889842717068,16433594,Unknown,B Grade,"",,
3932240,SONYWF10ANCM5171709UNKNPR,TL,SONY WF1000XM5 ANC TW BT IE HP SILVER,WF1000XM5/S,27242925618,17170909,Unknown,PARTS & REPAIR,"",,
3932762,AIRPODS3RDGENLIGHTCASEWHITO,Apple,AIRPODS (3rd Gen) WITH LIGHTNING CASE,MPNY3AM/A,194253324034,16486692,Unknown,OPEN BOX,"",,
3932950,AIRPODSPRO(MLWK3AM/A)MAGSAFEWHITO,Apple,AIRPODS PRO WITH MAGSAFE CASE,MLWK3AM/A,194252721247,15776779,Unknown,OPEN BOX,"",,
3933057,AIRPODSMAX(MGYJ3AM/A)OVESILVO,Apple,AIRPODS MAX OVE BT HP SILVER,MGYJ3AM/A,194252244975,15204589,Unknown,OPEN BOX,"",,
3933070,AIRPODSPRO2164866UNKNPR0004,Apple,AIRPODS PRO (2nd Gen) WITH MAGSAFE CASE,MQD83AM/A,194253397168,16486693,Unknown,PARTS & REPAIR,"",,
3933090,PS5DUALSENSEWLCTRLGREYCAMOCD,Sony,PS5 DUALSENSE WIRELESS CTRL GREYCAMO,1000030606,711719554783,16489324,Unknown,CD Grade,"",,
3933115,PS5DUALSENSEWLCTRLNOVAPINKO,Sony PlayStation,Sony 3006413 PlayStation 5 DualSense Wireless Controller - Nova Pink,3006413/CA,711719546788,15905710,Unknown,OPEN BOX,"",,
3933147,G4327.1SURRSNDGAMNGHEADSETO,LOGITECH,LOGITECH G432 7.1 SURR SND GAMNG HEADSET,981-000769/CA,097855145703,13369094,Unknown,OPEN BOX,"",,
3933156,SENNHEISEHD569OEHEADPHONEBLACO,Sennheiser,Sennheiser HD569 OE Headphones - Black,SENNHEISER HD569/CA,615104270978,10486192,Unknown,OPEN BOX,"",,
3933167,XBOX171830UNKNPR,PDP,PDP AIRLITE Pro WL XBOX HS Jolt Green,049-021-JGR-CA,708056071141,17183095,Unknown,PARTS & REPAIR,"",,
3933274,XBOX157531UNKNPR,Razer,RAZER XBOX X WIRED CTRL WOLVERINE V2 WH,RZ06-03560200-R3U1,810056144692,15753107,Unknown,PARTS & REPAIR,"",,
3933307,SONYWH1000M5161621UNKNPR,Sony _,Sony WH-1000XM5 Over-Ear Noise Cancelling Bluetooth Headphones - Black,WH1000XM5/B/CA,027242923232,16162187,Unknown,PARTS & REPAIR,"",,
3933357,XBOXWIRELESSCTRLSTELLARSEO,MICROSOFT STUDIOS,XBOX X WIRELESS CTRL STELLAR SHIFT SE,QAU-00086,889842875591,16650325,Unknown,OPEN BOX,"",,
3933375,XBOXWIRELESSCTLR QAU-00011REPR,MICROSOFT STUDIOS,XBOX WIRELESS CTLR PULSE RED,QAU-00011,889842707106,15260924,Unknown,PARTS & REPAIR,"",,
3933420,XBOX169614UNKNPR0002,MICROSOFT XBOX,Microsoft QAU-00090 Xbox Wireless Controller - Velocity Green,QAU-00090/CA,889842896473,16961493,Unknown,PARTS & REPAIR,"",,
3933422,XBOXWIRELESSCTLRQAU-00082DEEPINKO,MICROSOFT XBOX,Microsoft QAU-00082 Xbox Wireless Controller - Deep Pink,QAU-00082/CA,889842875560,16057596,Unknown,OPEN BOX,"",,
3933662,STUDIOSXBOXXWIRELESSCTRLCARBONV2KO,MICROSOFT XBOX,Microsoft QAT-00007 Xbox Wireless Controller - Carbon Black,QAT-00007/CA,889842654776,16609480,Unknown,OPEN BOX,"",,
3933747,STUDIOSXBOXELITES2COREWHITA,MICROSOFT STUDIOS,Xbox Elite Series 2 Core Wireless Controller for Xbox Series X|S / Xbox One - White,4IK-00001,889842717068,16433594,Unknown,A Grade,"",,
3933754,XBOX137023UNKNPR,MICROSOFT XBOX,XBOX ONE WIRELESS CTRL ELITE S2,FST-00001,889842196344,13702316,Unknown,PARTS & REPAIR,"",,
3933799,BOSE700NCHEADPHONEBLACC,BOSE,BOSE HEADPHONES 700 NC BT OE HP BLK,BOSE HEADPH 700 BLK,017817796163,13595376,Unknown,C Grade,"",,
3933869,GF63THIN9SCX8GBI5512GBBLACA,MSI,"GF63 THIN 9SCXR (15.6-inch, 2020)","(8GB RAM, i5 9300H)",Wi-Fi,512GB,Black,A Grade,"",,
3933870,GF63THIN9SCXR2020512BLACB,MSI,"GF63 THIN 9SCXR (15.6-inch, 2020)","(8GB RAM, i5 9300H)",Wi-Fi,512GB,Black,B Grade,"",,
3933906,MACPRO1332GB512GBALUMD,Apple,"Mac Pro (N/A, Late 2013)","A1481 (32GB RAM, 3GHz 8 Core Xeon E5-1680v2)",Wi-Fi,512GB,Aluminum,D Grade,"",,
3933907,MACPRO1A1481512ALUMB,Apple,"Mac Pro (N/A, Late 2013)","A1481 (32GB RAM, 3GHz 8 Core Xeon E5-1680v2)",Wi-Fi,512GB,Aluminum,B Grade,"",,
3933908,SONYWH-1000XM4SNCBTSILVBM,Sony _,Sony WH1000XM4/S Wireless Noise-Cancelling Over-the-Ear Headphones - Silver,WH1000XM4/S/CA,Unknown,14777257,Unknown,BM Grade,"",,
3934111,PS5149621UNKNA,Sony,PlayStation 5 DualSense Wireless Controller (3005739) - White,3005739/CA,711719541226,14962193,Unknown,A Grade,"",,
3934169,XBOX169614UNKNPR,Microsoft,XBOX X WIRELESS CTRL VELOCITY GREEN,QAU-00090,889842896473,16961493,Unknown,PARTS & REPAIR,"",,
3934171,ROGSTRIG1564GBI5251TBBLACA,ASUS,"ROG Strix G15 G512LI (15.6-inch, 2021)","(64GB RAM, i5 10300H 2.5GHZ)",Wi-Fi,1TB,Black,A Grade,"",,
3934172,ROGSTRIXG15G512LI202164GBRAMi510CB,ASUS,"ROG Strix G15 G512LI (15.6-inch, 2021)","(64GB RAM, i5 10300H 2.5GHZ)",Wi-Fi,1TB,Black,B Grade,"",,
3934178,XBOXONEELITES23CUBLACBM,MICROSOFT XBOX,XBOX ONE WIRELESS CTRL ELITE S2,FST-00001,889842196344,13702316,Unknown,BM Grade,"",,
3934190,PS5179778UNKNPR,Sony,PS5 DUALSENSE CTRL COSMIC RED REPLEN,1000039937,711719574316,17977844,Unknown,PARTS & REPAIR,"",,
3934207,PS5DUALSENSEWLCTRLRGPURPA,Sony PlayStation,Sony (1000039939) PlayStation 5 DualSense Wireless Controller - Galactic Purple,1000039939/CA,711719574330,17977846,Unknown,A Grade,"",,
3934211,DUALSENSEWLCTRLWHITEB,Sony,PlayStation 5 DualSense Wireless Controller (3005739) - White,3005739/CA,711719541226,14962193,Unknown,B Grade,"",,
3934282,XBOX149652UNKNPR,MICROSOFT XBOX,Microsoft Xbox QAU-00001 Wireless Controller - Shock Blue,QAU-00001/CA,889842613872,14965239,Unknown,PARTS & REPAIR,"",,
3934290,PS5DUALSENSEWIRELESSCTRLGREYCAMOO,Sony,PS5 DUALSENSE WIRELESS CTRL GREYCAMO,1000030606,711719554783,16489324,Unknown,OPEN BOX,"",,
3934293,BRAUSHAV9330144504UNKNBM,TL,Braun Shaver 9330s Solo,81666404,69055883075,14450480,Unknown,BM Grade,"",,
3934295,PIXELBUDSPRO(GA03203-US)FOGBM,TL,GOOGLE PIXEL BUDS PRO ANC TW FOG WHT,GA03203-US,193575032306,16298163,Unknown,BM Grade,"",,
3934299,SAMSMR400NZ173019UNKNC,Samsung -,Samsung SM-R400NZWAXAC Galaxy Buds FE In-Ear Noise Cancelling True Wireless Earbuds - Mystic White,SM-R400NZWAXAC/CA,887276791906,17301939,Unknown,C Grade,"",,
3934300,OPENRUNMINIBTHPBLACA,TL,SHOKZ OPENRUN MINI BT HP BLACK,S803-MN-BK-CA-153,810092675914,17115308,Unknown,A Grade,"",,
3934301,SONYWH1000XM5BHEADPHONEBLACBM,Sony,Sony WH-1000XM5 Over-Ear Noise Cancelling Bluetooth Headphones - Black,WH1000XM5/B/CA,027242923232,16162187,Unknown,BM Grade,"",,
3934302,SHOKS803ST159548UNKNPR,Shokz,Shokz (S803-ST-BK-CA-153) OpenRun Bone Conduction Open-Ear Bluetooth Headphones - Black,S803-ST-BK-CA-153/CA,810092675938,15954867,Unknown,PARTS & REPAIR,"",,
3934306,XBOX166094UNKNPR,MICROSOFT STUDIOS,XBOX X WIRELESS CTRL SHOCK BLUE V2,QAU-00065,889842782721,16609481,Unknown,PARTS & REPAIR,"",,
3934307,JLABGOAIRSPORTHOGRAPBM,JLAB,JLAB GO AIR SPORT TW IE HP GRAPHITE,IFCEBGAIRSPRTRBLK124,812887017404,16161836,Unknown,BM Grade,"",,
3934308,DUALSENSEEDGEWIRELESSCTRLWHITO,Sony,PS5 DUALSENSE EDGE WIRELESS CTRL WHITE,1000033305,711719559320,16571772,Unknown,OPEN BOX,"",,
3934309,JLABAUDIOEPICAIRSPORTINEARTWEARBCC,JLab Audio,JLab EBEAIRSPTNCRBLK82 Epic Air Sport In-Ear Noise Cancelling True Wireless Earbuds - Black,EBEAIRSPTNCRBLK82/CA,812887019316,16006936,Unknown,C Grade,"",,
3934374,XBOXELITESERIES2CORECTRLWHITO,MICROSOFT XBOX,Xbox 4IK-00001 Elite Series 2 Core Wireless Controller for Xbox Series X|S / Xbox One - White,4IK-00001/CA,889842717068,16433594,Unknown,OPEN BOX,"",,
3934402,XBOX149986UNKNPR,MICROSOFT STUDIOS,Xbox PC Controller with USB Cable,1V8-00001,889842657500,14998604,Unknown,PARTS & REPAIR,"",,
3934404,XBOXONEELITES23CUBLACCD,MICROSOFT XBOX,XBOX ONE WIRELESS CTRL ELITE S2,FST-00001,889842196344,13702316,Unknown,CD Grade,"",,
3935219,QUIETCOMFORT45OVEHEADPHONESBLACPR,BOSE,Bose 866724-0100 QuietComfort 45 Wireless Noise Cancelling Over-the-Ear Headphones - Triple Black,866724-0100/CA,017817835015,15690720,Unknown,PARTS & REPAIR,"",,
3935268,XBOXWIRELESSCTRLDVAPORCD3C9,MICROSOFT XBOX,Microsoft QAU-00125 Xbox Wireless Controller - Dream Vapor,QAU-00125/CA,196388141456,17661143,Unknown,CD Grade,"",,
3935280,BEATBYDR171608UNKNA,Beats by Dr. Dre,Beats By Dr. Dre MQTR3LL/A Studio Pro Over-Ear Noise Cancelling Bluetooth Headphones - Sandstone,MQTR3LL/A/CA,194253715276,17160837,Unknown,A Grade,"",,
3935300,PS4104879UNKNPR,Sony,PS4 DUALSHOCK 4 CTRL JET BLACK,3001539,711719504306,10487973,Unknown,PARTS & REPAIR,"",,
3935423,MACPRO2013A1481512ALUMBM,Apple,"Mac Pro (N/A, Late 2013)","A1481 (32GB RAM, 3GHz 8 Core Xeon E5-1680v2)",Wi-Fi,512GB,Aluminum,BM Grade,"",,
3935496,JBLTOURONEM2BTHEADPHONESBLACCD,JBL _,JBL JBLTOURONEM2BAM Tour One M2 Over-ear Noise Cancelling BT Headphones - Black,JBLTOURONEM2BAM/CA,050036394901,16924263,Unknown,CD Grade,"",,
3935532,HYDRASHOCKBTSPEAKERBLACBLUA,Altec Lansing,Altec Lansing IMW4005-RYB-FR-2 HydraShock Waterproof Bluetooth Wireless Speaker - Black/ Royal Blue,IMW4005-RYB-FR-2/CA,021331013927,14922860,Unknown,A Grade,"",,
3935756,PS5DUALSENSEWLCTRLRGPURPPR,Sony,PlayStation 5 DualSense Wireless Controller - Galactic Purple,1000039939/CA,711719574330,17977846,Unknown,PARTS & REPAIR,"",,
3935781,AIRPODSPRO(MLWK3AM/A)MAGSAFEWHITCD,Apple,AIRPODS PRO WITH MAGSAFE CASE,MLWK3AM/A,194252721247,15776779,Unknown,CD Grade,"",,
3935864,AIRPODS3RDGENMAGCASEWHITA,Apple,AIRPODS 3RD GENERATION W MAGSAFE CASE,MME73AM/A,194252818381,15776780,Unknown,A Grade,"",,
3935885,VIRTUOSORGBXTHEADSETBLACO,Corsair,CORSAIR VIRTUOSO RGB WL XT H-FD G HS BLK,CA-9011188-NA,840006605843,15660078,Unknown,OPEN BOX,"",,
3935899,MEGABOOM3BTWIRELESSSPEAKERBLACO,Ultimate Ears,Ultimate Ears 984-001390 MEGABOOM 3 Waterproof Bluetooth Wireless Speaker - Black,984-001390/CA,097855141088,12902850,Unknown,OPEN BOX,"",,
3936049,ANZUSMARTGLASSESROUNDBLACA,Razer,RAZER ANZU SMART GLASSES ROUND BUNDLE L,RZ82-03630400-R3U1,810056141905,6452525,Unknown,A Grade,"",,
3936057,SAMTABA95G64GBBLACA,Samsung,Galaxy Tab A9+ 5G,SM-X218U,Unlocked,64GB,Black,A Grade,"",,
3936059,GALAXYTABA9PLUS5G(SMX2218U)64BLACO,Samsung,Galaxy Tab A9+ 5G,SM-X218U,Unlocked,64GB,Black,OPEN BOX,"",,
3936063,IPH12PROMAX128GBGRAPBM,Apple,iPhone 12 Pro Max,A2411,Unlocked,128GB,Graphite,BM Grade,"",,
3936065,IPHONE12PMAXNBA2411128GRAPC,Apple,iPhone 12 Pro Max,A2411,Unlocked,128GB,Graphite,C Grade,Battery Replaced - 100% Health with Warning,,
3936069,IPHONEA1864256GOLDA,Apple,iPhone 8 Plus,A1864,Unlocked,256GB,Gold,A Grade,"",,
3936083,IPHONE8PLUSA186464GBGOLDA,Apple,iPhone 8 Plus,A1864,Unlocked,64GB,Gold,A Grade,"",,
3936098,MACBOOKAIR(1A2681(8GBRAM,Apple,"MacBook Air (13-inch, 2022)","A2681 (8GB RAM, M2 8 Core)",Wi-Fi,256GB,Midnight,A Grade,"",,
3936104,LATI74101416GBI7512GBBLACB,Dell,"Latitude 7410 (14-inch, 2020)","(16GB RAM, i7 10610U)",Wifi,512GB,Black,B Grade,"",,
3936109,TBSTEA700169238UNKNPR0005,TL,TB STEALTH 700 GEN2 MAX H BLK,TBS-3790-02,731855037919,16923815,Unknown,PARTS & REPAIR,"",,
3936113,T48014INCH16GBI5512GBBLACC,Lenovo,"T480 (14-inch, 2018)","(16GB RAM, i5 8250U)",Wi-Fi,512GB,Black,C Grade,"",,
3936114,T142021256BLACC,Lenovo,"T14 (14-inch, 2021)","(16GB RAM, i5 1145G7)",Wi-Fi,256GB,Black,C Grade,"",,
3936124,IPADAPPLEMAGBLACA,Apple,"Apple Magic Keyboard for iPad Pro 12.9"" (3rd/4th/5th/6th Gen/iPad Air 13 M2)",KEYBOARD CASE,N/A,N/A,Black,A Grade,"",,
3936125,APPLMAGIKEYBBLACA,Apple,Apple Magic Keyboard,Touch ID & Numeric Keypad,N/A,N/A,Black,A Grade,"",,
3936126,MAGICKEYBOARDTOUCHIDNUMERICKYBBLCA,Apple,Magic Keyboard,Touch ID & Numeric Keypad,N/A,N/A,Black,A Grade,"",,
3936161,PS5DUALSENSECTRLVOLREDCD3B4,HP,PS5 DUALSENSE CTRL VOLCANIC RED,1000039942,711719572695,17341066,Unknown,CD Grade,"",,
3936197,LATITUDE2020512BLACB,Dell,"Latitude 7410 (14-inch Touch, 2020)","(16GB RAM, i7 10610U)",Wifi,512GB,Black,B Grade,"",,
3936221,PS5DUALSENSEWIRELESSCTRLSTRBLUBM,Sony,PS5 DUALSENSE WIRELESS CTRL STARLIGHT BL,1000039940,711719574347,17732067,Unknown,BM Grade,"",,
3936228,BOSE700NCHEADPHONEBLACPR,BOSE,BOSE HEADPHONES 700 NC BT OE HP BLK,BOSE HEADPH 700 BLK,017817796163,13595376,Unknown,PARTS & REPAIR,"",,
3936231,HP15DY208GBI3256GBSILVBM,HP,"HP 15-DY2038CA (15.6-inch, 2021)","(8GB RAM, i3 1125G4)",Wi-Fi,256GB,Silver,BM Grade,Bad Battery,,
3936234,HP15DY208GBI3256GBSILVB,HP,"HP 15-DY2038CA (15.6-inch, 2021)","(8GB RAM, i3 1125G4)",Wi-Fi,256GB,Silver,B Grade,Bad Battery,,
3936236,15FD00158GBI51TBSSDSILVB,HP,"15-FD0003CA (15.6-inch Touch, 2023)","(8GB RAM, i5 1335u)",Wi-Fi,1TB SSD,Silver,B Grade,Bad Battery,,
3936237,HP15FD0003CA20231TBSILVB,HP,"15-FD0003CA (15.6-inch Touch, 2023)","(8GB RAM, i5 1335u)",Wi-Fi,1TB SSD,Silver,B Grade,"",,
3936243,ASPIASPI38GBRYZEN512GBBLUEBM,Acer,"Aspire Aspire 3 (15.6-inch, 2023)","A315-24PT-R0FS (8GB RAM, AMD RYZEN 5 7520U)",Wi-Fi,512GB,Blue,BM Grade,"",,
3936244,ASPIRELITE2021512GREYBM,Acer,"Aspire LITE (15.6-inch, 2021)","AL15-51 (8GB RAM, Intel i5 1155G7)",Wi-Fi,512GB,Grey,BM Grade,"",,
3936247,HYPERXCLOUDSTINGER2COREBLACB,TL,HYPERX CLOUD STINGER 2 CORE BLACK,683L9AA,196548418183,16474334,Unknown,B Grade,"",,
3936249,QUANTUM610GAMNGHEADSETBLACB,JBL,JBL QUANTUM 610 WL OVE GAMING HEADSET BK,JBLQUANTUM610BLKAM,050036388634,15956941,Unknown,B Grade,"",,
3936316,MBP13198GBI514256GBSILVA,Apple,"MacBook Pro (13-inch, 2019)","A2159 (8GB RAM, 1.4GHz i5)",Wi-Fi,256GB,Silver,A Grade,No Camera Detected,,
3936369,DUALSENSEWRCTRLRSTERSILVC,Sony PlayStation,Sony 1000039941 PlayStation 5 DualSense Wireless Controller - Sterling Silver,1000039941/CA,711719572701,17341067,Unknown,C Grade,"",,
3936370,MACBOOKPRONCD256SILVCD,Apple,"MacBook Pro (13-inch, 2019)","A2159 (8GB RAM, 1.4GHz i5)",Wi-Fi,256GB,Silver,CD Grade,No Camera Detected,,
3936391,PS5DUALSENSEWIRELESSCTRLBLACC,Sony,PS5 DUALSENSE WIRELESS CTRL BLACK REPLEN,1000039936,711719574309,17905836,Unknown,C Grade,"",,
3936422,SONYWH1000M5161621UNKNUK,Sony,Sony WH-1000XM5 Over-Ear Noise Cancelling Bluetooth Headphones with Case- Black,WH1000XM5/B/CA,027242923232,16162187,Unknown,Unknown,"",,
3936423,PS4DUALSHOCK4CTRLMAGMAREDA,Sony,PS4 DUALSHOCK 4 CTRL MAGMA RED,3001550,711719504412,10520812,Unknown,A Grade,"",,
3936425,VICTRIXPROBFGCTRLBLACA,PDP,PDP 052-002-BK Victrix Pro BFG Wireless Controller for PS5/ PS4/ PC - Black,052-002-BK/CA,708056069957,16612517,Unknown,A Grade,"",,
3936426,DUALSENSECTRLCOBALTBLUEA,Sony,PS5 DUALSENSE WIRELESS CTRL COBALT BLUE,1000039943,711719572688,17341065,Unknown,A Grade,"",,
3936427,LIFTVERTICALERGOMOUSEWHITA,TL,Logitech LiftVertical Ergo Mse OFF-WHT,6876221,97855170972,16007179,Unknown,A Grade,"",,
3936428,PIXELBUDSPRO(GA03204-US)CARBB,Google,Google GA03201-US Pixel Buds Pro In-Ear Noise Cancelling Truly Wireless Headphones - Carbon,GA03201-US/CA,193575032283,16298161,Unknown,B Grade,"",,
3936429,URBACOPETW164846UNKNCD,Urbanista,URBANISTA COPENHAGEN TW BLACK,1036602,810031140664,16484616,Unknown,CD Grade,"",,
3936430,PIXELWATCHGA0311940MMMATTBM,Google,Google GA03119-US Pixel Watch (GPS) 40mm Matte Black Stainless Steel Case,GA03119-US/ NO BAND/CA,840244600075,16538053,Unknown,BM Grade,"",,
3936431,AIRPODS3RDGENMAGCASEWHITC,Apple,AIRPODS 3RD GENERATION W MAGSAFE CASE,MME73AM/A,194252818381,15776780,Unknown,C Grade,"",,
3936432,LOCALEARBUDS,Google,Google GA04281-US Pixel Buds A-Series In-Ear Sound Isolating True Wireless Earbuds - Charcoal,GA04281-US/CA,193575034003,16499232,Unknown,PARTS & REPAIR,"",,
3936433,PIXELBUDSASERIES(GA04281-US)CHARCD,Google,Google GA04281-US Pixel Buds A-Series In-Ear Sound Isolating True Wireless Earbuds - Charcoal,GA04281-US/CA,193575034003,16499232,Unknown,CD Grade,"",,
3936434,CORSAIRCH9315411WIRELESSOPGAMINGAC,Corsair,Corsair CH-9315411-NA Dark Core RGB Pro 18000 dpi Wireless Optical Gaming Mouse - Black,CH-9315411-NA/CA,840006616023,14415754,Unknown,PARTS & REPAIR,"",,
3936435,JLABGOAIRTWHPBLACBM,JLAB,JLAB GO AIR POP TW IE HP BLACK,GO AIR POP,812887017183,15645661,Unknown,BM Grade,"",,
3936436,SHOKZOPENRUNPROLBDONEHEADPHONEBLCD,TL,SHOKZ OPENRUN PRO2BONE COND HP BLK,S820-ST-BK-CA-326,810160660873,18188846,Unknown,CD Grade,"",,
3936437,SOUNDCORESPORTX20TWANCBLACB,TL,SOUNDCORE SPORT X20 TW ANC BLK,A3968Z11-5,194644198268,17929524,Unknown,B Grade,"",,
3936438,SAMSUNGSMR93171667UNKNPR,Samsung Watch,Samsung SM-R930NZKAXAC Galaxy Watch6 (GPS) 40mm Smartwatch with Heart Rate Monitor - Graphite,SM-R930NZKAXAC/CA,887276772929,17166727,Unknown,PARTS & REPAIR,"",,
3936439,SHOKOPENAIR179427UNKNCD,TL,SHOKZ OPENFIT AIR OPENEAR TW EARBUDS BLK,T511-ST-BK-CA-326,810092678878,17942766,Unknown,CD Grade,"",,
3936440,XBOX176611UNKNB,MICROSOFT XBOX,Microsoft QAU-00125 Xbox Wireless Controller - Dream Vapor,QAU-00125/CA,196388141456,17661143,Unknown,B Grade,"",,
3938011,IPHONE16A3286128GBWHITN,Apple,iPhone 16,A3286,Unlocked,128GB,White,NEW,"",,
3938476,SPECTREX3602018ASISGSMINBSIVPR,HP,"Spectre x360 (15-inch, 2018)","(16GB RAM, i7 8565U)",Wi-Fi,512GB,Ash Silver,PARTS & REPAIR,"Untested - AS-IS - For Parts, Good Screen - Motherboard Issue, No Boot",,
3938757,SONYWHXBB157448UNKNPR,Sony,SONY WHXB910N/B OVE X-BASS NC HP BLACK,WHXB910N/B,027242922723,15744832,Unknown,PARTS & REPAIR,"",,
3938763,OWLETDREAMSOCKBABYMONITORGREEC,Owlet,Owlet BM06NMMCJ Dream Sock Wearable Baby Monitor - Mint Green,BM06NMMCJ/CA,850028962428,16241789,Unknown,C Grade,"",,
3938790,NVIDIASHIELDANDROIDTVPRO4K16BLACB,NVIDIA,Nvidia 945-12897-2500-101 Shield Android TV Pro 16GB 4K HDR Media Streamer - English,945-12897-2500-101/CA,812674023038,14276267,Unknown,B Grade,"",,
3939175,XBOX174009UNKNPR,POWERA,POWERA XBOX WIRED CTRL CTN RED,1519366-01,617885025426,17400971,Unknown,PARTS & REPAIR,"",,
3939177,LOGIDESKMK12102072UNKNPR,LOGITECH,LOGITECH DESKTOP MK120,920-002565,097855065476,10207205,Unknown,PARTS & REPAIR,"",,
3939178,LOGIDESKMK12102072UNKNCD,LOGITECH,LOGITECH DESKTOP MK120,920-002565,097855065476,10207205,Unknown,CD Grade,"",,
3939311,BUDSFE(SM-R400NZAAXAC)BLACPR,Samsung,SAMSUNG BUDS FE BLACK,SM-R400NZAAXAC,887276791913,17301940,Unknown,PARTS & REPAIR,"",,
3939312,BUDSFE(SM-R400NZAAXAC)BLACO,Samsung,SAMSUNG BUDS FE BLACK,SM-R400NZAAXAC,887276791913,17301940,Unknown,OPEN BOX,"",,
3939389,LOGI9100068166659UNKNA,LOGITECH,Logitech ( 910-006826) M325S Wireless Optical Mouse - Vivid Violet,910-006826/CA,097855183330,16665992,Unknown,A Grade,"",,
3939391,OPENSWIM PROBTMP3HEATSETGREYA,TL,SHOKZ OPENSWIM PROBC OPENEAR SWIM HP GRN,S710-ST-GY-CA-326,810092678908,17942769,Unknown,A Grade,"",,
3939392,GALAXYBUDSSPROOLIVO,Samsung -,Samsung Galaxy Buds2 In-Ear Noise Cancelling Truly Wireless Headphones - Olive Green,GALAXY BUDS2/GREEN/CA,887276573793,15615207,Unknown,B Grade,"",,
3939393,FITBITINSPIRE2BLACC,FITBIT,Fitbit Inspire 2 Fitness Tracker with 24/7 Heart Rate - Black,INSPIRE 2/BLK/CA,810038852805,14882488,Unknown,C Grade,"",,
3939394,QUIETCOMFORTULTRAEARBUDSBLACB,BOSE,Bose 882826-0010 QuietComfort Ultra In-Ear Noise Cancelling True Wireless Earbuds - Black,882826-0010/CA,017817847681,17212845,Unknown,B Grade,"",,
3939396,FITBITCHARGEGOLDC,FITBIT,FITBIT CHARGE 5 LUNAR WHT SFT GOLD FRCJK,FB421,810038855905,15666447,Unknown,C Grade,"",,
3939401,PIXELBUDSPRO(GA03204-US)LEMONB,Google,Google Pixel Buds Pro in-Ear Noise Cancelling True Wireless Earbuds - Lemongrass,GA03204-US/CA,Unknown,16298162,Unknown,B Grade,"",,
3939402,GALAXYBUDS2BLACBM,Samsung,SAMSUNG GALAXY BUDS2 BLACK,GALAXY BUDS2,887276573786,15615205,Unknown,BM Grade,"",,
3939403,GALAXYBUDS2EARBUDSBLACC,Samsung,SAMSUNG GALAXY BUDS2 BLACK,GALAXY BUDS2,887276573786,15615205,Unknown,C Grade,"",,
3939404,QUIETCOMFORTULTRAEARBUDSBLACBM,BOSE,Bose 882826-0010 QuietComfort Ultra In-Ear Noise Cancelling True Wireless Earbuds - Black,882826-0010/CA,017817847681,17212845,Unknown,BM Grade,"",,
3939405,BOSEQUIEEARB167047UNKNPR,TL,BOSE QUIETCOMFORT EARBUDS II LE ECLP GRY,870730-0040,17817847056,16704794,Unknown,PARTS & REPAIR,"",,
3939406,BEATSSTUDIOMJ4X3LLA)BLACBM,Beats by Dr. Dre,Beats By Dr. Dre MJ4X3LL/A Studio Buds In-Ear Noise Cancelling Truly Wireless Headphones - Black,MJ4X3LL/A/CA,194252388297,15543695,Unknown,BM Grade,"",,
3939407,SHOKZOPENRUNDONEHEADPHONEBLACA,Shokz,Shokz (S803-ST-BK-CA-153) OpenRun Bone Conduction Open-Ear Bluetooth Headphones - Black,S803-ST-BK-CA-153/CA,810092675938,15954867,Unknown,A Grade,"",,
3939408,JBLVIBEFLEXTRUEWIRELESSHPBEIGEC,TL,JBL VIBE FLEX TRUE WIRELESS HP BEIGE,JBLVFLEXBEGAM,50036391351,17919703,Unknown,C Grade,"",,
3939409,SONYWF-CF700NEARBUDS(C700NB)BLACC,Sony,Sony WF-C700N In-Ear Noise Cancelling True Wireless Earbuds - Black,WF-C700N/B/CA,Unknown,17042261,Unknown,C Grade,"",,
3939412,JBLT500BTBLACCD,JBL _,JBL JBLT500BTBLKAM Tune 500BT On-Ear Bluetooth Headphones - Black,JBLT500BTBLKAM/CA,050036355674,15458144,Unknown,CD Grade,"",,
3939413,JBLJBLTTUNE154581UNKNC,JBL _,JBL JBLT500BTBLKAM Tune 500BT On-Ear Bluetooth Headphones - Black,JBLT500BTBLKAM/CA,050036355674,15458144,Unknown,C Grade,"",,
3939414,GALAXYWATCH644MMGPSGRAPC,Samsung,Samsung Galaxy Watch6 (GPS) 44mm Smartwatch with Heart Rate Monitor - Graphite,SM-R940NZKAXAC/CA,887276773971,17166724,Unknown,C Grade,"",,
3939415,BEATSTUD3115345UNKNC,APPLE -,BEATS STUDIO 3 BT OVER-EAR HP BLACK,MX3X2LL/A,190199312722,11534527,Unknown,C Grade,"",,
3939416,BEATSSTUDIO3HEADPHONESBLACREDBM,Beats by Dr. Dre,Beats By Dr. Dre MX422LL/A Studio3 Over-Ear Noise Cancelling Bluetooth Headphones - Black/ Red,MX422LL/A/CA,190199312968,12560878,Unknown,BM Grade,"",,
3940059,IPHXS64GBSPACB,Apple,iPhone XS,A1920,Unlocked,64GB,Space Grey,B Grade,"",,
3940061,IPHXS64GBSPACC,Apple,iPhone XS,A1920,Unlocked,64GB,Space Grey,C Grade,"Service Battery Warning, Face ID Not working",,
3940096,IPHONEXSSBWFIDNWA192064SPACCD,Apple,iPhone XS,A1920,Unlocked,64GB,Space Grey,CD Grade,"Service Battery Warning, Face ID Not working",,
3940124,STEALTH700GEN2MAXBLUECD,TL,TB STEALTH 700 GEN 2 MAX COBALT BLUE,TBS-3794-02,731855037957,18393531,Unknown,CD Grade,"",,
3940158,RECONSPARKHEADSETWHITO,Turtle Beach,TURTLE BEACH RECON SPARK HS MULTPLAT WHT,TBS-6220-02,731855062201,14423058,Unknown,OPEN BOX,"",,
3940198,H100iELITECAPELLIXXTC,TL,Corsair H100i ELITE CAPELLIX XT Liq Cool,CW-9060068-WW,840006683476,16658116,Unknown,C Grade,"",,
3940202,SONYWH-1000XM5OVEREARHPHONESILVA,Sony _,Sony WH-1000XM5 Over-Ear Noise Cancelling Bluetooth Headphones - Silver,WH1000XM5/S/CA,027242923249,16162186,Unknown,A Grade,"",,
3940219,STEALTH600GEN2MAXBLACD-31A,TL,TB STEALTH 600X GEN 2 USB WL HS BLACK,7.31855E+11,731855023738,16206895,Unknown,CD Grade,"",,
3940232,JBLTUNE500OEHEADPHONESBLUECD,JBL _,JBL JBLT500BLUAM Tune 500 On-Ear Headphones - Blue,JBLT500BLUAM/CA,050036355902,16697686,Unknown,CD Grade,"",,
3940272,BARRACUDAXWIRELESSOVEHEADSETBLACCD,Razer,RAZER BARRACUDA X WIRELESS OVE GM HS BLK,RZ04-03800100-R3U1,810056141691,15609520,Unknown,CD Grade,"",,
3940334,BEATSSTUDIO3SKYLINEHEADSETBLACA,Apple,BEATS STUDIO 3 BT OVE SKYLINE COL MN BLK,MXJA2LL/A,190199462809,13188016,Unknown,A Grade,"",,
3940422,AIRPODSPRO2NDGENUSBCMAGWHITA,Apple,Apple AirPods Pro (2nd generation) Noise Cancelling True Wireless Earbuds with USB-C MagSafe Charging Case,MTJV3AM/A/CA,195949052484,Unknown,Unknown,A Grade,"",,
3940440,AIRPODSPRO2NDGENUSBCMAGWHITBM,Apple,Apple AirPods Pro (2nd generation) Noise Cancelling True Wireless Earbuds with USB-C MagSafe Charging Case,MTJV3AM/A/CA,195949052484,Unknown,Unknown,BM Grade,"",,
3940544,AIRPODSPRO2172786UNKNCD,Apple,AIRPODS PRO (2ND GEN) MAGSAFE (USB C),MTJV3AM/A,195949052484,17278649,Unknown,CD Grade,"",,
3940584,ARCTIS9XSERIESXBLACC,STEELSERIES,STEELSERIES ARCTIS 9X (SERIES X) HS BLK,61481,810052980010,13837396,Unknown,C Grade,"",,
3940610,BOSEQUITECOMFORTULTRAOVEHPWHITPR,BOSE,Bose QuietComfort Ultra Over-Ear Noise Cancelling Bluetooth Headphones - White Smoke,880066-0200/CA,Unknown,17212851,Unknown,PARTS & REPAIR,"",,
3940640,QUIETCOMFORT45NCOVEHEADPHONEMIDNEB,TL,BOSE QUIETCOMFORT 45 NC OVE HP MDNT BLUE,866724-0300,17817844420,16474097,Unknown,B Grade,"",,
3940673,SOUNDCORELIFETUNEPROANCOVEHPBLUECD,Soundcore,SOUNDCORE LIFE TUNE PRO ANC OVE HP BLUE,A3030Z31-5,194644074524,15557657,Unknown,CD Grade,"",,
3940744,SONYWH10LM5161621UNKNUK,Sony _,Sony WH1000XM5/L Over-Ear Noise Cancelling Bluetooth Headphones - Blue,WH1000XM5/B/CA,027242923232,16162187,Unknown,Unknown,"",,
3940745,SONYWH1000XM5BHEADPHONEBLUECD32U,Sony _,Sony WH1000XM5/L Over-Ear Noise Cancelling Bluetooth Headphones - Blue,WH1000XM5/B/CA,027242923232,16162187,Unknown,CD Grade,"",,
3940809,WH1000XM5OVENCBTHEADPHONESILVCD2P5,Sony _,Sony WH-1000XM5 Over-Ear Noise Cancelling Bluetooth Headphones - Silver,WH1000XM5/S/CA,027242923249,16162186,Unknown,CD Grade,"",,
3940861,LOGI9810007133690UNKNPR,LOGITECH,Logitech 981-000742 G935 RF Wireless Gaming Headset with Microphone - Black,981-000742/CA,097855144508,13369093,Unknown,PARTS & REPAIR,"",,
3940864,AIRPODS3RDGENLIGHTCASEWHITEC,APPLE -,Apple MPNY3AM/A AirPods (3rd generation) In-Ear Truly Wireless Headphones with Lightning Charging Case - White,MPNY3AM/A/CA,194253324034,16486692,Unknown,C Grade,"",,
3941205,AIRPODS3RDGENLIGHTCASEWHITC,Apple,AIRPODS (3rd Gen) WITH LIGHTNING CASE,MPNY3AM/A,194253324034,16486692,Unknown,C Grade,"",,
3941210,SHOKZOPENRUNSTDONEBLACCD2T5,Shokz,Shokz (S803-ST-BK-CA-153) OpenRun Bone Conduction Open-Ear Bluetooth Headphones - Black,S803-ST-BK-CA-153/CA,810092675938,15954867,Unknown,CD Grade,"",,
3941221,QUIETCOMFORTULTRAEARBUDSMOONBLUBM,TL,BOSE QUIETCOMFORT ULTRA EARBUDS MOON BLU,882826-0050,17817851329,17701536,Unknown,BM Grade,"",,
3941239,JABRAELITE4INEARBLACB,Jabra,Jabra Elite 4 Active In-Ear Noise Cancelling Truly Wireless Headphones - Black,ELITE 4 ACTIVE/BLK/CA,615822015899,15917208,Unknown,B Grade,"",,
3941248,VIPERV2PROWLGAMINGMOUSEWHITB,Razer,Razer RZ01-04390200-R3U1 Viper V2 Pro 3200 DPI Wireless Gaming Mouse - White,RZ01-04390200-R3U1/CA,840272901526,16157520,Unknown,B Grade,"",,
3941249,XBOX166094UNKNA,Microsoft,XBOX X WIRELESS CTRL SHOCK BLUE V2,QAU-00065,889842782721,16609481,Unknown,A Grade,"",,
3941250,BASILISKV3X18KDPIMOUSEBLACA,Razer,Razer RZ01-04870100-R3U1 Basilisk V3 X HyperSpeed 18000 DPI Wireless Optical Gaming Mouse - Classic Black,RZ01-04870100-R3U1/CA,840272906965,16932767,Unknown,A Grade,"",,
3941251,SONYWHCHBT167031UNKNC,TL,SONY WHCH520 BT ONE BT HP W/MIC WHITE,WHCH520/W,27242925465,16703137,Unknown,C Grade,"",,
3941252,VOYAGERLEGENDBTHEADSETBLACC,Plantronics,Plantronics 87300-203 Voyager Legend Bluetooth Headset - Black,87300-203/CA,017229173316,11428776,Unknown,C Grade,"",,
3941253,SAMSUNGSMR86156056UNKNCD,Samsung Watch,Samsung SM-R860NZDAASA Galaxy Watch4 40mm Smartwatch with Custom Band - Pink Gold,SM-R860NZDAASA/CA,Unknown,15605604,Unknown,CD Grade,"",,
3941255,GALAXYWATCH42R340MMPINKCD,Samsung Watch,Samsung SM-R860NZDAASA Galaxy Watch4 40mm Smartwatch with Custom Band - Pink Gold,SM-R860NZDAASA/CA,Unknown,15605604,Unknown,CD Grade,Cracked Front Glass,,
3941256,FITBSENS2163904UNKNPR,FITBIT,FITBIT SENSE 2 GRAPHITE/GRPHT BAND,FB521,810038858401,16390437,Unknown,PARTS & REPAIR,"",,
3941257,FITBITSENSE22QR(FB521)GRAPPR2QS,FITBIT,FITBIT SENSE 2 GRAPHITE/GRPHT BAND,FB521,810038858401,16390437,Unknown,PARTS & REPAIR,No Boot,,
3941259,STUDIOBUDS(MQLH3LLA)EARBUDSGOLDC,Beats by Dr. Dre,Beats By Dr. Dre MQLH3LL/A Studio Buds + In-Ear Noise Cancelling True Wireless Earbuds - Black/ Gold,MQLH3LL/A/CA,194253563624,17074722,Unknown,C Grade,"",,
3941260,AIRPODS3RDGENLIGHTCASEWHITBM,Apple,AIRPODS (3rd Gen) WITH LIGHTNING CASE,MPNY3AM/A,194253324034,16486692,Unknown,BM Grade,"",,
3941261,RAYCONEVERYDAYTWROSECD,RAYCON,RAYCON EVERYDAY TW ROSE GOLD,RBE725-21E-ROS,811162030978,15699541,Unknown,CD Grade,"",,
3941264,FITBITVERSA4(FB523)PLATBLUEB,FITBIT,Fitbit Versa 4 Smartwatch with Fitbit Premium & Heart Rate Monitor - Waterfall Blue,FB523/CA,Unknown,0,Unknown,B Grade,"",,
3941265,JABR1009918169277UNKNC,Jabra,Jabra 100-99183002-99 Elite 4 In-Ear Noise Cancelling Truly Wireless Headphones - Light Beige,100-99183002-99/CA,615822017978,16927770,Unknown,C Grade,"",,
3941266,XBOXWIRELESSCTRLDVAPORA,MICROSOFT XBOX,Microsoft QAU-00125 Xbox Wireless Controller - Dream Vapor,QAU-00125/CA,196388141456,17661143,Unknown,A Grade,"",,
3941268,JBLTOUR2PROHEADPHONEBLACB,JBL,JBL TOUR 2 PRO TWS NC HP BLACK,JBLTOURPRO2BLKAM,050036396882,17211805,Unknown,B Grade,"",,
3941371,FENIX6PROBLACBM,Garmin,GARMIN FENIX 6 BLACK/BLACK BAND,FENIX 6 PRO,753759232719,13893590,Unknown,BM Grade,"",,
3941373,BOSEQUIETCOMFORTEBIISOAPCD,BOSE,Bose QuietComfort Earbuds II In-Ear Noise Cancelling True Wireless Earbuds - Soapstone,870730-0020/CA,Unknown,16378176,Unknown,CD Grade,"",,
3941374,BOSEQUIEEARB163781UNKNC,BOSE,Bose QuietComfort Earbuds II In-Ear Noise Cancelling True Wireless Earbuds - Soapstone,870730-0020/CA,Unknown,16378176,Unknown,C Grade,"",,
3941375,NSWJOYCON123029UNKNC0002,Nintendo,NSW JOY-CON (L/R) NEON PINK / NEON GREEN,HACAJAHAA,045496881900,12302915,Unknown,C Grade,"",,
3941376,VTECVM525M5254154540UNKNC0002,GOOGLE America,"VTech VM5254 5-inch Video Baby Monitor with Night Light, Night Vison & Two-Way Audio - White",VM5254/CA,882032190221,15454080,Unknown,C Grade,"",,
3941377,FUJIINSTMINI172037UNKNC,FUJIFILM,FUJIFILM INSTAX MINI 12 LILAC GIFT SET,600023522/CA,074101949902,17203715,Unknown,C Grade,"",,
3941378,BREVBREBTEAM800101489UNKNC,BREVILLE,Breville BREBTM800XL Tea Maker,BREBTM800XL/CA,Unknown,10148908,Unknown,C Grade,"",,
3941379,VENGEANCELPX32GBDDR4C,TL,CORSAIR VENGEANCE LPX 32GB (2 X 16GB) DDR4,CMK32GX4M2D3600C18,840006618676,6470356,Unknown,C Grade,"",,
3942033,ANKERSPACEA40TWEARBUDSBLACCD,Soundcore,Soundcore by Anker Space A40 In-Ear Noise Cancelling True Wireless Earbuds - Black,A3936Z11-5/CA,Unknown,16550127,Unknown,CD Grade,"",,
3942092,JBLSOUNDGEARSENSEEARBUDSBLACBM,TL,JBL SOUNDGEAR SENSE OPEN EAR BT HP BLK,JBLSNDGEARSNSBLKAM,50036397292,17857918,Unknown,BM Grade,"",,
3942187,GARMINFENIX6PROBLACB,Garmin,GARMIN FENIX 6 BLACK/BLACK BAND,FENIX 6 PRO,753759232719,13893590,Unknown,B Grade,"",,
3942190,XBOX166094UNKNCD0003,Microsoft,XBOX X WIRELESS CTRL SHOCK BLUE V2,QAU-00065,889842782721,16609481,Unknown,CD Grade,"",,
3942229,SONYWH1000M5161621UNKNC,Sony,Sony WH-1000XM5 Over-Ear Noise Cancelling Bluetooth Headphones with Case- Black,WH1000XM5/B/CA,027242923232,16162187,Unknown,C Grade,"",,
3942237,PS4105208UNKNPR0002,ACTIVISION,PlayStation 4 3001547 DualShock 4 Wireless Controller - Wave Blue,3001547/CA,711719504382,10520811,Unknown,PARTS & REPAIR,"",,
3942242,PS4105208UNKNPR,ACTIVISION,PlayStation 4 3001547 DualShock 4 Wireless Controller - Wave Blue,3001547/CA,711719504382,10520811,Unknown,PARTS & REPAIR,Untested - AS-IS - For Parts,,
3942253,APPLEEARPODS(USB-C)17278867,Apple,APPLE EARPODS (USB-C),MTJY3AM/A,195949121425,17278867,Unknown,PARTS & REPAIR,"",,
3942347,QUIETCOMFORTEARBUDSIIGREYB,TL,BOSE QUIETCOMFORT EARBUDS II LE ECLP GRY,870730-0040,17817847056,16704794,Unknown,B Grade,"",,
3942406,BEATSSTUDIOPRO2R2HEADPHONESSANDCD,Beats by Dr. Dre,Beats By Dr. Dre MQTR3LL/A Studio Pro Over-Ear Noise Cancelling Bluetooth Headphones - Sandstone,MQTR3LL/A/CA,194253715276,17160837,Unknown,CD Grade,"",,
3942441,DRDREBEATS(MJ4X3LL/A)BLACPR,Beats by Dr. Dre,Beats By Dr. Dre MJ4X3LL/A Studio Buds In-Ear Noise Cancelling Truly Wireless Headphones - Black,MJ4X3LL/A/CA,194252388297,15543695,Unknown,PARTS & REPAIR,"",,
3942445,BOSE86590100157402UNKNB,BOSE,Bose 865983-0100 SoundLink Flex Waterproof Bluetooth Wireless Speaker - Black,865983-0100/CA,017817832014,15740256,Unknown,B Grade,"",,
3942446,SOUNDLINKFLEXBTSPEAKERBLACBM,BOSE,Bose 865983-0100 SoundLink Flex Waterproof Bluetooth Wireless Speaker - Black,865983-0100/CA,017817832014,15740256,Unknown,BM Grade,"",,
3942447,SHOKZOPENFITAIRTWEARBUDSBLACPR,TL,SHOKZ OPENFIT AIR OPENEAR TW EARBUDS BLK,T511-ST-BK-CA-326,810092678878,17942766,Unknown,PARTS & REPAIR,"",,
3942486,JBLTUNE130N159569UNKNPR,JBL,JBL TUNE 130NC TWS HEADPHONES BLACK,JBLT130NCTWSBAM,050036383967,15956942,Unknown,PARTS & REPAIR,"",,
3942513,LOGITECHG935RFWLGAMINGHEADSETBLACB,LOGITECH,Logitech 981-000742 G935 RF Wireless Gaming Headset with Microphone - Black,981-000742/CA,097855144508,13369093,Unknown,B Grade,"",,
3942538,BEATSFITPRO(MK2J3LL/A)EARBUDSGREYB,Beats by Dr. Dre,Beats By Dr. Dre MK2J3LL/A Fit Pro In-Ear Noise Cancelling Truly Wireless Headphones - Sage Grey,MK2J3LL/A/CA,194252484593,15937114,Unknown,B Grade,"",,
3942548,BOSESOUNDLINKCOLORBTSPEAKERBLACC,BOSE,Bose 627840-1110 SoundLink Color Bluetooth Speaker - Black,627840-1110/CA,017817647083,7902883,Unknown,C Grade,"",,
3942575,AIRPODS3RDGENMAGCASEWHITCD,Apple,AIRPODS 3RD GENERATION W MAGSAFE CASE,MME73AM/A,194252818381,15776780,Unknown,CD Grade,"",,
3942635,JBLTUNE215BTBTHPBLACBM,JBL _,JBL JBLT215BTBLKAM Tune 215BT In-Ear Bluetooth Headphones - Black,JBLT215BTBLKAM/CA,050036373739,16924257,Unknown,BM Grade,"",,
3942640,LOGIG713TACT163717UNKNB,TL,Logitech G713 Tactile TKL RGB KB,7044072,97855170248,16371708,Unknown,B Grade,"",,
3942641,G713TACTILERGBGAMINGMECHKEYBOARDO,TL,Logitech G713 Tactile TKL RGB KB,7044072,97855170248,16371708,Unknown,OPEN BOX,"",,
3942652,BEATSFLEX3AVIN-EARHEADPHONESBLACPR,Beats by Dr. Dre,Beats By Dr. Dre MYMC2LL/A Flex In-Ear Bluetooth Headphones - Beats Black,MYMC2LL/A/CA,190199801561,15062821,Unknown,PARTS & REPAIR,"",,
3942659,BEATBYDR179350UNKNPR,Beats by Dr. Dre,Beats By Dr. Dre MUVW3LL/A Solo Buds In-Ear Sound Isolating Truly Wireless Headphones - Matte Black,MUVW3LL/A/CA,195949116353,17935079,Unknown,PARTS & REPAIR,"",,
3942660,JBLVIBEFLEXEARBUDSWHITBM,TL,JBL VIBE FLEX TRUE WIRELESS HP WHITE,JBLVFLEXWHTAM,50036391344,17039524,Unknown,BM Grade,"",,
3942662,BEATSSOLOBUDSBLACPR3AI,Beats by Dr. Dre,Beats By Dr. Dre MUVW3LL/A Solo Buds In-Ear Sound Isolating Truly Wireless Headphones - Matte Black,MUVW3LL/A/CA,195949116353,17935079,Unknown,PARTS & REPAIR,Untested - AS-IS - For Parts,,
3942683,SENNSPORTRUE650637UNKNPR,TL,SENNHEISER SPORT TRUE WIRELESS,CX200TW1 SPORT,810091270677,6506371,Unknown,PARTS & REPAIR,"",,
3942697,NESTHUBMAX(GA00426-CA)CHALKA,Google Nest,Google Nest GA00426-CA Hub Max Smart Display with Google Assistant - Chalk,GA00426-CA/CA,842776109996,13962887,Unknown,A Grade,"",,
3942715,MOTOWATCH12045MM(MOSWZ120-PB)BLACB,Motorola,Motorola Moto Watch 120 45mm Smartwatch with Heart Rate Monitor - Black,MOSWZ120-PB/CA,Unknown,18197367,Unknown,B Grade,"",,
3942725,PS5DUALSENSEWLCTRLWHITECD,Sony,PS5 DUALSENSE WIRELESS CTRL WHITE REPLEN,1000039935,711719574293,17668451,Unknown,CD Grade,"",,
3942737,GALAXYWATCH446MMBLACC,Samsung,SAMSUNG GALAXY WATCH 4 46MM CLASSIC BLCK,GALAXY WATCH4,887276554433,15605613,Unknown,C Grade,"",,
3942758,XSXWIRECTRL166918UNKNUK,MICROSOFT STUDIOS,XSX WIRELESS CTRL ELITE V2 CORE RED,RFZ-00013,196388110803,16691895,Unknown,Unknown,"No Power, Untested - AS-IS - For Parts",,
3942759,XSXWIRECTRL166918UNKNPR,MICROSOFT STUDIOS,XSX WIRELESS CTRL ELITE V2 CORE RED,RFZ-00013,196388110803,16691895,Unknown,PARTS & REPAIR,"No Power, Untested - AS-IS - For Parts",,
3942762,PS5DUALSENSEWRCTRLGALPURPCD,Sony,PS5 DUALSENSE WIRELESS CTRL GAL PURPLE,3006414,711719546795,15905711,Unknown,CD Grade,"",,
3942766,FITBITVERSA3MIDNGOLDBM,FITBIT,FITBIT VERSA 3 MIDNIGHT/GOLD,VERSA 3,811138039998,14882492,Unknown,BM Grade,"",,
3942781,FITBITINSPIRE3GRAPC,FITBIT,FITBIT INSPIRE 3 BLACK/MIDNIGHT ZEN BAND,FB424,810073610095,16435170,Unknown,C Grade,"",,
3942813,SHOKZOPENFITEARBUDSBLACBM,Shokz,Shokz T910-ST-BK-CA-153 OpenFit Open-Ear True Wireless Earbuds - Black,T910-ST-BK-CA-153/CA,810092676157,17157205,Unknown,BM Grade,"",,
3942815,PS5DUALSENSEWLCTRLWHITCD,Sony PlayStation,Sony 1000039935 PlayStation 5 DualSense Wireless Controller - White,1000039935/CA,711719574293,17668451,Unknown,CD Grade,"",,
3942818,EARPODSWLIGHTNINGCONNECTORPR,Apple,APPLE EARPODS WITH LIGHTNING CONNECTOR,EARPODS/CA,190198001696,10588892,Unknown,PARTS & REPAIR,"",,
3942819,APPLEARPWITH105888UNKNPR,Apple,APPLE EARPODS WITH LIGHTNING CONNECTOR,EARPODS/CA,190198001696,10588892,Unknown,PARTS & REPAIR,No Power,,
3942868,TPLINKRE650WIFIEXTBM,DYNEX,TP-Link RE650 AC2600 Wi-Fi Range Ext,RE650,0845973095857,13893661,Unknown,BM Grade,"",,
3942869,PS5DUALSENSECTRLSTERSILVA,Sony PlayStation,Sony 1000039941 PlayStation 5 DualSense Wireless Controller - Sterling Silver,1000039941/CA,711719572701,17341067,Unknown,A Grade,"",,
3942876,DUALSENSEWRCTRLGALPURPLEBM,Sony,PS5 DUALSENSE WIRELESS CTRL GAL PURPLE,3006414,711719546795,15905711,Unknown,BM Grade,"",,
3942941,SONYWFC500157448UNKNC,Sony _,Sony WF-C500 In-Ear Sound Isolating Truly Wireless Headphones - Black,WFC500/B/CA,027242922686,15744828,Unknown,C Grade,"",,
3942965,XBOXPOWERAWIREDCTRLBLACCPR,POWERA,POWERA XBOX WIRED CTRL BLACK,1516953-01,617885024146,15000497,Unknown,PARTS & REPAIR,"",,
3942974,XBOXWRCTRL QAU-00103NOCTOC,MICROSOFT XBOX,Microsoft QAU-00103 Xbox Wireless Controller - Nocturnal Vapor Edition,QAU-00103/CA,889842946901,17720564,Unknown,C Grade,"",,
3942982,SOUNBYANKE155603UNKNC0002,Soundcore,Soundcore by Anker Rave PartyCast Splashproof Bluetooth Wireless Speaker - Black,A3390Z12-5/,Unknown,15560397,Unknown,C Grade,"",,
3942983,SOUNBYANKE155603UNKNC,Soundcore,Soundcore by Anker Rave PartyCast Splashproof Bluetooth Wireless Speaker - Black,A3390Z12-5/,Unknown,15560397,Unknown,C Grade,Cosmetic Damage - Power on & Functions well - See Photos,,
3942989,XBOXWRQAU-00021CTRLELECVOLTB,MICROSOFT STUDIOS,XBOX WIRELESS CTLR ELECTRIC VOLT,QAU-00021,889842716511,15363532,Unknown,B Grade,"",,
3943002,XBOXELITESERIES2COREBLUEBM,MICROSOFT XBOX,Microsoft RFZ-00017 Xbox Elite Series 2 Core Wireless Controller for Xbox Series X|S / Xbox One - Blue,RFZ-00017/CA,196388110834,16691894,Unknown,BM Grade,"",,
3943004,SHARCD29CD177024UNKNPR,TL,SHARP CD290 CD BOOMBOX W/ CASSETTE,QT-CD290,74000702325,17702457,Unknown,PARTS & REPAIR,"",,
3943009,DUALSENSEWRCTRLRSTERSILVB,Sony PlayStation,Sony 1000039941 PlayStation 5 DualSense Wireless Controller - Sterling Silver,1000039941/CA,711719572701,17341067,Unknown,B Grade,"",,
3943024,PS5DUALSENSECTRLCHROMAPEARLA,Sony,PS5 DUALSENSE CTRL CHROMA PEARL,1000044153,711719587583,18483790,Unknown,A Grade,"",,
3943064,METAQUEST2128GBLGREYC,Oculus,META QUEST 2 128GB LIGHT GREY,899-00188-02,815820022749,15490835,Unknown,C Grade,"",,
3943141,PS5DUALSENSEWIRELESSCTRLSTRBLUCD,Sony,PS5 DUALSENSE WIRELESS CTRL STARLIGHT BL,1000039940,711719574347,17732067,Unknown,CD Grade,"",,
3943165,PS5154802UNKNC0002,Sony,PS5 DUALSENSE WIRELESS CTRL COSMIC RED,3006411,711719546764,15480211,Unknown,C Grade,"",,
3943172,NESTAUDIOSPKRCHALKC,Google,GOOGLE NEST AUDIO SPKR CHALK,GA01420-CA,193575006338,14898778,Unknown,C Grade,"",,
3943186,PS5DUALSENSEWLCTRLRGPURPCD,Sony PlayStation,Sony (1000039939) PlayStation 5 DualSense Wireless Controller - Galactic Purple,1000039939/CA,711719574330,17977846,Unknown,CD Grade,"",,
3943188,IDEAPAD114IJL764GBGREYBM,Lenovo PC,Lenovo 82LV003TCF IdeaPad 1-14IJL7 Laptop 14-inch Intel Celeron N4500N 1.1GHz 4GB 64GB eMMC - Cloud Grey,82LV003TCF/CA,196379312582,16204908,Unknown,BM Grade,"",,
3943189,CX1500FKABH91CHROME128GBSILVC,Asus PC,ASUS CX1500FKA-BH91 Chromebook 15.6-inch Intel Pentium Silver N6000 1.1GHz 8GB RAM 128GB eMMC - Silver,CX1500FKA-BH91-CB/CA,197105282933,17203639,Unknown,C Grade,"",,
3943256,PS4123358UNKNC,Sony,Sony 3002841 PlayStation 4 DUALSHOCK 4 Wireless Controller - Midnight Blue,3002841/CA,711719516989,12335815,Unknown,C Grade,"",,
3943257,XBOXELITESERIES2CORECTRLWHITC,MICROSOFT STUDIOS,Xbox Elite Series 2 Core Wireless Controller for Xbox Series X|S / Xbox One - White,4IK-00001,889842717068,16433594,Unknown,C Grade,"",,
3943327,XBOXELITESERIES238PCORECTRLWHITCD,MICROSOFT STUDIOS,Xbox Elite Series 2 Core Wireless Controller for Xbox Series X|S / Xbox One - White,4IK-00001,889842717068,16433594,Unknown,CD Grade,"",,
3943335,JBLGO3WPBTWRSPEAKERBLACBM,JBL _,JBL Go 3 Waterproof Bluetooth Wireless Speaker - Black,JBLGO3BLKAM,Unknown,15002128,Unknown,BM Grade,"",,
3943377,PS5DUALSENSEWIRELESSCTRLSTRBLUEB,Sony,PS5 DUALSENSE WIRELESS CTRL STARLIGHT BL,1000039940,711719574347,17732067,Unknown,B Grade,"",,
3943383,PS5DUALSENSEWIRELESSCTRLSTRBLUC,Sony,PS5 DUALSENSE WIRELESS CTRL STARLIGHT BL,1000039940,711719574347,17732067,Unknown,C Grade,"",,
3943399,PS5DUALSENSEWRLCTRLWHITCD,Sony,PlayStation 5 DualSense Wireless Controller (3005739) - White,3005739/CA,711719541226,14962193,Unknown,CD Grade,"",,
3943419,PS5DUALSENSEWLCTRLRGPURPBM,Sony PlayStation,Sony (1000039939) PlayStation 5 DualSense Wireless Controller - Galactic Purple,1000039939/CA,711719574330,17977846,Unknown,BM Grade,"",,
3943603,XBOXQAU00150XBOXWRCTRLSKYCIPHERSCD,MICROSOFT XBOX,Microsoft QAU-00150 Xbox Wireless Controller - Sky Cipher Special Edition,QAU-00150/CA,196388334056,18188717,Unknown,CD Grade,"",,
3943604,ZFOLD4256GBCRBGCD,Samsung,Z Fold 4,SM-F936WZKEXAC,Wi-Fi,256GB,Cream Beige,CD Grade,"",,
3943607,ZFOLD53GMSM-F946W512BLACCD3GM,Samsung,Z Fold 5,SM-F946W,Wi-Fi,512GB,Phantom Black,CD Grade,"",,
3943678,ZFOLD53GMSM-F946W512BLACCD,Samsung,Z Fold 5,SM-F946W,Wi-Fi,512GB,Phantom Black,CD Grade,"Broken LCD, Broken Camera Lens",,
3943686,ZFOLD5512GBPHBLCD,Samsung,Z Fold 5,SM-F946W,Wi-Fi,512GB,Phantom Black,CD Grade,Broken Camera Lens,,
3943696,XBOX169614UNKNC,MICROSOFT STUDIOS,XBOX X WIRELESS CTRL VELOCITY GREEN,QAU-00090,889842896473,16961493,Unknown,C Grade,"",,
3943699,STUDIOSXBOXXWIRELESSCTRLGOLDSHADBM,Microsoft,XBOX X WIRELESS CTRL GOLD SHADOW,QAU-00121,196388141425,17221469,Unknown,BM Grade,"",,
3943702,XBOXWIRELESSCTLR QAU-00011REDCD,MICROSOFT STUDIOS,XBOX WIRELESS CTLR PULSE RED,QAU-00011,889842707106,15260924,Unknown,CD Grade,"",,
3943709,STUDIOSXBOXXWIRELESSCTRLCARBONV2CD,MICROSOFT XBOX,Microsoft QAT-00007 Xbox Wireless Controller - Carbon Black,QAT-00007/CA,889842654776,16609480,Unknown,CD Grade,"",,
3943840,PS5DUALSENSEWRCTRLBLACKCD3BR,Sony,PS5 DUALSENSE WIRELESS CTRL BLACK REPLEN,1000039936,711719574309,17905836,Unknown,CD Grade,"",,
3943842,IPADAIR4THGE64GBBLUEC,Apple,iPad Air 4th Gen,A2316,Wi-Fi,64GB,Blue,C Grade,"",,
3943843,IPADAIR4THGEA231664GBLUEC,Apple,iPad Air 4th Gen,A2316,Wi-Fi,256GB,Blue,C Grade,"",,
3943844,GPROXSUPERLIGHTMOUSEWHITBM,LOGITECH,LOGITECH G PRO X SUPERLIGHT WL WHITE,910-005940,097855159625,15147118,Unknown,BM Grade,"",,
3943846,GALAXYTABA7LITEGREYCD,Samsung,SAMSUNG GALAXY TAB A7 LITE 32GB LITE GRE,SM-T220NZAAXAC,887276539300,15490519,Unknown,CD Grade,"",,
3943848,LENOZAC39169456UNKNCD,Lenovo PC,Lenovo ZAC30056US 9-inch 32GB Tab M9 Android 12 Tablet - Arctic Grey,ZAC30056US/CA,196802847834,16945648,Unknown,CD Grade,"",,
3943851,LENOVOZAC30056USM9TAB32GBGREYCD,Lenovo PC,Lenovo ZAC30056US 9-inch 32GB Tab M9 Android 12 Tablet - Arctic Grey,ZAC30056US/CA,196802847834,16945648,Unknown,CD Grade,Cracked Front Glass,,
3943852,LENOZAAJ10177447UNKNCD,Lenovo PC,Lenovo (ZAAJ0159US) 10-inch 64GB Tab M10 Plus Android Tablet - Storm Grey,ZAAJ0159US/CA,196378894195,17744706,Unknown,CD Grade,"",,
3943853,LENOVOM10HD2NDG64GREYCD,Lenovo PC,Lenovo (ZAAJ0159US) 10-inch 64GB Tab M10 Plus Android Tablet - Storm Grey,ZAAJ0159US/CA,196378894195,17744706,Unknown,CD Grade,Cracked Front Glass,,
3943860,METAQUEST2VONTROLLER128GBLGREYBM,Oculus,Oculus 899-00188-02 Meta Quest 2 128GB VR Headset with Touch Controllers - White,899-00188-02/CA,815820022749,15490835,Unknown,BM Grade,"",,
3944394,WATCHSERIES8BLACB,Apple,Watch Series 8,41MM GPS,GPS,N/A,Black,B Grade,"",,
3947250,XBOXQAU-00065CTRLSBLUEB,MICROSOFT XBOX,Microsoft QAU-00065 Xbox Wireless Controller - Shock Blue,QAU-00065/CA,889842782721,16609481,Unknown,B Grade,"",,
3947274,XBOX153635UNKNBM,MICROSOFT XBOX,Microsoft QAU-00021 Xbox Wireless Controller - Electric Volt,QAU-00021/CA,889842716511,15363532,Unknown,BM Grade,"",,
3947294,ELITESERIES2CORECTRLWHITBM,MICROSOFT STUDIOS,Xbox Elite Series 2 Core Wireless Controller for Xbox Series X|S / Xbox One - White,4IK-00001,889842717068,16433594,Unknown,BM Grade,"",,
3947314,PS5DUALSENSEWLCTRLGREYCAMOBM,Sony,PS5 DUALSENSE WIRELESS CTRL GREYCAMO,1000030606,711719554783,16489324,Unknown,BM Grade,"",,
3947463,XBOXELITESERIES2COREBLUEB,MICROSOFT STUDIOS,XSX WIRELESS CTRL ELITE V2 CORE BLUE,RFZ-00017,196388110834,16691894,Unknown,B Grade,"",,
3947477,XBOXQAU00090WIRELESSCTRLVELOGREEBM,MICROSOFT XBOX,Microsoft QAU-00090 Xbox Wireless Controller - Velocity Green,QAU-00090/CA,889842896473,16961493,Unknown,BM Grade,"",,
3947495,XBOXELITESERIES2CORECTRLWHITBM,MICROSOFT XBOX,Xbox 4IK-00001 Elite Series 2 Core Wireless Controller for Xbox Series X|S / Xbox One - White,4IK-00001/CA,889842717068,16433594,Unknown,BM Grade,"",,
3948335,PLAYSTATION5DISC1TBWHITC,Sony,PlayStation 5 Disc,CFI-1015A,Wi-Fi,1TB,White,C Grade,"",,
3948479,IP14128MIDNC,Apple,iPhone 14,A2881,Unlocked,128GB,Midnight,C Grade,"",,
3948647,VOYAGERLEGENDBTHEADSETBLACB,Plantronics,Plantronics 87300-203 Voyager Legend Bluetooth Headset - Black,87300-203/CA,017229173316,11428776,Unknown,B Grade,"",,
3948667,WOLVERINEV2WIREDXBOXCTRLWHITC,Razer,RAZER XBOX X WIRED CTRL WOLVERINE V2 WH,RZ06-03560200-R3U1,810056144692,15753107,Unknown,C Grade,"",,
3948875,XBOXONEELITES23CUBLACB,MICROSOFT XBOX,XBOX ONE WIRELESS CTRL ELITE S2,FST-00001,889842196344,13702316,Unknown,B Grade,"",,
3949206,BLACKSHARKV2PROWLHEADSETBLACCD,TL,Razer BlackShark V2 Pro Xbox Blk,RZ04-04530300-R3U1,840272913970,17857913,Unknown,CD Grade,"",,
3949210,JBLPARTYBOXSPEAKERCD,JBL,JBL PARTYBOX ON-THE-GO PARTY SPEAKER BLK,JBLPARTYBOXGOBAM,050036372596,15002132,Unknown,CD Grade,"",,
3949325,METAQUEST2V2256GBLGREYB,Oculus,META QUEST 2 256GB V2 LIGHT GREY,301-00409-02,815820022640,15644387,Unknown,B Grade,"",,
3949394,M10HD2NDGEN32GBIRONGREYB,Lenovo -,Lenovo ZA6W0207US 10.1-inch 32GB Android Tab M10 HD (2nd Gen) Tablet - Iron Grey,ZA6W0207US/CA,196801131125,16685845,Unknown,B Grade,"",,
3949440,EUFYSECURITYSMARTLOCKBLACC,Eufy,eufy E8530JY1-5 Security Video Wi-Fi Smart Lock - Black,E8530JY1-5/CA,194644104627,16450398,Unknown,C Grade,"",,
3949444,EUFYSECURITYSMARTLOCKBLACCD,Eufy,eufy E8530JY1-5 Security Video Wi-Fi Smart Lock - Black,E8530JY1-5/CA,194644104627,16450398,Unknown,CD Grade,"",,
3949453,BLACKWIDOWV4MECHGAMINGKEYBOARDRGBO,Razer,Razer BlackWidow V4 Mechanical Gaming Keyboard with Chroma RGB,RZ03-04690200-R3U1/CA,840272903353,16703983,Unknown,OPEN BOX,"",,
3949594,T248RACINGWHEELMAGPEDALSPS54PCB,THRUSTMASTER,Thrustmaster T248 Racing Wheel & Magnetic Pedals for PS5/PS4/PC,4169097,663296422576,15632675,Unknown,B Grade,"",,
3949642,LOGITECHMXKEYSKEYBOARDBLACBM,LOGITECH,Logitech MX Keys Wireless Backlit Keyboard,920-009295/CA,97855152732,13891231,Unknown,BM Grade,"",,
3949728,BLUEMICSNOWBALLCONDENSERMICBLACC,Blue Microphones,Blue Microphones 1929 SNOWBALL BLK Snowball Condenser Mic - Black,1929 SNOWBALL BLK/CA,836213001929,10425172,Unknown,C Grade,"",,
3949759,T248RACINGWHEELMAGPEDALSPS54PCCD,THRUSTMASTER,Thrustmaster T248 Racing Wheel & Magnetic Pedals for PS5/PS4/PC,4169097,663296422576,15632675,Unknown,CD Grade,"",,
3950271,BEATSSTUDIO3(MXJA2LLA)SKYLINEBLACC,Apple,BEATS STUDIO 3 BT OVE SKYLINE COL MN BLK,MXJA2LL/A,190199462809,13188016,Unknown,C Grade,"",,
3950287,VOYAGER5200BTHEADSETVCBLACCD,Plantronics,Plantronics 203500-103 Voyager 5200 Bluetooth Headset with Built-In Voice Control - Black,203500-103/CA,017229164482,12642222,Unknown,CD Grade,"",,
3950303,VOYAGERLEGENDBTHEADSETBLACCD,Plantronics,Plantronics 87300-203 Voyager Legend Bluetooth Headset - Black,87300-203/CA,017229173316,11428776,Unknown,CD Grade,"",,
3950348,SKULS5PRP740160069UNKNPR,SkullCandy,Skullcandy S5PRW-P740 Riff 2 Wireless On-Ear Sound Isolating Bluetooth Headphones - True Black,S5PRW-P740/CA,810045686677,16006903,Unknown,PARTS & REPAIR,"",,
3950378,SONYWH1000XM5BHEADPHONEBLACC,Sony,Sony WH-1000XM5 Over-Ear Noise Cancelling Bluetooth Headphones - Black,WH1000XM5/B/CA,027242923232,16162187,Unknown,C Grade,"",,
3950414,STEEARCTPRIM155604UNKNCD,STEELSERIES,STEELSERIES ARCTIS PRIME GAMING HS BLK,61487,810052980140,15560442,Unknown,CD Grade,"",,
3950427,SONYWH1000M5161621UNKNB,Sony,Sony WH-1000XM5 Over-Ear Noise Cancelling Bluetooth Headphones with Case- Black,WH1000XM5/B/CA,027242923232,16162187,Unknown,B Grade,"",,
3950428,SONYWH1000XM5/SHEADPHONESILVB,Sony,SONY WH1000XM5 PREMIUM ANC BT OVE HP SLV,WH1000XM5/S,027242923232,16162186,Silver,B Grade,"",,
3950518,STEEARCT1139462UNKNPR0002,STEELSERIES,STEELSERIES ARCTIS 1 WRLS PC GAMING HS,61512,813682026820,13946270,Unknown,PARTS & REPAIR,"",,
3950523,STEEARCT1139462UNKNPR,STEELSERIES,STEELSERIES ARCTIS 1 WRLS PC GAMING HS,61512,813682026820,13946270,Unknown,PARTS & REPAIR,"No Power, Untested - AS-IS - For Parts",,
3950595,XBOXQAS-00007CTRLROBOWHITECD,MICROSOFT XBOX,Microsoft QAS-00007 Xbox Wireless Controller - Robot White,QAS-00007/CA,889842654691,16609482,Unknown,CD Grade,"",,
3950640,BLACKSHARKV2PROGHEADSETBLACCD,Razer,RAZER BLACKSHARK V2 PRO WL GAMING HS BLK,RZ04-03220100-R3U1,811659037527,15566864,Unknown,CD Grade,"",,
3950673,ASUSL510BH09157799UNKNCD,ASUS,ASUS L510MA-BH09-CB N4020/4GB/128GB/15,L510MA-BH09-CB,195553746137,15779904,Unknown,CD Grade,"",,
3950674,VIVOBOOKL510MABH09CB128BLACPR,ASUS,ASUS L510MA-BH09-CB N4020/4GB/128GB/15,L510MA-BH09-CB,195553746137,15779904,Unknown,PARTS & REPAIR,"",,
3950772,STEALTH600PGEN3BLACCD,TL,TB STEALTH 600P GEN 3 BLACK,7.31855E+11,731855031023,17919851,Unknown,CD Grade,"",,
3950782,XBOXELITESERIES23T9CORECTRLWHITCD,MICROSOFT XBOX,Xbox 4IK-00001 Elite Series 2 Core Wireless Controller for Xbox Series X|S / Xbox One - White,4IK-00001/CA,889842717068,16433594,Unknown,CD Grade,"",,
3950821,GALAXYWATCH5PRO45MMGPSGREYBM,Samsung,Samsung Galaxy Watch5 Pro (GPS) 45mm Smartwatch with Heart Rate Monitor - Grey,SM-R920NZTAXAC/CA,887276664460,16381998,Unknown,BM Grade,"",,
3950944,BOSE86670100156907UNKNC,BOSE,Bose 866724-0100 QuietComfort 45 Wireless Noise Cancelling Over-the-Ear Headphones - Triple Black,866724-0100/CA,017817835015,15690720,Unknown,C Grade,"",,
3951163,BUDSFE(SM-R400NZAAXAC)BLACCD,Samsung,SAMSUNG BUDS FE BLACK,SM-R400NZAAXAC,887276791913,17301940,Unknown,CD Grade,"",,
3951277,XBOXSERIESXNB1TBBLAPR,Microsoft,Xbox Series X,1882,Wi-Fi,1TB,Black,PARTS & REPAIR,No Boot,,
3951278,XBOXSERIESX1TBBLAPR,Microsoft,Xbox Series X,1882,Wi-Fi,1TB,Black,PARTS & REPAIR,"",,
3951280,PXLPIXEL8128GBOBSICD,Google,Pixel 8,G9BQD,Unlocked,128GB,Obsidian,CD Grade,"",,
3951281,PIXELWATCH345MMDEMOBLACCD,Google,Pixel Watch 3,45MM,Unlocked,N/A,Black,CD Grade,"",,
3951282,SWITCHLITEHDH-001NPASISBLUEPR,Nintendo,Switch Lite,HDH-001,Wi-Fi,32GB,Blue,PARTS & REPAIR,"",,
3951283,SWITCHHAC-001NPASIS32BLACPR,Nintendo,Switch,HAC-001,Wi-Fi,32GB,Black,PARTS & REPAIR,"",,
3951285,SAMS23PLUS512GBGREECD,Samsung,Galaxy S23 Plus,SM-S916W,Unlocked,512GB,Green,CD Grade,"",,
3951286,SAMS23PLUS256GBLAVDCD0003,Samsung,Galaxy S23 Plus,SM-S916W,Unlocked,256GB,Lavender,CD Grade,"",,
3951287,GALAXYS23PLUSDEMO256LAVECD,Samsung,Galaxy S23 Plus,SM-S916W,Unlocked,256GB,Lavender,CD Grade,Demo Phone - No IMEI,,
3951288,GALAXYS23ULTRADEMOEXL256LAVECD,Samsung,Galaxy S23 Ultra,SM-S918B/DS,Wi-Fi,256GB,Lavender,CD Grade,"",,
3951728,SAMS23PLUS256GBLAVDCD0002,Samsung,Galaxy S23 Plus,SM-S918B/DS,Wi-Fi,256GB,Lavender,CD Grade,"",,
3951736,SAMS23PLUS256GBLAVDCD,Samsung,Galaxy S23 Plus,SM-S916W,Wi-Fi,256GB,Lavender,CD Grade,"",,
3951952,RAZERDEATHADDERESSENMOUSEWHITBM,Razer,Razer DeathAdder Essential Mouse White,RZ01-03850200-R3U1,810056142643,17076601,Unknown,BM Grade,"",,
3951985,TBSTEA600X162068UNKNPR,TL,TB STEALTH 600X GEN 2 MAX MLTPLT HS BLK,7.31855E+11,731855023639,16206896,Unknown,PARTS & REPAIR,"",,
3952022,STEALTHPROGAMINGHEADSETBLACC,Turtle Beach,Turtle Beach TBS-2360-02 Stealth Pro Wireless Noise-Cancelling Gaming Headset - Dual Batteries - Black,TBS-2360-02/CA,731855023615,16923816,Unknown,C Grade,"",,
3952026,ARCTISNOVA72RUGHEADSETBLACCD,STEELSERIES,SteelSeries 61553 Arctis Nova 7 Wireless Gaming Headset - Black,61553/CA,813682027711,16493971,Unknown,CD Grade,"",,
3952050,VIRTUOSORGBSEHEADSETBLACCD,Corsair,CORSAIR VIRTUOSO RGB WIRELESS SE HIGH-F,CA-9011180-NA,843591077521,6360427,Unknown,CD Grade,"",,
3952051,CORSVIRTRGB636042UNKNC,Corsair,CORSAIR VIRTUOSO RGB WIRELESS SE HIGH-F,CA-9011180-NA,843591077521,6360427,Unknown,C Grade,"",,
3952076,SENNACCEWL173124UNKNUK,TL,SENNHEISER ACCENTUM WL HP WHT,700174,810091270554,17312462,Unknown,Unknown,"",,
3952077,ACCENTUM700174HEADPHONESWHITEBM,TL,SENNHEISER ACCENTUM WL HP WHT,700174,810091270554,17312462,Unknown,BM Grade,"",,
3952087,JBLTOURONEM2BAMBLACC,JBL _,JBL JBLTOURONEM2BAM Tour One M2 Over-ear Noise Cancelling BT Headphones - Black,JBLTOURONEM2BAM/CA,050036394901,16924263,Unknown,C Grade,"",,
3952090,ASTROA50GAMINGHEADSETBM,Astro,ASTRO Gaming A50 Wireless Gaming Headset with Base Station for Xbox One,939-001680/CA,Unknown,13639017,Unknown,BM Grade,"",,
3952148,VOYAGER4310HEADSETBLACC,Plantronics,Plantronics 220901-01 Voyager 4310 Bluetooth Headset - Black,220901-01/CA,017229179141,16486699,Unknown,C Grade,"",,
3952168,PROX2LIGHTSPEEDBHEADSETBLACC,LOGITECH,LOGITECH PRO X 2 LIGHTSPEED BLACK,981-001262,097855183767,17090110,Unknown,C Grade,"",,
3952176,SONYWH-RF400OVEHEADPHONESBLACCD,Sony _,Sony WH-RF400 Over-Ear Sound Isolating RF Headphones - Black,WH-RF400/CA,027242914001,13029605,Unknown,CD Grade,"",,
3952177,BARRACUDAPROWLGAMINGHEADSETBLACC,Razer,Razer RZ04-03780100-R3U1 Barracuda Pro Wireless Gaming Headset - Black,RZ04-03780100-R3U1/CA,810056141653,16206973,Unknown,C Grade,"",,
3952256,STEALTH600GEN2MAXBLACCD,Turtle Beach,Turtle Beach Stealth 600 Gen 2 Max Wireless Gaming Headset for PS5/PS4 - Black,TBS-3160-02/CA,731855031610,16531335,Unknown,CD Grade,"",,
3952279,G733LIGHTSPEEDRGBHEADSETBLACBM,LOGITECH,Logitech 981-000863 G733 LIGHTSPEED RGB Wireless Gaming Headset - Black,981-000863/CA,097855155580,14922896,Unknown,BM Grade,"",,
3952299,RAZEBARRX162069UNKNCD,Razer,RAZER BARRACUDA X PLUS OE WL PC GAM WHT,RZ04-04430200-R3U1,840272901175,16206975,Unknown,CD Grade,"",,
3952355,BARRACUDAXplusWIRELESSOVEHEADSETCD,Razer,Razer Barracuda X Plus Wireless Gaming Headset for PC/PS5/PS4/Switch - Black,RZ04-04430100-R3U1/CA,840272901151,16206974,Unknown,CD Grade,"",,
3952366,ASTROA50GAMINGHEADSETC,Astro,ASTRO Gaming A50 Wireless Gaming Headset with Base Station for Xbox One,939-001680/CA,Unknown,13639017,Unknown,C Grade,"",,
3952377,STEALTH700GEN2MAXWLGAMINGHEADSETCD,Turtle Beach,TB STEALTH 700X GEN 2 MAX MLTPLT BLK,TBS-2790-02,731855027910,16531332,Unknown,CD Grade,"",,
3952405,SONYPREMIUMANCBTHPSILVCD,Sony,SONY WH1000XM5 PREMIUM ANC BT OVE HP SLV,WH1000XM5/S,027242923249,16162186,Unknown,CD Grade,"",,
3952544,GEHEXAGONLEDPANELS7PACKCD,TL,GE HEXAGON PANELS WI-FI ENABLED (7-PACK),93130981,43168557443,17146612,Unknown,CD Grade,"",,
3952546,AIRPODS3RD157767UNKNUK,Apple,AIRPODS 3RD GENERATION W MAGSAFE CASE,MME73AM/A,194253324034,15776780,Unknown,Unknown,"",,
3952548,AIRPODS3RDGENMAGCASEWHITBM,Apple,AIRPODS 3RD GENERATION W MAGSAFE CASE,MME73AM/A,194253324034,15776780,Unknown,BM Grade,"",,
3952565,JBLTUNE310C178579UNKNCD,TL,JBL TUNE 310C USB-C IE HP BLK,JBLT310CBLKAM,50036401005,17857919,Unknown,CD Grade,"",,
3952569,LENOVOTABP112NDGEN4GB64GBGREYCD,Lenovo,Lenovo TAB P11 2ND 2k 4GB 64GB,ZABF0003US,196801870802,16945647,Unknown,CD Grade,"",,
3952582,SAMTABA864G159171UNKNPR,Samsung,SAMSUNG GALAXY TAB A8 64GB GRAY,GALAXY TAB A8,887276606880,15917163,Unknown,PARTS & REPAIR,"",,
3952586,GALAXYTABA864GBGREYPR,Samsung,SAMSUNG GALAXY TAB A8 64GB GRAY,GALAXY TAB A8,887276606880,15917163,Unknown,PARTS & REPAIR,"Untested - AS-IS - For Parts, Broken LCD",,
3952589,G502HEROGAMINGMOUSEBLACBM,LOGITECH,LOGITECH G502 HERO GAMING MOUSE,910-005469,097855141996,12946488,Unknown,BM Grade,"",,
3952598,SONYWH1000XM5BHEADPHONEBLACCD,Sony,Sony WH-1000XM5 Over-Ear Noise Cancelling Bluetooth Headphones - Black,WH1000XM5/B/CA,027242923232,16162187,Unknown,CD Grade,"",,
3952600,JABRAELITE7INEARBLACD,Jabra,Jabra Elite 7 Active In-Ear Noise Cancelling Truly Wireless Headphones - Black,ELITE 7 ACTIVE/BLK/CA,615822014625,15736390,Unknown,CD Grade,"",,
3952613,GALAXYBUDS2TWHLAVENCD,Samsung -,Samsung Galaxy Buds2 In-Ear Noise Cancelling Truly Wireless Headphones - Lavender,GALAXY BUDS2/LAVENDER/CA,887276573809,15615206,Unknown,CD Grade,"",,
3952624,SONYWH1000XM5BHEADPHONEBLACCD32S,Sony _,Sony WH-1000XM5 Over-Ear Noise Cancelling Bluetooth Headphones - Black,WH1000XM5/B/CA,027242923232,16162187,Unknown,CD Grade,"",,
3952644,VTECRM57VIDE166866UNKNPR,TL,VTech RM5766HD Video Baby Monitor EA,80-2529-02-05,882032210370,16686672,Unknown,PARTS & REPAIR,"",,
3952647,VTECHRM5766HDVIDEOBABYMONITOREAPR,TL,VTech RM5766HD Video Baby Monitor EA,80-2529-02-05,882032210370,16686672,Unknown,PARTS & REPAIR,"Not Pairing, No Boot - As is Untested -",,
3952679,DYSO386701156177UNKNPR0002,Dyson,Dyson 386730-01 Supersonic Hair Dryer - Iron/ Fuchsia,386730-01/CA,885609024578,15617757,Unknown,PARTS & REPAIR,"",,
3952680,DYSO386701156177UNKNPR,Dyson,Dyson 386730-01 Supersonic Hair Dryer - Iron/ Fuchsia,386730-01/CA,885609024578,15617757,Unknown,PARTS & REPAIR,No Power,,
3952725,GALAXYWATCH647MMBLACC,Samsung,SAMSUNG GW6 CLASSIC 47MM BT BLACK,SM-R960NZKAXAC,887276774046,17166716,Unknown,C Grade,"",,
3952729,GALAXYWATCH640MMCREAC,Samsung,SAMSUNG GW6 40MM BT CREAM,SM-R930NZEAXAC,887276772967,17166714,Unknown,C Grade,"",,
3952772,GALAXYWATCH440MMPINKBM,Samsung Watch,Samsung SM-R860NZDAASA Galaxy Watch4 40mm Smartwatch with Custom Band - Pink Gold,SM-R860NZDAASA/CA,Unknown,15605604,Unknown,BM Grade,"",,
3952779,GALAXYWATCH440MMPINKC,Samsung Watch,Samsung SM-R860NZDAASA Galaxy Watch4 40mm Smartwatch with Custom Band - Pink Gold,SM-R860NZDAASA/CA,Unknown,15605604,Unknown,C Grade,"",,
3952781,SAMSUNGSMR96171667UNKNC,Samsung Watch,Samsung SM-R960NZSAXAC Galaxy Watch6 Classic (GPS) 47mm Smartwatch with Heart Rate Monitor - Silver,SM-R960NZSAXAC/CA,887276774022,17166717,Unknown,C Grade,"",,
3952792,SAMSUNGSMR96171667UNKNBM,Samsung Watch,Samsung SM-R960NZSAXAC Galaxy Watch6 Classic (GPS) 47mm Smartwatch with Heart Rate Monitor - Silver,SM-R960NZSAXAC/CA,887276774022,17166717,Unknown,BM Grade,"",,
3952837,FITBITCHARGE5STEELBLUPLATC,FITBIT,FITBIT CHARGE 5 STEEL BLU PLATINM FRCJK,FB421,810038857237,15666445,Unknown,C Grade,"",,
3952963,PS4DUALSHOCK4CTRLGLACIERWHITB,Sony,PS4 DUALSHOCK 4 CTRL GLACIER WHITE,3004377,711719530381,13835482,Unknown,B Grade,"",,
3952978,PS5DUALSENSEWLCTRLNOVAPINKBM,Sony,PS5 DUALSENSE WIRELESS CTRL NOVA PINK,3006413,711719546788,15905710,Unknown,BM Grade,"",,
3953005,DUALSENSEWRCTRLCOSMICREDBM,Sony,PS5 DUALSENSE WIRELESS CTRL COSMIC RED,3006411,711719546764,15480211,Unknown,BM Grade,"",,
3953015,HD450BTOVEREARHEADPHONESWHITC,Sennheiser,Sennheiser HD 450BT Over-Ear Noise Cancelling Wireless Headphones - White,HD450BT WH/CA,Unknown,0,Unknown,C Grade,"",,
3953016,PS5DUALSENSEWLCTRLNOVAPINKB,Sony,PS5 DUALSENSE WIRELESS CTRL NOVA PINK,3006413,711719546788,15905710,Unknown,B Grade,"",,
3953021,SKULS1JTP740160069UNKNC,SkullCandy,Skullcandy S1JTW-P740 Jib 2 In-Ear Sound Isolating Truly Wireless Headphones - True Black,S1JTW-P740/CA,810045686592,16006900,Unknown,C Grade,"",,
3953032,PS5DUALSENSEWIRELESSCTRLMDNCD,Sony,PS5 DUALSENSE WIRELESS CTRL MIDN BLACK,3006410,711719546757,15480210,Unknown,CD Grade,"",,
3953113,GALAXYBUDS2PROGRAPHITEBLACCD,Samsung,SAMSUNG GALAXY BUDS2 PRO GRAPHITE BLACK,GALAXY BUDS2 PRO,887276668864,16371992,Unknown,CD Grade,"",,
3953136,RECON200GEN2GHEADSETBLACCD,Turtle Beach,Turtle Beach TBS-6300-02 Recon 200 Gen 2 Gaming Headset - Black,TBS-6300-02/CA,731855063017,15778700,Unknown,CD Grade,"",,
3953185,MOB52FXV23SUPERMARIOBTHEADPHONESC,KIDdesigns,KIDdesigns MO-B52.FXV23 Super Mario Over-Ear Bluetooth Kids Headphones - Multi,MO-B52.FXV23/CA,092298951935,17084810,Unknown,C Grade,"",,
3953211,XBOXELITES2CORE(4IK-00001)WHITA,MICROSOFT XBOX,Xbox 4IK-00001 Elite Series 2 Core Wireless Controller for Xbox Series X|S / Xbox One - White,4IK-00001/CA,889842717068,16433594,Unknown,A Grade,"",,
3953216,TURTBEACRECO154641UNKNPR,Turtle Beach,TURTLE BEACH RECON 500 GAM HS BLK,7.32E+11,731855064007,15464182,Unknown,PARTS & REPAIR,"",,
3953218,XBOXQAU-00065WLCTRLSHOCKBLUECD3D2,MICROSOFT STUDIOS,XBOX X WIRELESS CTRL SHOCK BLUE V2,QAU-00065,889842782721,16609481,Unknown,CD Grade,"",,
3953242,XBOXXWRCTRLSTELLARSHIFTSEB,MICROSOFT STUDIOS,XBOX X WIRELESS CTRL STELLAR SHIFT SE,QAU-00086,889842875591,16650325,Unknown,B Grade,"",,
3953254,STUDIOSXBOXXWIRELESSCTRLGOLDSHADCD,Microsoft,XBOX X WIRELESS CTRL GOLD SHADOW,QAU-00121,196388141425,17221469,Unknown,CD Grade,"",,
3953270,SHOKZOPENRUNSTDONEBLACCD,Shokz,SHOKZ OPENRUN-STANDARD ONE BT HP BLACK,S803-ST-BK-CA-153,810092675938,15954867,Unknown,CD Grade,"",,
3953272,SHOKOPENSTAN159548UNKNPR,Shokz,SHOKZ OPENRUN-STANDARD ONE BT HP BLACK,S803-ST-BK-CA-153,810092675938,15954867,Unknown,PARTS & REPAIR,"",,
3953339,SAMTABS7128GBSILVC0002,Samsung,Galaxy Tab S7,SM-T870,Wi-Fi,128GB,Silver,C Grade,"",,
3953340,SAMTABS7128GBSILVC,Samsung,Galaxy Tab S7,SM-T870,Wi-Fi,128GB,Silver,C Grade,LCD Blemish Light,,
3953408,SCIMITARRGBELITEOPTICALGAMINGMOUBM,Corsair,Corsair CH-9304211-NA Scimitar RGB Elite 18000 DPI Optical Gaming Mouse - Black,CH-9304211-NA/CA,840006616221,14417577,Unknown,BM Grade,"",,
3953420,JBLENDURANCEPEAK3BLACCD,JBL,JBL ENDURANCE PEAK 3 TWS SPORT HP BLACK,JBLENDURPEAK3BLKAM,050036390095,16924262,Unknown,CD Grade,"",,
3953440,PS5157582UNKNCD,Razer,RAZER KAIRA X WIRED PS5 GAM HS WHITE,RZ04-03970200-R3U1,810056144180,15758283,Unknown,CD Grade,"",,
3953444,GALAXYTABS7(SM-T7870)128GBBSILVBM,Samsung,Galaxy Tab S7,SM-T870,Wi-Fi,128GB,Silver,BM Grade,"",,
3953453,TUNE660NCHEADPHONESBLACC,TL,TUNE 660NC NOISE CANCELLING HEADPHONES,JBLT660NCBLKAM,050036380782,6508087,Unknown,C Grade,"",,
3953463,STEERIVAWIRE152229UNKNN,STEELSERIES,SteelSeries Rival3 Wireless Gaming Mouse,62521,813682027261,15222933,Unknown,NEW,"",,
3953476,RIVAL3WIRELESSGMOUSEBLACB,STEELSERIES,SteelSeries Rival3 Wireless Gaming Mouse,62521,813682027261,15222933,Unknown,B Grade,"",,
3953489,RAYCFITNIN156995WHITUK,RAYCON,Raycon Fitness In-Ear Noise Cancelling True Wireless Earbuds - White,RBE745-23E,Unknown,15699542,White,Unknown,"",,
3953490,RAYCONFITNESSEARBUDSWHITB,RAYCON,Raycon Fitness In-Ear Noise Cancelling True Wireless Earbuds - White,RBE745-23E,Unknown,15699542,White,B Grade,"",,
3953511,PIXELBUDSASERIES(GA04281-US)CHARB,Google,Google GA04281-US Pixel Buds A-Series In-Ear Sound Isolating True Wireless Earbuds - Charcoal,GA04281-US/CA,193575034003,16499232,Unknown,B Grade,"",,
3953512,FITBSENS2163904UNKNCD,FITBIT,FITBIT SENSE 2 PLATINUM /BLUE MIST BAND,FB521,810038858425,16390438,Unknown,CD Grade,"",,
3953513,FITBITSENSE2(FB521)BLUEC,FITBIT,FITBIT SENSE 2 PLATINUM /BLUE MIST BAND,FB521,810038858425,16390438,Unknown,C Grade,"",,
3953515,LOGITECH910-006782GPROXGMOUSEREDC,LOGITECH,"Logitech 910-006782 G Pro X Superlight 25,600 DPI Wireless HERO Optical Gaming Mouse - Red",910-006782/CA,097855181404,16499835,Unknown,C Grade,"",,
3953535,GALAXYTABA7LITEGREYCD31T,Samsung,Samsung Galaxy Tab A7 Lite - Gray,SM-T227UZAAXAC/CA,Unknown,15554556,Unknown,CD Grade,"",,
3953537,DUALSENSECTRLCOBALBLUECD,Sony,PS5 DUALSENSE WIRELESS CTRL COBALT BLUE,1000039943,711719572688,17341065,Unknown,CD Grade,"",,
3953538,FITBVERS4163904UNKNCD,FITBIT,FITBIT VERSA 4 PLATINUM/WATERFALL BLUE,FB523,810038858760,16390439,Unknown,CD Grade,"",,
3953539,FITBITVERSA4FB523/CABLUEC,FITBIT,FITBIT VERSA 4 PLATINUM/WATERFALL BLUE,FB523,810038858760,16390439,Unknown,C Grade,"",,
3953546,MXKYESMINIERGOKEYBOARDBLACC,LOGITECH,Logitech 920-010475 MX Keys Mini Bluetooth Backlit Ergonomic Keyboard - English - Black,920-010475/CA,097855169617,15745684,Unknown,C Grade,"",,
3953547,GALAXYTABA864GBGREYC,Samsung,SAMSUNG GALAXY TAB A8 64GB GRAY,GALAXY TAB A8,887276606880,15917163,Unknown,C Grade,"",,
3953551,GARMINVIVOACTIVE4S40MMSLATBLACC,Garmin,Garmin vivoactive 4S 40mm GPS Watch with Heart Rate Monitor - Slate/ Black,VIVOACTIVE 4S/BLK/CA,Unknown,13893572,Unknown,C Grade,"",,
3953552,INTELCOREi5-12600KPROCESSORC,MICROSOFT STUDIOS,Intel Core i5-12600K Processor,BX8071512600K,735858499040,15778668,Unknown,C Grade,"",,
3953553,PHILMULTSERI143744UNKNPR,TL,Philips Multigroom Series 7000,MG7770/18,75020070067,14374471,Unknown,PARTS & REPAIR,"",,
3953555,XBOXPOWERAWIREDCTRLBLACCD,POWERA,POWERA XBOX WIRED CTRL BLACK,1516953-01,617885024146,15000497,Unknown,CD Grade,"",,
3953558,XBOX166503UNKNCD,MICROSOFT STUDIOS,XBOX X WIRELESS CTRL STELLAR SHIFT SE,QAU-00086,889842875591,16650325,Unknown,CD Grade,"",,
3953560,METAQUEST22OVVR128WHITPR2OQ,Oculus,Oculus 899-00188-02 Meta Quest 2 128GB VR Headset with Touch Controllers - White,899-00188-02/CA,815820022749,15490835,Unknown,PARTS & REPAIR,"",,
3953561,DUALSENSECTRLCOSMICREDCD2VE,Sony,PS5 DUALSENSE WIRELESS CTRL COSMIC RED,3006411,711719546764,15480211,Unknown,CD Grade,"",,
3953563,VTECVDFRM77M7754146368UNKNPR,TL,VTECH VDF RM7754HD SMARTWIFI BABYMONITOR,RM7754HD,882032190115,14636800,Unknown,PARTS & REPAIR,"",,
3953564,METAQUEST2128GBLGREYBM,Oculus,META QUEST 2 128GB LIGHT GREY,899-00188-02,815820022749,15490835,Unknown,BM Grade,"",,
3953565,SHARKFLEXSTYLEHD430CHAIRSTONBM,Shark,Shark HD430C Flexstyle Multi-Styler Hair Straightener - Stone,HD430C/CA,622356594387,16649538,Unknown,BM Grade,"",,
3953566,CORSAIRH150IELITELCDCPUCOOLERBLACC,TL,Corsair H150i ELITE LCD CPU Cooler,CW-9060062-WW,840006648147,16024868,Unknown,C Grade,"",,
3953568,XBOXQAU-00090WRCTRLVELOGREECD3CM,MICROSOFT XBOX,Microsoft QAU-00090 Xbox Wireless Controller - Velocity Green,QAU-00090/CA,889842896473,16961493,Unknown,CD Grade,"",,
3953743,LENO82R1ATHL167032UNKNPR0002,Lenovo,Lenovo 82R1006VUS Athlon 3050U/4/128 EN,82R1006VUS,196801480223,16703244,Unknown,PARTS & REPAIR,"",,
3953745,LENO82R1ATHL167032UNKNPR,Lenovo,Lenovo 82R1006VUS Athlon 3050U/4/128 EN,82R1006VUS,196801480223,16703244,Unknown,PARTS & REPAIR,Hinge Broken on Display,,
3953777,DRDREBEATS(MJ4X3LL/A)BLACCD,Beats by Dr. Dre,Beats By Dr. Dre MJ4X3LL/A Studio Buds In-Ear Noise Cancelling Truly Wireless Headphones - Black,MJ4X3LL/A/CA,194252388297,15543695,Unknown,CD Grade,"",,
3954869,FITBITCHARGE6CORALGOLDC,FITBIT,"Fitbit GA05184-NA Charge 6 Fitness Tracker with GPS, Heart Rate & Sleep - Coral/ Gold",GA05184-NA/G3MP5/GOLD/CA,840353901148,17257417,Unknown,C Grade,"",,
3954894,FITBITCHARGE5GRAPBM,FITBIT,FITBIT CHARGE 5 BLACK GRAPHITE FRCJK,FB421,810038855899,15666446,Unknown,BM Grade,"",,
3954901,LUXESOFTGOLDWHITEBM,FITBIT,FITBIT LUXE SOFT GOLD/WHITE,LUXE,810038854502,15423751,Unknown,BM Grade,"",,
3954955,FITBG3MPCHAR172574UNKNUK,FITBIT,"Fitbit G3MP5 Charge 6 Fitness Tracker with GPS, Heart Rate & Sleep - Silver/ Porcelain",G3MP5/SILVER/PORCELAIN/CA,840353901063,17257418,Unknown,Unknown,"",,
3954956,FITBITCHARGE6PORCELAINSLIVB,FITBIT,"Fitbit G3MP5 Charge 6 Fitness Tracker with GPS, Heart Rate & Sleep - Silver/ Porcelain",G3MP5/SILVER/PORCELAIN/CA,840353901063,17257418,Unknown,B Grade,"",,
3954977,FITBITINSPIRE2BLACKC,FITBIT,FITBIT INSPIRE 2 BLACK,INSPIRE 2,810038852805,14882488,Unknown,C Grade,"",,
3954984,FITBLUXESOFT154237UNKNC,FITBIT,FITBIT LUXE SOFT GOLD/WHITE,LUXE,810038854502,15423751,Unknown,C Grade,"",,
3955004,NSW32GBBLACO,Nintendo,Switch,HAC-001,Wi-Fi,32GB,Black,OPEN BOX,"",,
3955006,FITBITINSPIRE2TRACKERBLACKC,FITBIT,"Fitbit Inspire 2 Smart Fitness Heart Rate Activity Trackers Smart Watches, Sleep tracking",810038852812/CA,810038852812,14882489,Unknown,C Grade,"",,
3955010,SWITCHOLEDHEG-00164GBWHITO,Nintendo,Switch - OLED Model,HEG-001,Wi-Fi,64GB,White,OPEN BOX,"",,
3955014,GARMINLILYSPORTWATCHLEATHERWHITCD,Garmin,"Garmin 010-02384-F4 Lily Sport Edition 34.5mm Smartwatch w/ Leather Strap, HR & Health Tracking - White",010-02384-F4/CA,753759282752,15372243,Unknown,CD Grade,"",,
3955052,QUIETCOMFORTULTRAEARBUDSMOONC,TL,BOSE QUIETCOMFORT ULTRA EARBUDS MOON BLU,882826-0050,17817851329,17701536,Unknown,C Grade,"",,
3955093,B250XTSBTHEADSETBLACCD,BlueParrott,BlueParrott B250-XTS Bluetooth Headset - Black,B250-XTS/CA,615822016834,15997008,Unknown,CD Grade,"",,
3955125,SONYWF1000M4155469UNKNCD,Sony _,Sony WF-1000XM4/S In-Ear Noise Cancelling Truly Wireless Headphones - Silver,WF-1000XM4/S/CA,027242921092,15546938,Unknown,CD Grade,"",,
3955169,FITBITACE3BLACREDB,FITBIT,FITBIT ACE 3 BLACK & RED,ACE 3,810038854656,15311775,Unknown,B Grade,"",,
3955261,PHILIPSSHAVERSP9871BLACCD,TL,PHILIPS SP9871/13 S9000 PRESTIGE SHAVER,SP9871/13,75020102638,16011815,Unknown,CD Grade,"",,
3955687,SONYWH1000M5161621UNKNUK0002,Sony _,Sony WH-1000XM5 Over-Ear Noise Cancelling Bluetooth Headphones - Black,WH1000XM5/B/CA,027242923249,16162187,Unknown,Unknown,"",,
3955688,SONYWH1000M5161621UNKNC0002,Sony _,Sony WH-1000XM5 Over-Ear Noise Cancelling Bluetooth Headphones - Black,WH1000XM5/B/CA,027242923249,16162187,Unknown,C Grade,"",,
3955825,HS55WIRELESSPCGAMINGBLACBM,TL,CORSAIR HS55 WIRELESS PC GAMING HS BLK,CA-9011280-NA,840006657873,16683177,Unknown,BM Grade,"",,
3955888,G4327.1SURRSNDGAMNGHEADSETCD,LOGITECH,LOGITECH G432 7.1 SURR SND GAMNG HEADSET,981-000769/CA,097855145703,13369094,Unknown,CD Grade,"",,
3955944,SONYWH1000XM52P4BHEADPHONEBLACCD,Sony _,Sony WH-1000XM5 Over-Ear Noise Cancelling Bluetooth Headphones - Black,WH1000XM5/B/CA,027242923249,16162187,Unknown,CD Grade,"",,
3955953,BOSE700NCHEADPHONEBLACPR-33L,BOSE,BOSE HEADPHONES 700 NC BT OE HP BLK,BOSE HEADPH 700 BLK,017817796163,13595376,Unknown,PARTS & REPAIR,"No Power, Untested - AS-IS - For Parts",,
3955971,SONYWHCHBT167031UNKNUK,TL,SONY WHCH720N BT OVE ANC HP BLUE,WHCH720N/L,027242925397,16703140,Unknown,Unknown,"",,
3955972,SONYWHCH720NHEADPHONEBLUEC,TL,SONY WHCH720N BT OVE ANC HP BLUE,WHCH720N/L,027242925397,16703140,Unknown,C Grade,"",,
3955995,ASTROA40TRHEADSETBLACC,TL,ASTRO A40 TR HS XB,6339620,97855149480,13490096,Unknown,C Grade,"",,
3956003,JBLJBLLLIVE178579UNKNCD,JBL _,JBL (JBLLIVE770NCBLKAM) Live 770NC Over-Ear Noise Cancelling Bluetooth Headphones - Black,JBLLIVE770NCBLKAM/CA,050036397476,17857929,Unknown,CD Grade,"",,
3956005,JBLLIVE660NCBLACCD,JBL _,JBL JBLLIVE660NCBLKAM Live 660NC Over-Ear Noise Cancelling Bluetooth Headphones - Black,JBLLIVE660NCBLKAM/CA,050036397476,15446310,Unknown,CD Grade,"",,
3956077,PS5825GBWHITC,Sony,PlayStation 5 Digital,CFI-1015B,Wi-Fi,825GB,White,C Grade,"",,
3956079,PLAYSTATION5DIGITALCFI1215B825GBTC,Sony,PlayStation 5 Digital,CFI-1215B,Wi-Fi,825GB,White,C Grade,"",,
3956100,XBOX149986UNKNCD,MICROSOFT STUDIOS,Xbox PC Controller with USB Cable,1V8-00001,889842657500,14998604,Unknown,CD Grade,"",,
3956111,KAIRAXWIREDXBOXXHSBLACB,Razer,RAZER KAIRA X WIRED XBOX X S G HS BLACK,RZ04-03970100-R3U1,810056144173,15758286,Unknown,B Grade,"",,
3957064,ROGFALCHION65%REDMECA,ASUS,ASUS ROG FALCHION WL 65% NX RED MEC,M601 ROG FALCHION NX,195553031219,15492926,Unknown,A Grade,"",,
3957120,LOGITECHMXKEYSKEYBOARDBLACA,LOGITECH,Logitech MX Keys Wireless Backlit Keyboard,920-009295/CA,97855152732,13891231,Unknown,A Grade,"",,
3957154,MBA13188GBI516256GBSILVPR0002,Apple,"MacBook Air (13-inch, 2018)","A1932 (8GB RAM, 1.6GHz i5)",Wi-Fi,256GB,Silver,PARTS & REPAIR,"",,
3957155,MACBOOKAIRBLCD2N8256SILVPR,Apple,"MacBook Air (13-inch, 2018)","A1932 (8GB RAM, 1.6GHz i5)",Wi-Fi,256GB,Silver,PARTS & REPAIR,Broken LCD,,
3957168,MACBOOKAIR128SPACB,Apple,"MacBook Air (13-inch, 2019)","A1932 (8GB RAM, 1.6GHz i5)",Wi-Fi,128GB,Space Grey,B Grade,"",,
3957180,MACBOOKPRO512SPACCD,Apple,"MacBook Pro (13-inch, 2020)","A2251 (8GB RAM, 1.4GHz i5)",Wi-Fi,512GB,Space Grey,CD Grade,"",,
3957189,LOGITECHMK850BTKEYBOARDMOUSEBM,LOGITECH,Logitech (920-008219) MK850 Bluetooth Optical Ergonomic Keyboard & Mouse Combo,920-008219/CA,097855124265,10564041,Unknown,BM Grade,"",,
3957284,YETIGXRGBGAMINGMICBLACA,TL,Logitech Yeti GX Dynamic RGB Gaming Mic,7319351,97855190994,17263742,Unknown,A Grade,"",,
3957325,MACBOOKAIR2NS256GOLDCD,Apple,"MacBook Air (13-inch, 2020)","A2337 (8GB RAM, M1 8CORE, 7GPU)",Wi-Fi,256GB,Gold,CD Grade,"",,
3957345,MACBOOKPRO128SPACCD2NR,Apple,"MacBook Pro (13-inch, 2019)","A2159 (8GB RAM, 1.4GHz i5)",Wi-Fi,128GB,Space Grey,CD Grade,"",,
3957365,RAYBANMETAWAYFAREBLACGREYCD,TL,Ray-Ban- Meta Wayfare Matte Blk/ Gre,7318474,8056597988384,17247113,Unknown,CD Grade,"",,
3957444,BEATSFITPRO(MK2J3LL/A)EARBUDSGREYC,Beats by Dr. Dre,Beats By Dr. Dre MK2J3LL/A Fit Pro In-Ear Noise Cancelling Truly Wireless Headphones - Sage Grey,MK2J3LL/A/CA,194252484593,15937114,Unknown,C Grade,"",,
3957527,AIRPODSPRO2164866UNKNUK,Apple,AIRPODS PRO (2nd Gen) WITH MAGSAFE CASE,MQD83AM/A,190199098428,16486693,Unknown,Unknown,"",,
3957528,AIRPODSPRO2NDGENMAGBM2S9,Apple,AIRPODS PRO (2nd Gen) WITH MAGSAFE CASE,MQD83AM/A,190199098428,16486693,Unknown,BM Grade,"",,
3957556,SONYWF-1000XM4SEARBUDSSILVB,Sony _,Sony WF-1000XM4/S In-Ear Noise Cancelling Truly Wireless Headphones - Silver,WF-1000XM4/S/CA,027242921092,15546938,Unknown,B Grade,"",,
3957574,FITBITACE3KIDSTRACKERBLACC,FITBIT,Fitbit Ace 3 Kids Activity Tracker - Black,ACE 3/BLK/CA,Unknown,15311775,Unknown,C Grade,"",,
3957669,SONYSININEARBUDSWHITBM,Sony _,Sony WFLS900N/W LinkBuds S In-Ear Noise Cancelling True Wireless Earbuds - White,WFLS900N/W/CA,027242923393,16178137,Unknown,BM Grade,"",,
3957730,BEATSSTUDIOBUDS(MQLK3LLA)TRANSBM,Beats by Dr. Dre,Beats By Dr. Dre MQLK3LL/A Studio Buds + In-Ear Noise Cancelling Truly Wireless Earbuds - Transparent,MQLK3LL/A/CA,194253563846,17074723,Unknown,BM Grade,"",,
3957738,BEATSFLEXNP3AUINEARHEADPHONESBLAPR,Beats by Dr. Dre,Beats By Dr. Dre MYMC2LL/A Flex In-Ear Bluetooth Headphones - Beats Black,MYMC2LL/A/CA,190199801561,15062821,Unknown,PARTS & REPAIR,No Power,,
3957783,FITBITVERSA2BLACCARBONBM,FITBIT,FITBIT VERSA 2 BLACK/CARBON,VERSA 2,811138036706,13864604,Unknown,BM Grade,"",,
3957880,KIDSFROZEN2BTKIDSHPCD,KIDdesigns,KIDdesigns FR-B50.FXV9M Frozen 2 Over-Ear Noise Cancelling Bluetooth Kids Headphones - Blue,FR-B50.FXV9M/CA,092298943541,15447625,Unknown,CD Grade,"",,
3957942,XBOX174009UNKNUK0002,POWERA,POWERA XBOX WIRED CTRL CTN RED,1519366-01,617885024832,17400971,Unknown,Unknown,"",,
3957943,XBOX174009UNKNPR0003,POWERA,POWERA XBOX WIRED CTRL CTN RED,1519366-01,617885024832,17400971,Unknown,PARTS & REPAIR,"",,
3957944,XBOX174009UNKNPR0002,POWERA,POWERA XBOX WIRED CTRL CTN RED,1519366-01,617885024832,17400971,Unknown,PARTS & REPAIR,No Power,,
3957966,HS55WIRELESSPCGAMINGBLACC,TL,CORSAIR HS55 WIRELESS PC GAMING HS BLK,CA-9011280-NA,840006657873,16683177,Unknown,C Grade,"",,
3957969,MBA13228GBM2256GBMIDNB0002,Apple,"MacBook Air (13-inch, 2022)","A2681 (8GB RAM, M2 )",Wi-Fi,256GB,Midnight,B Grade,"",,
3957970,MBA13228GBM2256GBMIDNPR,Apple,"MacBook Air (13-inch, 2022)","A2681 (8GB RAM, M2 )",Wi-Fi,256GB,Midnight,PARTS & REPAIR,"",,
3957971,MACBOOKAIRBLCD2OB256MIDNPR,Apple,"MacBook Air (13-inch, 2022)","A2681 (8GB RAM, M2 )",Wi-Fi,256GB,Midnight,PARTS & REPAIR,Broken LCD,,
3957987,POWENSWWIRE170486UNKNPR,POWERA,POWERA NSW WIRED CTRL ZELDA LINK,NSGP0091-01,617885039218,17048686,Unknown,PARTS & REPAIR,"",,
3957996,MBA15238GBM2256GBSILVPR,Apple,"MacBook Air (15-inch, 2023)","A2941 (8GB RAM, M2 10 Core)",Wi-Fi,256GB,Silver,PARTS & REPAIR,"",,
3957997,MACBOOKAIR2MO256SILPR,Apple,"MacBook Air (15-inch, 2023)","A2941 (8GB RAM, M2 10 Core)",Wi-Fi,256GB,Silver,PARTS & REPAIR,Broken LCD,,
3958000,MACBOOKPRO512SPACA00005,Apple,"MacBook Pro (13-inch, 2020)","A2251 (8GB RAM, 1.4GHz i5)",Wi-Fi,512GB,Space Grey,A Grade,"",,
3958033,MACBOOKAIR512STARA,Apple,"MacBook Air (13-inch, 2024)","A3113 (16GB RAM, M3 8 Core)",Wi-Fi,512GB,Starlight,A Grade,"",,
3958034,MBA13248GBM3256GBSPACB,Apple,"MacBook Air (13-inch, 2024)","A3113 (8GB RAM, M3 8 Core)",Wi-Fi,256GB,Space Grey,B Grade,"",,
3958035,MACBOOKAIR256SPACA00005,Apple,"MacBook Air (13-inch, 2024)","A3113 (8GB RAM, M3 8 Core)",Wi-Fi,256GB,Space Grey,A Grade,"",,
3958106,MBA132416GBM3512GBSTARB,Apple,"MacBook Air (13-inch, 2024)","A3113 (16GB RAM, M3 8 Core)",Wi-Fi,512GB,Starlight,B Grade,"",,
3958125,MBA13208GBM1512GBSPACBM,Apple,"MacBook Air (13-inch, 2020)","A2337 (8GB RAM, M1 8CPU/7GPU)",Wi-Fi,512GB,Space Grey,BM Grade,"",,
3958147,MBP13198GBI524512GBSPACB,Apple,"MacBook Pro (13-inch, 2019)","A2159 (8GB RAM, 2.4GHz i5)",Wi-Fi,512GB,Space Grey,B Grade,"",,
3958149,MACBOOKPRO512SPACA00003,Apple,"MacBook Pro (13-inch, 2019)","A2159 (8GB RAM, 2.4GHz i5)",Wi-Fi,512GB,Space Grey,A Grade,"",,
3958170,MBA13208GBM1512GBGOLDA,Apple,"MacBook Air (13-inch, 2020)","A2337 (8GB RAM, M1 8CORE, 7GPU)",Wi-Fi,512GB,Gold,A Grade,"",,
3958221,MACBOOKAIR256SPACC00003,Apple,"MacBook Air (13-inch, 2020)","A2337 (8GB RAM, M1 8 Core)",Wi-Fi,256GB,Space Grey,C Grade,"",,
3958226,MACBOOKPRO256SPACA00004,Apple,"MacBook Pro (13-inch, 2020)","A2289 (8GB RAM, 1.7GHz i7)",Wi-Fi,256GB,Space Grey,A Grade,"",,
3958238,MACBOOKPRO256SPACB00009,Apple,"MacBook Pro (13-inch, 2020)","A2289 (8GB RAM, 1.4GHz i5)",Wi-Fi,256GB,Space Grey,B Grade,"",,
3958239,MBA13208GBI511512GBSILVB,Apple,"MacBook Air (13-inch, 2020)","A2179 (8GB RAM, 1.1GHz i5)",Wi-Fi,512GB,Silver,B Grade,"",,
3958240,MACBOOKAIR512SILVC00002,Apple,"MacBook Air (13-inch, 2020)","A2179 (8GB RAM, 1.1GHz i5)",Wi-Fi,512GB,Silver,C Grade,"",,
3958314,RAVEPARTYCASTSPEAKERBLACCD,Soundcore,Soundcore by Anker Rave PartyCast Splashproof Bluetooth Wireless Speaker - Black,A3390Z12-5/,Unknown,15560397,Unknown,CD Grade,Cosmetic Damage - Power on & Functions well - See Photos,,
3958677,SONYWH1000XM5BHEADPHONEBLACCD32R,Sony,Sony WH-1000XM5 Over-Ear Noise Cancelling Bluetooth Headphones - Black,WH1000XM5/B/CA,027242923232,16162187,Unknown (Cosmetic defect),CD Grade,"",,
3958750,LOGITECHEXTREME3DPROJOYSTICKCD,LOGITECH,Logitech (963290-0403) Extreme 3D Pro Joystick,963290-0403/CA,097855018113,10034092,Unknown,CD Grade,"",,
3958765,PS5DUALSENSEWLCTRLRGPURPCD2UB,Sony,PlayStation 5 DualSense Wireless Controller - Galactic Purple,1000039939/CA,711719574330,17977846,Unknown,CD Grade,"",,
3958786,BOSEQUIETCOMFORTEBIISOAPCD31D,BOSE,Bose QuietComfort Earbuds II In-Ear Noise Cancelling True Wireless Earbuds - Soapstone,870730-0020/CA,Unknown (no sound),16378176,Unknown,CD Grade,"",,
3958847,TCLFLIP4058E8GBVOLBLACO,TCL,TCL Flip (4058E) 8GB Cellphone - Volcano Black,4058E/CA,628214418253,16566874,Unknown,OPEN BOX,"",,
3958937,TCLFLIP4058E9GBVOLBLACBM,TCL,TCL Flip (4058E) 8GB Cellphone - Volcano Black,4058E/CA,628214418253,16566874,Unknown,BM Grade,"",,
3959133,MBA1A2179512ROSEA,Apple,"MacBook Air (13-inch, 2020)","A2179 (8GB RAM, 1.1GHz i3)",Wi-Fi,512GB,Rose Gold,A Grade,"",,
3959134,MACBOOKAIR512ROSEA,Apple,"MacBook Air (13-inch, 2020)","A2179 (8GB RAM, 1.1GHz i5)",Wi-Fi,512GB,Rose Gold,A Grade,"",,
3959172,MACBOOKPRO512SILVB00003,Apple,"MacBook Pro (13-inch, 2018)","A1989 (8GB RAM, 2.3GHz i5)",Wi-Fi,512GB,Silver,B Grade,"",,
3959187,ARLOAVD1100C143081UNKNC,Arlo,Arlo AVD1001-100CNS Essential Wired Video Doorbell - Black/ White,AVD1001-100CNS/CA,0193108139991,14308163,Unknown,C Grade,"",,
3959189,MACBOOKPRO1TBSPACB00003,Apple,"MacBook Pro (15-inch, 2019)","A1990 (32GB RAM, 2.4GHz i9)",Wi-Fi,1TB,Space Grey,B Grade,"",,
3959264,BLINB08SVIDE157536UNKNC,Blink,Blink B08SFZQRP1 Video Doorbell with Sync Module 2 - Black,B08SFZQRP1/CA,840080537139,15753630,Unknown,C Grade,"",,
3959272,MBA13228GBM2512GBMIDNB,Apple,"MacBook Air (13-inch, 2022)","A2681 (8GB RAM, M2 8 Core)",Wi-Fi,512GB,Midnight,B Grade,"",,
3959273,MACBOOKAIR512MIDNA,Apple,"MacBook Air (13-inch, 2022)","A2681 (8GB RAM, M2 8 Core)",Wi-Fi,512GB,Midnight,A Grade,"",,
3959293,MBA152416GBM3256GBSPACA,Apple,"MacBook Air (15-inch, 2024)","A3114 (16GB RAM, M3 8CORE,10 GPU)",Wi-Fi,256GB,Space Grey,A Grade,"",,
3959295,MACBOOKAIR256MIDNA00004,Apple,"MacBook Air (15-inch, 2024)","A3114 (16GB RAM, M3 8CORE,10 GPU)",Wi-Fi,256GB,Midnight,A Grade,"",,
3959297,MBA13248GBM3256GBMIDNB,Apple,"MacBook Air (13-inch, 2024)","A3113 (8GB RAM, M3 8 Core)",Wi-Fi,256GB,Midnight,B Grade,"",,
3959299,MACBOOKAIR256MIDNA00003,Apple,"MacBook Air (13-inch, 2024)","A3113 (8GB RAM, M3 8 Core)",Wi-Fi,256GB,Midnight,A Grade,"",,
3959314,MBP13178GBI523256GBSILVBM,Apple,"MacBook Pro (13-inch, 2017)","A1706 (8GB RAM, 2.3GHz i5)",Wi-Fi,256GB,Silver,BM Grade,"",,
3959315,MACBOOKPRO256SPACBM,Apple,"MacBook Pro (13-inch, 2017)","A1706 (16GB RAM, 3.1GHz i5)",Wi-Fi,256GB,Space Grey,BM Grade,"",,
3959320,MACBOOKAIR512SILVB00002,Apple,"MacBook Air (13-inch, 2015)","A1466 (8GB RAM, 2.2GHz i7)",Wi-Fi,512GB,Silver,B Grade,"",,
3959352,MBA15228GBM2256GBMIDNPR,Apple,"MacBook Air (15-inch, 2022)","A2941 (8GB RAM, M2 8 Core)",Wi-Fi,256GB,Midnight,PARTS & REPAIR,"",,
3959353,MACBOOKAIRBLCD2OC256MIDNPR,Apple,"MacBook Air (15-inch, 2022)","A2941 (8GB RAM, M2 8 Core)",Wi-Fi,256GB,Midnight,PARTS & REPAIR,Broken LCD,,
3959356,MBA15248GBM3256GBMIDNB0002,Apple,"MacBook Air (15-inch, 2024)","A3114 (8GB RAM, M3 8CORE/10 GPU)",Wi-Fi,256GB,Midnight,B Grade,"",,
3959357,MACBOOKAIR256MIDNA00005,Apple,"MacBook Air (15-inch, 2024)","A3114 (8GB RAM, M3 8CORE/10 GPU)",Wi-Fi,256GB,Midnight,A Grade,"",,
3959389,MACBOOKPRO512SPACC00003,Apple,"MacBook Pro (13-inch, 2018)","A1989 (8GB RAM, 2.3GHz i5)",Wi-Fi,512GB,Space Grey,C Grade,"",,
3959406,MBAA2179i382512SLVA,Apple,"MacBook Air (13-inch, 2020)","A2179 (8GB RAM, 1.1GHz i3)",Wi-Fi,512GB,Silver,A Grade,"",,
3959420,MACBOOKPRO2017512SPACBM,Apple,"MacBook Pro (13-inch, 2017)","A1706 (8GB RAM, 3.1GHz i5)",Wi-Fi,512GB,Space Grey,BM Grade,"",,
3959470,MACBOOKPRO2NO256SPACCD,Apple,"MacBook Pro (13-inch, 2019)","A2159 (8GB RAM, 1.4GHz i5)",Wi-Fi,256GB,Space Grey,CD Grade,"",,
3959594,MACBOOKPRO512SPACB,Apple,"MacBook Pro (14-inch, 2023)","(16GB RAM, M2 PRO 10CPU/16GPU)",Wi-Fi,512GB,Space Grey,B Grade,No Boot - As is Untested -,,
3959613,BEATSSTUDIO3HEADPHONESBLACCD,APPLE -,BEATS STUDIO 3 BT OVER-EAR HP BLACK,MX3X2LL/A,190199312722,11534527,Unknown,CD Grade,"",,
3959667,RAZEBLACV2155668UNKNPR0002,Razer,RAZER BLACKSHARK V2 PRO WL GAMING HS BLK,RZ04-03220100-R3U1,811659037527,15566864,Unknown,PARTS & REPAIR,"",,
3959668,RAZEBLACV2155668UNKNPR,Razer,RAZER BLACKSHARK V2 PRO WL GAMING HS BLK,RZ04-03220100-R3U1,811659037527,15566864,Unknown,PARTS & REPAIR,Untested - AS-IS - For Parts,,
3959719,PS5159057UNKNPR0002,Sony,PS5 DUALSENSE WIRELESS CTRL GAL PURPLE,3006414,711719546795,15905711,Unknown,PARTS & REPAIR,No Battery Installed,,
3960369,GARMVIVO4S138935UNKNCD,Garmin,GARMIN VIVOACTIVE 4S DUST GOLD LIGHT GLD,VIVOACTIVE 4S,753759227760,13893574,Unknown,CD Grade,"",,
3960374,GARMINVIVOACTIVE4SGOLDCD,Garmin,GARMIN VIVOACTIVE 4S DUST GOLD LIGHT GLD,VIVOACTIVE 4S,753759227760,13893574,Unknown,CD Grade,Hairline Crack on Glass,,
3960468,FITBVERS4163904UNKNC,FITBIT,FITBIT VERSA 4 GRAPHITE/BLACK BAND,FB523,810038858753,16390440,Unknown,C Grade,"",,
3960469,SAMGLXYW5BT163819UNKNC,Samsung,SAMSUNG GLXY W5 BT 40MM PINK GOLD ALMNM,SM-R900NZDAXAC,887276664385,16381996,Unknown,C Grade,"",,
3960508,GALAXYWATCH640MMCREABM,Samsung Watch,Samsung SM-R930NZEAXAC Galaxy Watch6 (GPS) 40mm Smartwatch with Heart Rate Monitor - Cream,SM-R930NZEAXAC/CA,887276772967,17166714,Unknown,BM Grade,"",,
3960527,MBP142316GBM2PRO512GBSPACB,Apple,"MacBook Pro (14-inch, 2023)","(16GB RAM, M2 PRO 10CPU/16GPU)",Wi-Fi,512GB,Space Grey,B Grade,No Power,,
3960532,MACBOOKPROBLCD256SPACA2NH,Apple,"MacBook Pro (13-inch, 2020)","A2251 (8GB RAM, 1.4GHz i5)",Wi-Fi,256GB,Space Grey,A Grade,Broken LCD,,
3960536,MBP13208GBM1256GBSPACCD,Apple,"MacBook Pro (13-inch, 2020)","A2338 (8GB RAM, M1)",Wi-Fi,256GB,Space Grey,CD Grade,"",,
3960545,MACBOOKPRO2O0256SPACCD,Apple,"MacBook Pro (13-inch, 2020)","A2338 (8GB RAM, M1)",Wi-Fi,256GB,Space Grey,CD Grade,LCD Blemish Heavy,,
3960560,ZTECYMBAL2BLACBM,TELUS,TELUS ZTE CYMBAL 2 BLACK PREPAID,ZTE CYMBAL 2,629018181787,16158346,Unknown,BM Grade,"",,
3960592,JBLCHAR5154462UNKNPR0003,JBL,JBL CHARGE 5 PORTABLE BT SPEAKER - BLACK,JBLCHARGE5BLKAM,050036380218,15446249,Unknown,PARTS & REPAIR,"",,
3960593,JBLCHAR5154462UNKNPR0002,JBL,JBL CHARGE 5 PORTABLE BT SPEAKER - BLACK,JBLCHARGE5BLKAM,050036380218,15446249,Unknown,PARTS & REPAIR,No Power,,
3960893,BRAUNSHAVER9330SSOLOC,TL,Braun Shaver 9330s Solo,81666404,69055883075,14450480,Unknown,C Grade,"",,
3960980,MBA13208GBM1256GBSPACBM,Apple,"MacBook Air (13-inch, 2020)","A2337 (8GB RAM, M1 8CORE, 7GPU)",Wi-Fi,256GB,Space Grey,BM Grade,"",,
3960981,MACBOOKPRO256SPACCD,Apple,"MacBook Pro (13-inch, 2020)","A2338 (8GB RAM, M1)",Wi-Fi,256GB,Space Grey,CD Grade,LCD Lines - See Photos,,
3961097,FUJIINSTMINI171139UNKNPR,FUJIFILM,Fujifilm Instax Mini 12 Blue Bundle,INSTAX MINI 12,074101949742,17113957,Unknown,PARTS & REPAIR,"",,
3961120,FITBCHAR5156664UNKNC0002,FITBIT,FITBIT CHARGE 5 BLACK GRAPHITE FRCJK,FB421,810038855899,15666446,Unknown,C Grade,"",,
3961139,FITBCHAR5156664UNKNC,FITBIT,FITBIT CHARGE 5 BLACK GRAPHITE FRCJK,FB421,810038855899,15666446,Unknown,C Grade,Boot Loop,,
3961141,FITBITCHARGE5GRAPPR2SN,FITBIT,FITBIT CHARGE 5 BLACK GRAPHITE FRCJK,FB421,810038855899,15666446,Unknown,PARTS & REPAIR,Boot Loop,,
3961146,IPH12128GBPURPC,Apple,iPhone 12,A2402,Unlocked,128GB,Purple,C Grade,"",,
3961147,IPHONE123HHA2172128BLACCD,Apple,iPhone 12,A2402,Unlocked,128GB,Purple,C Grade,"Important Display Message - Screen Replaced LCD, Face ID Not working",,
3961191,TUFGAMIF1716GBI5512GBBLACB,ASUS,"TUF Gaming F17 (17.3-inch, 2021)","(16GB RAM, i5 11400H)",Wi-Fi,512GB,Black,B Grade,"",,
3961192,TUFF17172021512BLACB,ASUS,"TUF Gaming F17 (17.3-inch FHD 144HZ, 2021)","(16GB RAM, i5 11400H)",Wi-Fi,512GB,Black,B Grade,"",,
3961213,VICTUS152022512BLACA,HP,"Victus Gaming Laptop (15.6-inch FHD, 2023)","(16GB RAM, i5 13420H)",Wi-Fi,512GB,Black,A Grade,"",,
3961375,PHILIPSSHAVERSP9871BLACC,TL,PHILIPS SP9871/13 S9000 PRESTIGE SHAVER,SP9871/13,75020102638,16011815,Unknown,C Grade,"",,
3963507,GALAXYWATCH540MMPINKBM,Samsung,SAMSUNG GLXY W5 BT 40MM PINK GOLD ALMNM,SM-R900NZDAXAC,887276664385,16381996,Unknown,BM Grade,"",,
3963548,GALAXYWATCH6CLASSIC47MMSILVB,Samsung Watch,Samsung SM-R960NZSAXAC Galaxy Watch6 Classic (GPS) 47mm Smartwatch with Heart Rate Monitor - Silver,SM-R960NZSAXAC/CA,887276774022,17166717,Unknown,B Grade,"",,
3963647,BLINB08SVIDE157536UNKNPR0002,Blink,Blink B08SFZQRP1 Video Doorbell with Sync Module 2 - Black,B08SFZQRP1/CA,840080537139,15753630,Unknown,PARTS & REPAIR,"",,
3963649,BLINB08SVIDE157536UNKNPR,Blink,Blink B08SFZQRP1 Video Doorbell with Sync Module 2 - Black,B08SFZQRP1/CA,840080537139,15753630,Unknown,PARTS & REPAIR,Untested - AS-IS - For Parts,,
3963653,ARLOAVD1100C143081UNKNPR,Arlo,Arlo AVD1001-100CNS Essential Wired Video Doorbell - Black/ White,AVD1001-100CNS/CA,0193108139991,14308163,Unknown,PARTS & REPAIR,"",,
3963654,ARLOAVD1001-100CNSDOORBELLPR,Arlo,Arlo AVD1001-100CNS Essential Wired Video Doorbell - Black/ White,AVD1001-100CNS/CA,0193108139991,14308163,Unknown,PARTS & REPAIR,Untested - AS-IS - For Parts,,
3963656,FITBVERS2138646UNKNCD,FITBIT,FITBIT VERSA 2 BLACK/CARBON,VERSA 2,811138036706,13864604,Unknown,CD Grade,"",,
3963749,FITBITSENSE22QR(FB521)GRAPCD,FITBIT,FITBIT SENSE 2 GRAPHITE/GRPHT BAND,FB521,810038858401,16390437,Unknown,CD Grade,"",,
3963855,SONYWH1000X5332P4BHEADPHONEBLACCD,Sony,Sony WH-1000XM5 Over-Ear Noise Cancelling Bluetooth Headphones with Case- Black,WH1000XM5/B/CA,027242923232,16162187,Unknown,CD Grade,"",,
3963996,FITBITVERSA436J(FB523)GRAPCD,FITBIT,FITBIT VERSA 4 GRAPHITE/BLACK BAND,FB523,810038858753,16390440,Unknown,CD Grade,"",,
3964045,XBOX174009UNKNCD,POWERA,POWERA XBOX WIRED CTRL CTN RED,1519366-01,617885024832,17400971,Unknown,CD Grade,No Power,,
3964048,XBOXPOWERAWIREDCTRLREDCD3DN,POWERA,POWERA XBOX WIRED CTRL CTN RED,1519366-01,617885024832,17400971,Unknown,CD Grade,"",,
3964051,POWERANSWWIREDCTRLZELDACD,POWERA,POWERA NSW WIRED CTRL ZELDA LINK,NSGP0091-01,617885039218,17048686,Unknown,CD Grade,"",,
3964553,QUIETCOMFORTULTRAEARBUDSWHITBM,BOSE,Bose (882826-0020) QuietComfort Ultra In-Ear Noise Cancelling True Wireless Earbuds - White Smoke,882826-0020/CA,017817847643,17212846,Unknown,BM Grade,"",,
3964555,BOSEQUIEULTR177015UNKNB,TL,BOSE QUIETCOMFORT ULTRA EARBUDS MOON BLU,882826-0050,17817851329,17701536,Unknown,B Grade,"",,
3964560,QUIETCOMFORTEARBUDSIIBLACPR2Q9,BOSE,Bose 870730-0010 QuietComfort Earbuds II In-Ear Noise Cancelling True Wireless Earbuds - Triple Black,870730-0010/CA,017817838320,16378177,Unknown,PARTS & REPAIR,"",,
3964561,QUITECOMFORTEARBUDSIITRIPBLACPR,BOSE,Bose 870730-0010 QuietComfort Earbuds II In-Ear Noise Cancelling True Wireless Earbuds - Triple Black,870730-0010/CA,017817838320,16378177,Unknown,PARTS & REPAIR,Not Pairing,,
3964569,SONYWFC700170422UNKNPR,Sony,Sony WF-C700N In-Ear Noise Cancelling True Wireless Earbuds - Black,WF-C700N/B/CA,Unknown,17042261,Unknown,PARTS & REPAIR,"",,
3964570,SONYWF-C700NBTWEARBUDSBLACPR,Sony,Sony WF-C700N In-Ear Noise Cancelling True Wireless Earbuds - Black,WF-C700N/B/CA,Unknown,17042261,Unknown,PARTS & REPAIR,"Not Pairing, No Power",,
3964721,SONYWFC500157448UNKNPR0002,Sony _,Sony WF-C500 In-Ear Sound Isolating Truly Wireless Headphones - Black,WFC500/B/CA,027242922686,15744828,Unknown,PARTS & REPAIR,"",,
3964733,SONYWF-1000XM4SEARBUDSSILVBM,Sony _,Sony WF-1000XM4/S In-Ear Noise Cancelling Truly Wireless Headphones - Silver,WF-1000XM4/S/CA,027242921092,15546938,Unknown,BM Grade,"",,
3964734,JABRELIT3156457UNKNPR,Jabra,Jabra Elite 3 In-Ear Sound Isolating Truly Wireless Headphones - Grey,ELITE 3/GRY/CA,615822014823,15645783,Unknown,PARTS & REPAIR,"",,
3964735,JABRAELITE3TWINEARHEADPHONEGREYPR,Jabra,Jabra Elite 3 In-Ear Sound Isolating Truly Wireless Headphones - Grey,ELITE 3/GRY/CA,615822014823,15645783,Unknown,PARTS & REPAIR,"Not Pairing, No Power",,
3966963,PS5154802UNKNUK,Sony PlayStation,Sony 3006410 PlayStation 5 DualSense Wireless Controller - Midnight Black,3006410/CA,711719574316,15480210,Unknown,Unknown,"",,
3966964,PS5DUALSENSEMIDNBLACCD,Sony PlayStation,Sony 3006410 PlayStation 5 DualSense Wireless Controller - Midnight Black,3006410/CA,711719574316,15480210,Unknown,CD Grade,"",,
3966981,SONYWFC500157448UNKNUK,Sony _,Sony WF-C500 In-Ear Sound Isolating Truly Wireless Headphones - Black,WFC500/B/CA,846885010365,15744828,Unknown,Unknown,"",,
3966982,SONYWFC500157448UNKNPR,Sony _,Sony WF-C500 In-Ear Sound Isolating Truly Wireless Headphones - Black,WFC500/B/CA,846885010365,15744828,Unknown,PARTS & REPAIR,"",,
3966988,SONYWF-C500INEARBUDSBLACPR,Sony _,Sony WF-C500 In-Ear Sound Isolating Truly Wireless Headphones - Black,WFC500/B/CA,027242922686,15744828,Unknown,PARTS & REPAIR,Not Pairing,,
3966989,SONYWF-C500INEARBUDSBLACPR-3AH,Sony _,Sony WF-C500 In-Ear Sound Isolating Truly Wireless Headphones - Black,WFC500/B/CA,846885010365,15744828,Unknown,PARTS & REPAIR,Not Pairing,,
3967000,PS5177320UNKNUK,Sony,PS5 DUALSENSE WIRELESS CTRL STARLIGHT BL,1000039940,708056072001,17732067,Unknown,Unknown,"",,
3967001,PS5DUALSENSEWIRELESSCTRLSTRBLUB,Sony,PS5 DUALSENSE WIRELESS CTRL STARLIGHT BL,1000039940,708056072001,17732067,Unknown,B Grade,"",,
3967005,TBSTEA700169238UNKNUK,TL,TB STEALTH 700 GEN2 MAX H BLK,TBS-3790-02,810052980010,16923815,Unknown,Unknown,"",,
3967006,TBSTEA700169238UNKNPR0004,TL,TB STEALTH 700 GEN2 MAX H BLK,TBS-3790-02,810052980010,16923815,Unknown,PARTS & REPAIR,"",,
3967008,TBSTEA700169238UNKNPR0003,TL,TB STEALTH 700 GEN2 MAX H BLK,TBS-3790-02,810052980010,16923815,Unknown,PARTS & REPAIR,Not Pairing,,
3967010,TBSTEA700169238UNKNPR0002,TL,TB STEALTH 700 GEN2 MAX H BLK,TBS-3790-02,810052980010,16923815,Unknown,PARTS & REPAIR,"Not Pairing, Untested - AS-IS - For Parts",,
3967013,XBOX166094UNKNUK0002,MICROSOFT STUDIOS,XBOX X WIRELESS CTRL ROBOT WHITE V2,QAS-00007,045496590130,16609482,Unknown,Unknown,"",,
3967014,XBOXQAS-00007CTRLROBOWHITC,MICROSOFT STUDIOS,XBOX X WIRELESS CTRL ROBOT WHITE V2,QAS-00007,045496590130,16609482,Unknown,C Grade,"",,
3967018,XBOX166094UNKNUK,MICROSOFT STUDIOS,XBOX X WIRELESS CTRL SHOCK BLUE V2,QAU-00065,045496590161,16609481,Unknown,Unknown,"",,
3967020,XBOX166094UNKNCD0002,MICROSOFT STUDIOS,XBOX X WIRELESS CTRL SHOCK BLUE V2,QAU-00065,045496590161,16609481,Unknown,CD Grade,"",,
3967021,XBOX166094UNKNCD,MICROSOFT STUDIOS,XBOX X WIRELESS CTRL SHOCK BLUE V2,QAU-00065,045496590161,16609481,Unknown,CD Grade,Key Not Working,,
4026842,MACBOOKAIR256MIDNPR,Apple,"MacBook Air (15-inch, 2023)","A2941 (8GB RAM, M2 10 Core)",Wi-Fi,256GB,Midnight,PARTS & REPAIR,Broken LCD,,
4026846,MACBOOKAIRBLCD256SILVPR,Apple,"MacBook Air (15-inch, 2022)","A2941 (8GB RAM, M2 8 Core)",Wi-Fi,256GB,Silver,PARTS & REPAIR,Broken LCD,,
4027110,MBA132416GBM3512GBSILVA,Apple,"MacBook Air (13-inch, 2024)","A3113 (16GB RAM, M3 8 Core)",Wi-Fi,512GB,Silver,A Grade,"",,
4028622,SAMSUNGWATCH4400MM35JBLACBM,Samsung Watch,Samsung SM-R860NZKAASA Galaxy Watch4 40mm Smartwatch with Heart Rate Monitor - Black,SM-R860NZKAASA/CA,Unknown,15605606,Unknown,BM Grade,"",,
4031809,XBOXSERIESX18821TBBLACBM,Microsoft,Xbox Series X,1882,Wi-Fi,1TB,Black,BM Grade,"",,
4033799,CHROC330114GB17064GBBZWHC,Lenovo,"Chromebook C330 (11.6-inch, 2013)","(4GB RAM, 1.70 GHz)",Wi-Fi,64GB,Blizzard White,C Grade,"",,
4033815,CHROMEBOOK113180201716BLACC,Dell,"Chromebook 11 3180 (11.6-inch, 2017)","(4GB RAM, 1.60 GHz)",Wi-Fi,16GB,Black,C Grade,"",,
4044329,IPADPRO12.9MAGICKEYBOARDBLACC,Apple,"Apple Magic Keyboard for iPad Pro 12.9"" (3rd/4th/5th/6th Gen/iPad Air 13 M2)",KEYBOARD CASE,N/A,N/A,Black,C Grade,"",,
4044332,IPADPRO12.9IA2378256SPACB,Apple,iPad Pro 12.9 inch 5th Gen,A2378,Wi-Fi,256GB,Space Grey,B Grade,"",,
4044337,IPH7128GBGOLDCD,Apple,iPhone 7,A1778,Unlocked,128GB,Gold,CD Grade,"",,
4044339,IPHONE7A1778128GBGOLDCD,Apple,iPhone 7,A1778,Unlocked,128GB,Rose Gold,CD Grade,"",,
4044340,IPHONE7SBWA1778128GBGOLDCD,Apple,iPhone 7,A1778,Unlocked,128GB,Rose Gold,CD Grade,Service Battery Warning,,
4046564,PENC2NDGENWHITB,Apple,Pencil 2nd Gen,A2051,N/A,N/A,White,B Grade,"",,
4046565,PENCIL2NDGENA2051WHITBM,Apple,Pencil 2nd Gen,A2051,N/A,N/A,White,BM Grade,"",,
4046573,IPADAPPLEMAGBLACBM,Apple,"Apple Magic Keyboard for iPad Pro 12.9"" (3rd/4th/5th/6th Gen/iPad Air 13 M2)",KEYBOARD CASE,N/A,N/A,Black,BM Grade,"",,
4046822,RAYBANMETAWAYFAREMATTEGREYBM,TL,Ray-Ban- Meta Wayfare Matte Blk/ Gre,7318474,8056597988384,17247113,Unknown,BM Grade,"",,
4047110,MACBOOKAIR512GOLDB00002,Apple,"MacBook Air (13-inch, 2020)","A2179 (8GB RAM, 1.1GHz i5)",Wi-Fi,512GB,Rose Gold,B Grade,"",,
4048064,16PM256DSRTTITANAA,Apple,iPhone 16 Pro Max,A3295,Unlocked,256GB,Desert Titanium,A Grade,"",,
4048065,IPH16PROMAX256GBDSTICD0002,Apple,iPhone 16 Pro Max,A3295,Unlocked,256GB,Desert Titanium,CD Grade,"",,
4048067,IPH16PROMAX256GBDSTICD,Apple,iPhone 16 Pro Max,A3295,Unlocked,256GB,Desert Titanium,CD Grade,Cracked Back Glass,,
4048070,PXLPIXEL9256GBOBSIN,Google,Pixel 9,Pro Fold,Unlocked,256GB,Obsidian,NEW,"",,
4048071,PXLPIXEL9256GBOBSIB,Google,Pixel 9,Pro Fold,Unlocked,256GB,Obsidian,B Grade,"",,
4048072,PXLPIXEL9PROF256GBOBSIB,Google,Pixel 9 Pro Fold,GGH2X,Unlocked,256GB,Obsidian,B Grade,"",,
4048073,IPH12PROMAX128GBPCBLCD0002,Apple,iPhone 12 Pro Max,A2411,Unlocked,128GB,Pacific Blue,CD Grade,"",,
4048075,IPH12PROMAX128GBPCBLCD,Apple,iPhone 12 Pro Max,A2411,Unlocked,128GB,Pacific Blue,CD Grade,Cracked Back Glass,,
4048406,SENNHEISERSPORTTWSCX200TW1PR,TL,SENNHEISER SPORT TRUE WIRELESS,CX200TW1 SPORT,810091270677,6506371,Unknown,PARTS & REPAIR,"Not Pairing, Untested - AS-IS - For Parts",,
4048428,QUIETCOMFORTEARBUDSIINPGREYPR,TL,BOSE QUIETCOMFORT EARBUDS II LE ECLP GRY,870730-0040,17817847056,16704794,Unknown,PARTS & REPAIR,Not Pairing,,
4049490,BOSEQUIEEARB163781UNKNPR0002,BOSE,Bose QuietComfort Earbuds II In-Ear Noise Cancelling True Wireless Earbuds - Soapstone,870730-0020/CA,Unknown,16378176,Unknown,PARTS & REPAIR,"",,
4049492,BOSEQUIEEARB163781UNKNPR,BOSE,Bose QuietComfort Earbuds II In-Ear Noise Cancelling True Wireless Earbuds - Soapstone,870730-0020/CA,Unknown,16378176,Unknown,PARTS & REPAIR,Not Pairing,,
4049494,BOSEQUIETCOMFORTEBIISOAPPR31C,BOSE,Bose QuietComfort Earbuds II In-Ear Noise Cancelling True Wireless Earbuds - Soapstone,870730-0020/CA,Unknown,16378176,Unknown,PARTS & REPAIR,"Not Pairing, Untested - AS-IS - For Parts",,
4050137,SNOWBALLCONDENSERMICBLACBM,Blue Microphones,Blue Microphones 1929 SNOWBALL BLK Snowball Condenser Mic - Black,1929 SNOWBALL BLK/CA,836213001929,10425172,Unknown,BM Grade,"",,
4119265,PS5179058UNKNPR,Sony,PS5 DUALSENSE WIRELESS CTRL BLACK REPLEN,1000039936,711719574309,17905836,Unknown,PARTS & REPAIR,No Battery Installed,,
4119266,PS5DUALSENSEWIRELESSCTRLBLACPR2VI,Sony,PS5 DUALSENSE WIRELESS CTRL BLACK REPLEN,1000039936,711719574309,17905836,Unknown,PARTS & REPAIR,"No Battery Installed, Untested - AS-IS - For Parts",,
4122061,IPH1164GBBLACCD0002,Apple,iPhone 11,A2111,Unlocked,64GB,Black,CD Grade,"",,
4122066,IPH1164GBBLACCD,Apple,iPhone 11,A2111,Unlocked,64GB,Black,CD Grade,"Heavy Scratching on Screen, Service Battery Warning, Cracked Back Glass, LCD Blemish Light",,
4122068,IPHONE11A211164PURPCD,Apple,iPhone 11,A2111,Unlocked,64GB,Purple,CD Grade,"Heavy Scratching on Screen, Service Battery Warning, Cracked Back Glass, LCD Blemish Light",,
4153978,SRFCPRO713208GBI5256GBGREYB,Microsoft,"Surface Pro 7 (13-inch, 2020)","(8GB RAM, i5 1065G7)",Wi-Fi,256GB,Grey,B Grade,"",,
4153979,SURFACEPRO7512BLACB,Microsoft,"Surface Pro 7 (13-inch, 2020)","(16GB RAM, i7 1065G7)",Wi-Fi,512GB,Black,B Grade,"",,
4153980,SRFCPRO612188GBI7256GBSILVBM,Microsoft,"Surface Pro 6 (12-inch, 2018)","(8GB RAM, i7 8650U)",Wi-Fi,256GB,Silver,BM Grade,"",,
4153981,SURFACEPRO6256SILVBM,Microsoft,"Surface Pro 6 (12-inch, 2018)","(16GB RAM, i5 8350U)",Wi-Fi,256GB,Silver,BM Grade,"",,
4153984,IPHXR64GBBLACC0002,Apple,iPhone XR,A1984,Unlocked,64GB,Black,C Grade,Cracked Back Glass,,
4153985,IPHXR64GBBLACC,Apple,iPhone XR,A1984,Unlocked,64GB,Black,C Grade,"Service Battery Warning, Cracked Back Glass",,
4153986,IPH16PROMAX256GBBLTIN,Apple,iPhone 16 Pro Max,A3295,Unlocked,256GB,Black Titanium,NEW,"",,
4154222,IPHONE12LCDBLA2402PURPCD,Apple,iPhone 12,A2402,Unlocked,128GB,Purple,C Grade,LCD Blemish Light,,
4155620,IPHONE12LCDBLA2402PURCD,Apple,iPhone 12,A2402,Unlocked,128GB,Purple,CD Grade,LCD Blemish Light,,
4155621,IPHONEXRSWBCBGA198464BLACCD,Apple,iPhone XR,A1984,Unlocked,64GB,Black,CD Grade,"Service Battery Warning, Cracked Back Glass",,
4171852,PLAYSTATION5DISCSLIM1TBWHITBM,Sony,PlayStation 5 Disc Slim,CFI-2015,Wi-Fi,1TB,White,BM Grade,"",,
4174973,SAMA03S32GBBLACA,Samsung,Galaxy A03s,SM-A037W,Wi-Fi,32GB,Black,A Grade,"",,
4174974,GALAXYA03SSM-A037W32BLACN,Samsung,Galaxy A03s,SM-A037W,Wi-Fi,32GB,Black,NEW,"",,
4174994,PIXEL8G9BQD128HAZEN,Google,Pixel 8,G9BQD,Unlocked,128GB,Hazel,NEW,"",,
4179922,IPHONE7A1778128ROSEC,Apple,iPhone 7,A1778,Unlocked,128GB,Rose Gold,C Grade,"",,
4214028,SPENSILVB,Samsung,S Pen,Galaxy Tab S7,N/A,N/A,Silver,B Grade,"",,
4214051,SPENGALAXYTABS7SILVB,Samsung,S Pen,Galaxy Tab S7,Bluetooth,N/A,Silver,B Grade,"",,
4214095,SAMTABS7BOOBLACA,Samsung,Galaxy Tab S7 Book Cover,EF-BT630PBEGCA,N/A,N/A,Black,A Grade,"",,
4214096,GALAXYTABS7BOOKCOVERBLACBM,Samsung,Galaxy Tab S7 Book Cover,EF-BT630PBEGCA,N/A,N/A,Black,BM Grade,"",,
4228601,FITBITCHARGE6TRACKERCORALGOLDBM,FITBIT,"Fitbit GA05184-NA Charge 6 Fitness Tracker with GPS, Heart Rate & Sleep - Coral/ Gold",GA05184-NA/G3MP5/GOLD/CA,840353901148,17257417,Unknown,BM Grade,"",,
4229837,GALAXYWATCH647MMBLACBM,Samsung,SAMSUNG GW6 CLASSIC 47MM BT BLACK,SM-R960NZKAXAC,887276774046,17166716,Unknown,BM Grade,"",,
4249600,BUDSFE(SM-R400NZAAXAC)BLACC,Samsung,SAMSUNG BUDS FE BLACK,SM-R400NZAAXAC,887276791913,17301940,Unknown,C Grade,"",,
4261450,ASTROA40TRHEADSETBLACCD,TL,ASTRO A40 TR HS XB,6339620,97855149480,13490096,Unknown,CD Grade,"",,
4266361,GALAXYTABA864GBGREYPR-2PG,Samsung,SAMSUNG GALAXY TAB A8 64GB GRAY,GALAXY TAB A8,887276606880,15917163,Unknown,PARTS & REPAIR,"Google FRP Lock, Broken LCD",,
4273892,SONYWHCH520BTONEHPMICWHITCD,TL,SONY WHCH520 BT ONE BT HP W/MIC WHITE,WHCH520/W,27242925465,16703137,Unknown,CD Grade,"",,
4278684,BEATSTUDIO3OVESKYLINEBLACCD,Apple,BEATS STUDIO 3 BT OVE SKYLINE COL MN BLK,MXJA2LL/A,190199462809,13188016,Unknown,CD Grade,"",,
4304165,BRAUSHAV9330144504UNKNCD,TL,Braun Shaver 9330s Solo,81666404,69055883075,14450480,Unknown,CD Grade,"",,
4305012,WATCHSERIES644MMGPSBLUEB,Apple,Watch Series 6,44MM GPS,GPS,N/A,Blue,B Grade,"",,
4305144,IPADPRO12.9IA2378128SPACA,Apple,iPad Pro 12.9 inch 5th Gen,A2378,Wi-Fi,128GB,Space Grey,A Grade,"",,
4305148,IPH13PROMAX512GBSRBLC,Apple,iPhone 13 Pro Max,A2484,Unlocked,512GB,Sierra Blue,C Grade,"Service Battery Warning, Broken Camera",,
4305149,IPH13PROMAX512GBSRBLA,Apple,iPhone 13 Pro Max,A2484,Unlocked,512GB,Sierra Blue,A Grade,"Service Battery Warning, Broken Camera",,
4305150,IPHONE13PROMA2484512BLUEA,Apple,iPhone 13 Pro Max,A2484,Unlocked,512GB,Sierra Blue,A Grade,"",,
4305152,WATCHSERIES644MGPSLTESPACA,Apple,Watch Series 6,44MM GPS,GPS + LTE,N/A,Space Grey,A Grade,"",,
4306805,IPADPRO129IN128GBSPACCD,Apple,iPad Pro 12.9 inch 5th Gen,A2378,Wi-Fi,128GB,Space Grey,CD Grade,"",,
4306806,IPADPRO12.95THGENA2378128GBSPACCD,Apple,iPad Pro 12.9 inch 5th Gen,A2378,Wi-Fi,128GB,Space Grey,CD Grade,"LCD Blemish Heavy, Cracked Front Glass",,
4306811,PS51TBWHITPR0002,Sony,PlayStation 5 Disc,CFI-1015A,Wi-Fi,1TB,White,PARTS & REPAIR,"",,
4306812,PS51TBWHITPR,Sony,PlayStation 5 Disc,CFI-1015A,Wi-Fi,1TB,White,PARTS & REPAIR,No Power,,
4306814,PLAYSTATION5DISC1TBWHITPR,Sony,PlayStation 5 Disc,CFI-1015A,Wi-Fi,1TB,White,PARTS & REPAIR,"Parts May Be Missing - Attempted Repair Possible - Strictly for Parts, No Power",,
4306817,PIXELWATCH245MMBLACCD,Google,Pixel Watch 2,45MM,Unlocked,N/A,Black,CD Grade,"",,
4402494,IPH15PLUS128GBBLACB,Apple,iPhone 15 Plus,A3093,Unlocked,128GB,Black,B Grade,"",,
4403012,PENC2WHITB,Apple,Pencil 2,MU8F2AM/A,N/A,N/A,White,B Grade,"",,
4403013,PENCIL2MU8F2AMWHITA,Apple,Pencil 2,MU8F2AM/A,N/A,N/A,White,A Grade,"",,
4403172,JBLVIBEFLEXEARBUDSWHITC,TL,JBL VIBE FLEX TRUE WIRELESS HP WHITE,JBLVFLEXWHTAM,50036391344,17039524,Unknown,C Grade,"",,
4403183,WH-1000XM5OVENCBTHEADPHONESILVC,Sony _,Sony WH-1000XM5 Over-Ear Noise Cancelling Bluetooth Headphones - Silver,WH1000XM5/S/CA,027242923249,16162186,Unknown,C Grade,"",,
4403208,QUIETCOMFORTULTRAEARBUDSBLACC,BOSE,Bose 882826-0010 QuietComfort Ultra In-Ear Noise Cancelling True Wireless Earbuds - Black,882826-0010/CA,017817847681,17212845,Unknown,C Grade,"",,
4403220,CLOUDALPHAOVEHEADSETBLACB,TL,HYPERX CLOUD ALPHA OVE HEADSET BLACK,4P5L1AA#ABL,196188048030,14522915,Unknown,B Grade,"",,
4403300,PS5176684UNKNBM,Sony,PS5 DUALSENSE WIRELESS CTRL WHITE REPLEN,1000039935,711719574293,17668451,Unknown,BM Grade,"",,
4403628,LATI74801416GBI5256GBBLACCD,Dell,"Latitude 7480 (14-inch, 2017)","(16GB RAM, i5 6300U)",Wifi,256GB,Black,CD Grade,"",,
4403630,LATITUDE7480256BLACCD,Dell,"Latitude 7480 (14-inch, 2017)","(16GB RAM, i5 6300U)",Wifi,256GB,Black,CD Grade,LCD Lines - See Photos,,
4404831,FITBLUXESOFT154237UNKNB,FITBIT,FITBIT LUXE SOFT GOLD/WHITE,LUXE,810038854502,15423751,Unknown,B Grade,"",,
4409037,AIRPODS3RDGENMAGSAFEWHITB,Apple,AIRPODS 3RD GENERATION W MAGSAFE CASE,MME73AM/A,194252818381,15776780,Unknown,B Grade,"",,
4417921,XBOXELITESERIES2COREBLUECD,MICROSOFT XBOX,Microsoft RFZ-00017 Xbox Elite Series 2 Core Wireless Controller for Xbox Series X|S / Xbox One - Blue,RFZ-00017/CA,196388110834,16691894,Unknown,CD Grade,"",,
4491820,RAZEBLACV2155668UNKNCD,Razer,RAZER BLACKSHARK V2 PRO WL GAMING HS BLK,RZ04-03220100-R3U1,811659037527,15566864,Unknown,CD Grade,Untested - AS-IS - For Parts,,
4491921,XBOXWHITPR,Microsoft,Xbox Wireless Controller,4th Generation,Wi-Fi,N/A,White,PARTS & REPAIR,Key Not Working,,
4492020,XBOXWHITBM0002,Microsoft,Xbox Wireless Controller,4th Generation,Wi-Fi,N/A,White,BM Grade,Key Not Working,,
4492039,XBOXWHITBM,Microsoft,Xbox Wireless Controller,4th Generation,Wi-Fi,N/A,White,BM Grade,"",,
4492059,JBLTUNET130NCTWSBLACC,JBL,JBL TUNE 130NC TWS HEADPHONES BLACK,JBLT130NCTWSBAM,050036383967,15956942,Unknown,C Grade,"",,
4494887,TUFGAMINGX670EPLUSWIFIMBC,ASUS,ASUS TUF GAMING X670E-PLUS WIFI MB,TUF X670E-PLUS WIFI,195553905732,16486608,Unknown,C Grade,"",,
4494889,INSTAXMINI12PURPPR,FUJIFILM,Fujifilm Instax Mini 12 Blue Bundle,INSTAX MINI 12,074101949742,17113957,Unknown,PARTS & REPAIR,Untested - AS-IS - For Parts,,
4495117,IPHONE11PROREPLCDA216064SPACC,Apple,iPhone 11 Pro,A2160,Unlocked,64GB,Space Grey,C Grade,Important Display Message - Screen Replaced LCD,,
4495119,IPHONE6A154916GBSPACCD,Apple,iPhone 6,A1549,Unlocked,16GB,Space Grey,CD Grade,"",,
4495122,IPADAIR2NDGE16GBSPACA,Apple,iPad Air 2nd Gen,A1566,Wi-Fi,16GB,Space Grey,A Grade,"",,
4495123,IPADAIR2NDGENA156616GBSPACBM,Apple,iPad Air 2nd Gen,A1566,Wi-Fi,16GB,Space Grey,BM Grade,"",,
4495130,MACBOOKPRO20191TBSILVA,Apple,"MacBook Pro (16-inch, 2019)","A2141 (16GB RAM, 2.3GHz i9)",Wi-Fi,1TB,Silver,A Grade,"",,
4495357,SONYWF-C500TWHEADPHONESBLACCD,Sony _,Sony WF-C500 In-Ear Sound Isolating Truly Wireless Headphones - Black,WFC500/B/CA,027242922686,15744828,Unknown,CD Grade,"",,
4495648,IPAD5THGEN32GBSILVA,Apple,iPad 5th Gen,A1822,Wi-Fi,32GB,Silver,A Grade,"",,
4495649,IPAD5THA1822CELLULAR32GBSILVA,Apple,iPad 5th Gen,A1822,Wi-Fi + Cellular,32GB,Silver,A Grade,"",,
4495652,ASUSTUFGAMI164866UNKNA,ASUS,ASUS TUF GAMING X670E-PLUS WIFI MB,TUF X670E-PLUS WIFI,195553905732,16486608,Unknown,A Grade,"",,
4495655,GEFORCERTX2070SUPERMINI8GB256BITCA,ZOTAC,GeForce RTX 2070 Super Mini 8GB,GDDR6 ZT-T20700E-10P,HDMI,256 Bit Memory,Black,A Grade,"",,
4497612,LOGITECHMXKEYSBACKLITKBB,LOGITECH,Logitech MX Keys Wireless Backlit Keyboard,920-009295/CA,97855152732,13891231,Unknown,B Grade,"",,
4498446,SONYWH1000XM5BHEADPHONEBLACCD 331,Sony,Sony WH-1000XM5 Over-Ear Noise Cancelling Bluetooth Headphones - Black,WH1000XM5/B/CA,027242923232,16162187,Unknown-331,CD Grade,"",,
4498449,SONYWH1000XM5BHEADPHONEBLACCD-2PA,Sony,Sony WH-1000XM5 Over-Ear Noise Cancelling Bluetooth Headphones - Black,WH1000XM5/B/CA,027242923232,16162187,Unknown-2PA,CD Grade,"",,
4498453,SONYWH1000XM5BHEADPHONEBLACCD-32Q,Sony,Sony WH-1000XM5 Over-Ear Noise Cancelling Bluetooth Headphones - Black,WH1000XM5/B/CA,027242923232,16162187,Unknown-32Q,CD Grade,"",,
4498454,SONYWH1000XM5BHEADPHONEBLACCD-32T,Sony,Sony WH-1000XM5 Over-Ear Noise Cancelling Bluetooth Headphones - Black,WH1000XM5/B/CA,027242923232,16162187,Unknown-32T,CD Grade,"",,
4499068,BEATSFLEXNP3AUINEARHEADPHONESBLAAV,Beats by Dr. Dre,Beats By Dr. Dre MYMC2LL/A Flex In-Ear Bluetooth Headphones - Beats Black,MYMC2LL/A/CA,190199801561,15062821,Unknown,PARTS & REPAIR,"No Power, Untested - AS-IS - For Parts",,
4499241,SKULLCANDYS5PRWP740RIFF2BTHPBLACCD,SkullCandy,Skullcandy S5PRW-P740 Riff 2 Wireless On-Ear Sound Isolating Bluetooth Headphones - True Black,S5PRW-P740/CA,810045686677,16006903,Unknown,CD Grade,"",,
4499365,TBSTEA700169238UNKNPR,TL,TB STEALTH 700 GEN2 MAX H BLK,TBS-3790-02,810052980010,16923815,Unknown,PARTS & REPAIR,Untested - AS-IS - For Parts,,
4499464,STEALTH700GEN2MAXGHEADSETBLACC,TL,TB STEALTH 700 GEN2 MAX H BLK,TBS-3790-02,810052980010,16923815,Unknown,C Grade,"",,
4499478,JBLCHAR5154462UNKNPR,JBL,JBL CHARGE 5 PORTABLE BT SPEAKER - BLACK,JBLCHARGE5BLKAM,050036380218,15446249,Unknown,PARTS & REPAIR,"No Power, Untested - AS-IS - For Parts",,
4500278,FITBCHAR5156664UNKNPR,FITBIT,FITBIT CHARGE 5 BLACK GRAPHITE FRCJK,FB421,810038855899,15666446,Unknown,PARTS & REPAIR,"",,
4500318,FITBCHAR5156664UNKNCD0002,FITBIT,FITBIT CHARGE 5 BLACK GRAPHITE FRCJK,FB421,810038855899,15666446,Unknown,CD Grade,"",,
4500326,FITBCHAR5156664UNKNCD,FITBIT,FITBIT CHARGE 5 BLACK GRAPHITE FRCJK,FB421,810038855899,15666446,Unknown,CD Grade,Bad Battery,,
4500346,FITBITCHARGE5GRAPPR,FITBIT,FITBIT CHARGE 5 BLACK GRAPHITE FRCJK,FB421,810038855899,15666446,Unknown,PARTS & REPAIR,Bad Battery,,
4500723,QUIETCOMFORT45OVEHEADPHONESBL00002,BOSE,Bose 866724-0100 QuietComfort 45 Wireless Noise Cancelling Over-the-Ear Headphones - Triple Black,866724-0100/CA,017817835015,15690720,Unknown= 33J,PARTS & REPAIR,"",,
4501530,MACBOOKAIR256MIDNBM,Apple,"MacBook Air (13-inch, 2022)","A2681 (8GB RAM, M2 8 Core)",Wi-Fi,256GB,Midnight,BM Grade,"",,
4504378,FITBINSP2148824UNKNCD,FITBIT,Fitbit Inspire 2 Fitness Tracker with 24/7 Heart Rate - Black,INSPIRE 2/BLK/CA,810038852805,14882488,Unknown,CD Grade,"",,
4504714,JABRAELITE5INEARBLACC,Jabra,Jabra Elite 5 In-Ear Noise Cancelling True Wireless Earbuds - Titanium Black,ELITE 5/BLK/CA,615822016445,16448307,Unknown,C Grade,"",,
4504742,QUIETCOMFORTULTRAEARBUDSMBLUECD,TL,BOSE QUIETCOMFORT ULTRA EARBUDS MOON BLU,882826-0050,17817851329,17701536,Unknown,CD Grade,"",,
4504819,IPH14PROMAX256GBDPPUC,Apple,iPhone 14 Pro Max,A2894,Unlocked,256GB,Deep Purple,C Grade,"",,
4504820,IPHONE14PROMA2894256PURPC-3KE,Apple,iPhone 14 Pro Max,A2894,Unlocked,256GB,Deep Purple,C Grade,"ESIM ONLY (2 SLOTS) - NO PHYSICAL SIM, Important Display Message - Screen Replaced OLED, Battery Replaced - 100% Health with Warning",,
4505626,ZFLIP6256GBSILVC,Samsung,Z Flip 6,-,Wi-Fi,256GB,Silver,C Grade,"",,
4505627,ZFLIP6256GBSILVB,Samsung,Z Flip 6,-,Wi-Fi,256GB,Silver,B Grade,"",,
4505631,SALVLOTIPHONEASD,Apple,Salvage Lot,13 Units,Wi-Fi,iPhone 6-12 Pro Max + Apple Pencil + Mouse,As-Is - Completely Untested - For Parts,D Grade,"",,
4505660,APPLESALVAGELOTMIXEDD3KL,Apple,Salvage Lot,As Photographed,Wi-Fi,"Mix iPhone, iPad, iPod Touch",As-Is - Completely Untested - For Parts,D Grade,"",,
4506953,PAVIX360TOUC8GBI5512GBSILVBM,HP,"Pavilion x360 Touch (14-inch, 2023))","(8GB RAM, i5-1335U)",Wi-Fi,512GB,Silver,BM Grade,"",,
4507035,PAVILIONX360TOUCH142017256SILVBM,HP,"Pavilion x360 Touch (14-inch, 2017))","(8GB RAM, i5-7200U)",Wi-Fi,256GB,Silver,BM Grade,"",,
4507120,IPADPRO11INCH2NDGENA2228256SPACB,Apple,iPad Pro 11 inch 2nd Gen,A2228,Wi-Fi,256GB,Space Grey,B Grade,"",,
4507944,DYSONAIRWRAPSTYLERCURLINGIRONPR,Dyson,Dyson 400717-01 Airwrap Styler Complete Long Curling Iron - Nickel/ Copper,400717-01/CA,885609026909,16448311,Unknown,PARTS & REPAIR,"",,
4508351,AIRPODSPRO157767UNKNCD,Apple,AIRPODS PRO WITH MAGSAFE CASE,MLWK3AM/A,194252721247,15776779,Unknown,CD Grade,Not Pairing,,
4508368,AIRPODSPRO2164866UNKNPR0003,Apple,AIRPODS PRO (2nd Gen) WITH MAGSAFE CASE,MQD83AM/A,194253397168,16486693,Unknown,PARTS & REPAIR,Not Pairing,,
4509776,SONYWF-C500INEARBUDSBLACA,Sony _,Sony WF-C500 In-Ear Sound Isolating Truly Wireless Headphones - Black,WFC500/B/CA,027242922686,15744828,Unknown,A Grade,"",,
4510168,AIRPODS2ND134895UNKNC,Apple,Airpods (2nd Gen),MV7N2AM/A,194253397168,13489539,Unknown,C Grade,"",,
4510196,AIRPODSPRO2164866UNKNCD0002,Apple,AIRPODS PRO (2nd Gen) WITH MAGSAFE CASE,MQD83AM/A,195949052484,16486693,Unknown,CD Grade,"",,
4510278,PAVILIONX360TOUCH142017256SILVCD,HP,"Pavilion x360 Touch (14-inch, 2017))","(8GB RAM, i5-7200U)",Wi-Fi,256GB,Silver,CD Grade,"",,
4510434,FITBSENSCARB148824UNKNC,FITBIT,FITBIT SENSE CARBON/GRAPHITE,SENSE,811138036997,14882490,Unknown,C Grade,"",,
4510450,PS5DUALSENSEWIRELESSCTRLNOVAPA,Sony PlayStation,Sony 3006413 PlayStation 5 DualSense Wireless Controller - Nova Pink,3006413/CA,711719546788,15905710,Unknown,A Grade,"",,
4514195,JABRAELITE4INEARLBEIGECD,Jabra,Jabra 100-99183002-99 Elite 4 In-Ear Noise Cancelling Truly Wireless Headphones - Light Beige,100-99183002-99/CA,615822017978,16927770,Unknown,CD Grade,"",,
4516062,SOUNDCORESPORTX20TWANCBLKCD,TL,SOUNDCORE SPORT X20 TW ANC BLK,A3968Z11-5,194644198268,17929524,Unknown,CD Grade,"",,
4516153,IPH14PROMAX256GBDPPUCD,Apple,iPhone 14 Pro Max,A2894,Unlocked,256GB,Deep Purple,CD Grade,"ESIM ONLY (2 SLOTS) - NO PHYSICAL SIM, Important Display Message - Screen Replaced OLED, Battery Replaced - 100% Health with Warning",,
4517470,APPLEARPWITH105888UNKNCD,Apple,APPLE EARPODS WITH LIGHTNING CONNECTOR,EARPODS/CA,190198001696,10588892,Unknown,CD Grade,"",,
4517627,SKULLCANDYJIB2TWHPBLACBM,SkullCandy,Skullcandy S1JTW-P740 Jib 2 In-Ear Sound Isolating Truly Wireless Headphones - True Black,S1JTW-P740/CA,810045686592,16006900,Unknown,BM Grade,"",,
4517629,IPHONESE3RDGA259564BLACBM,Apple,iPhone SE 3rd Gen,A2595,Unlocked,64GB,Black,BM Grade,"",,
4518063,IPHONESE2128BLACBM,Apple,iPhone SE 2nd Gen,A2275,Unlocked,128GB,Black,BM Grade,"",,
4518091,IPH864GBSPACCD,Apple,iPhone 8,A1905,Unlocked,64GB,Space Grey,CD Grade,"",,
4518092,IPHONE8A190564GSPACCD,Apple,iPhone 8,A1905,Unlocked,64GB,Space Grey,CD Grade,Cracked Back Glass,,
4518093,IPHONE8A1905256GGOLDA,Apple,iPhone 8,A1863,Unlocked,256GB,Gold,A Grade,"",,
4518094,IPH8256GBGOLDBM,Apple,iPhone 8,A1863,Unlocked,256GB,Gold,BM Grade,"",,
4518095,IPHONE8A1863256GSPACBM,Apple,iPhone 8,A1863,Unlocked,256GB,Space Grey,BM Grade,"",,
4518096,IPHONE8A186364GSPACBM,Apple,iPhone 8,A1863,Unlocked,64GB,Space Grey,BM Grade,"",,
4523967,ZFLIP6GBSILVPR,Samsung,Z Flip 6,-,Wi-Fi,256GB,Silver,PARTS & REPAIR,"",,
4524354,IPADPROINCHM4A2837256SPACBLACA,Apple,iPad Pro 11 inch M4,A2837,Wi-Fi & Cellular,256GB,Space Black,A Grade,"",,
4524355,WATCHULTRA249MMGPSCELLULARTITAB9,Apple,Watch Ultra 2,49MM GPS,GPS + Cellular,N/A,Titanium,B Grade,"",,
4528613,PS5DUALSENSEWIRELESSCTRLBLACBM,Sony,PS5 DUALSENSE WIRELESS CTRL BLACK REPLEN,1000039936,711719574309,17905836,Unknown,BM Grade,"",,
4528722,PS5154802UNKNPR,Sony,PS5 DUALSENSE WIRELESS CTRL COSMIC RED,3006411,711719546788,15480211,Unknown,PARTS & REPAIR,"",,
4528937,STUDIOSXBOXXWIRELESSCTRLCARBONV2PR,MICROSOFT XBOX,Microsoft QAT-00007 Xbox Wireless Controller - Carbon Black,QAT-00007/CA,889842654776,16609480,Unknown,PARTS & REPAIR,"",,
4529113,XBOXQAU-00090WRCTRLVELOGREECD30E,Microsoft,XBOX X WIRELESS CTRL VELOCITY GREEN,QAU-00090,889842896473,16961493,Unknown,CD Grade,"",,
4530785,PS5159057UNKNPR,Sony,PS5 DUALSENSE WIRELESS CTRL NOVA PINK,3006413,711719574316,15905710,Unknown,PARTS & REPAIR,"",,
4531789,PS5DUALSENSEWLCTRMIDNBLACBM,Sony,PS5 DUALSENSE WIRELESS CTRL MIDN BLACK,3006410,711719546757,15480210,Unknown,BM Grade,"",,
4532786,PS5DUALSENSEWLCTRLRGPURPB,Sony PlayStation,Sony (1000039939) PlayStation 5 DualSense Wireless Controller - Galactic Purple,1000039939/CA,711719574330,17977846,Unknown,B Grade,"",,
4532856,DUALSENSEWRCTRLRSTERSILVBM,Sony PlayStation,Sony 1000039941 PlayStation 5 DualSense Wireless Controller - Sterling Silver,1000039941/CA,711719572701,17341067,Unknown,BM Grade,"",,
4533386,PS4DUALSHOCK4CTRLMIDNBLUEB,Sony,Sony 3002841 PlayStation 4 DUALSHOCK 4 Wireless Controller - Midnight Blue,3002841/CA,711719516989,12335815,Unknown,B Grade,"",,
4533442,XBOXQAU00090WIRELESSCTRLVELOGREE00,MICROSOFT XBOX,Microsoft QAU-00090 Xbox Wireless Controller - Velocity Green,QAU-00090/CA,889842896473,16961493,Unknown,A Grade,"",,
4534079,MBP142416GBM4512GBSPBLO,Apple,"MacBook Pro (14-inch, 2024)","A3112 (16GB RAM, M4 10C 10C GPU)",Wi-Fi,512GB,Space Black,OPEN BOX,"",,
4534084,IPADPRO11INC64GBSPACB,Apple,iPad Pro 11 inch 1st Gen,A2228,Wi-Fi,64GB,Space Grey,B Grade,"",,
4534085,IPADPRO11INCH1STGENA222864GBSPACB,Apple,iPad Pro 11 inch 1st Gen,A2228,Wi-Fi + Cellular,64GB,Space Grey,B Grade,"",,
4535183,IDEAFLEX516GBRYZEN512GBBLACB,Lenovo,"IdeaPad Flex 5-14ARE05 (14-inch, 2020)","(16GB RAM, Ryzen 7 4700U)",Wi-Fi,512GB,Black,B Grade,"",,
4535184,IDEAPADFLEX5TOUCH2020512BLACA,Lenovo,"IdeaPad Flex 5-14ARE05 (14-inch, 2020)","(16GB RAM, Ryzen 7 4700U)",Wi-Fi,512GB,Black,A Grade,"",,
4535498,XBOXQAU-00011WRCTRLPULSEREDB,MICROSOFT STUDIOS,XBOX WIRELESS CTLR PULSE RED,QAU-00011,889842707106,15260924,Unknown,B Grade,"",,
4536336,TUFGAMIF1516GBI5512GBBLACB,ASUS,"TUF Gaming F15 (15.6-inch, 2020)","(16GB RAM, i5 11400H)",Wi-Fi,512GB,Black,B Grade,"",,
4536337,TUFGAMIF1516GBI5512GBBLACBM0002,ASUS,"TUF Gaming F15 (15.6-inch, 2020)","(16GB RAM, i5 11400H)",Wi-Fi,512GB,Black,BM Grade,"",,
4537004,TUFGAMIF1516GBI5512GBBLACBM,ASUS,"TUF Gaming F15 (15.6-inch, 2023)","(16GB RAM, i5 11400H)",Wi-Fi,512GB,Black,BM Grade,"",,
4537189,SAMS23ULTRA256GBBLACA,Samsung,Galaxy S23 Ultra,SM-S918B/DS,Wi-Fi,256GB,Black,A Grade,"",,
4537191,GALAXYS23SM-S918B/DS256BLACB,Samsung,Galaxy S23 Ultra,SM-S918B/DS,Wi-Fi,256GB,Black,B Grade,"",,
4537540,TUFGAMIF1516GBI5512GBBLACC,ASUS,"TUF Gaming F15 (15.6-inch, 2023)","(16GB RAM, i5 11400H)",Wi-Fi,512GB,Black,C Grade,"",,
4537706,TUFGAMINGF152021512BLACC,ASUS,"TUF Gaming F15 (15.6-inch, 2021)","(16GB RAM, i5 11400H)",Wi-Fi,512GB,Black,C Grade,"",,
4540462,TUFGAMIF1516GBI5512GBBLACCD,ASUS,"TUF Gaming F15 (15.6-inch, 2021)","(16GB RAM, i5 11400H)",Wi-Fi,512GB,Black,CD Grade,"",,
4540463,TUFGAMINGF152021512BLACCD,ASUS,"TUF Gaming F15 (15.6-inch, 2021)","(16GB RAM, i5 11400H)",Wi-Fi,512GB,Black,CD Grade,LCD Blemish Light,,
4541519,PS5176684UNKNC,Sony PlayStation,Sony 1000039935 PlayStation 5 DualSense Wireless Controller - White,1000039935/CA,711719574293,17668451,Unknown,C Grade,"",,
4541738,MBP13208GBM1256GBSPACA0002,Apple,"MacBook Pro (13-inch, 2020)","A2338 (8GB RAM, M1)",Wi-Fi,256GB,Space Grey,A Grade,LCD Lines - See Photos,,
4541739,MBP13208GBM1256GBSPACA,Apple,"MacBook Pro (13-inch, 2020)","A2338 (8GB RAM, M1)",Wi-Fi,256GB,Space Grey,A Grade,"",,
4542640,MACBOOKPRO256SPACPR14B,Apple,"MacBook Pro (13-inch, 2017)","A1706 (8GB RAM, 3.1GHz i5)",Wi-Fi,256GB,Space Grey,PARTS & REPAIR,"",,
4543217,IPADAIR7THGEA3269128SPACA,Apple,iPad Air 7th Gen M3,A3269,Wi-Fi + Cellular,128GB,Space Grey,A Grade,"",,
4543218,IPADAIR7THGEA3269128GSPACA,Apple,iPad Air 7th Gen M3,A3269,Wi-Fi + Cellular,128GB,Space Grey,NEW,"",,
4544028,PS5148928UNKNC,Turtle Beach,Turtle Beach TBS-3780-02 Stealth 700P Gen 2 Wireless Gaming Headset with Microphone for PS5/ PS4 - Black,TBS-3780-02/CA,731855037803,14892812,Unknown,C Grade,"",,
4544995,KRAKENRZ0403750100R3U1V3XGHEADSECD,Razer,Razer Kraken V3 X Gaming Headset (RZ04-03750100-R3U1) - Black,RZ04-03750100-R3U1,810056141530,15341355,Unknown,CD Grade,"",,
4545136,OEMHEATFULLGREYB,Tool,OEM Heated Fully Automatic Screen Separator,HDO D5X,N/A,N/A,Grey,B Grade,"",,
4545957,SURFACELAPTOPGO2020128SILVB,Microsoft,"Surface Laptop Go (12.4 inch, 2020)","(8GB RAM, i5 1035G1)",Wifi,128GB,Silver,B Grade,"",,
4545964,SRFCGO10INCH188GB161128GBSILVB,Microsoft,"Surface Go (10-inch, 2018)","(8GB RAM, 1.61 GHz Intel Pentium 4415Y)",Wi-Fi,128GB,Silver,B Grade,"",,
4545965,SRFCGO10INCH188GB161128GBSILVC,Microsoft,"Surface Go (10-inch, 2018)","(8GB RAM, 1.61 GHz Intel Pentium 4415Y)",Wi-Fi,128GB,Silver,C Grade,"",,
4546310,SURFACEGO2018128GB161GHzPen415Y1CD,Microsoft,"Surface Go (10-inch, 2018)","(8GB RAM, 1.61 GHz Intel Pentium 4415Y)",Wi-Fi,128GB,Silver,CD Grade,"",,
4550324,SAMS24ULTRA256GBBLACB0002,Samsung,Galaxy S24 Ultra,SM-S928WZKFXAC,Wi-Fi,256GB,Black,B Grade,"",,
4550325,SAMS24ULTRA256GBBLACB,Samsung,Galaxy S24 Ultra,SM-S928U,Wi-Fi,256GB,Black,B Grade,"",,
4550326,GALAXYS24ULTRASM-S928U256BLACBM,Samsung,Galaxy S24 Ultra,SM-S928U,Wi-Fi,256GB,Black,BM Grade,"",,
4551479,PS5DUALSENSEWLCTRLRGPURPBM2UB,Sony,PlayStation 5 DualSense Wireless Controller - Galactic Purple,1000039939/CA,711719574330,17977846,Unknown,BM Grade,"",,
4552112,SRFCLAPT3131916GBI7256GBBLACB,Microsoft,"Surface Laptop 3 (13 inch, 2019)","(16GB RAM, i7 1065G7)",Wifi,256GB,Black,B Grade,"",,
4552113,SRFCLAPT3131916GBI7256GBBLAC0002,Microsoft,"Surface Laptop 3 (13 inch, 2019)","(16GB RAM, i7 1065G7)",Wifi,256GB,Black,CD Grade,"",,
4552115,SRFCLAPT3131916GBI7256GBBLACCD,Microsoft,"Surface Laptop 3 (13 inch, 2019)","(16GB RAM, i7 1065G7)",Wifi,256GB,Black,CD Grade,LCD Blemish Light,,
4552141,MBA13188GBI516128GBSILVPR,Apple,"MacBook Air (13-inch, 2018)","A1932 (8GB RAM, 1.6GHz i5)",Wi-Fi,128GB,Silver,PARTS & REPAIR,iCloud Locked,,
4552148,MBA13188GBI516256GBSPACPR0004,Apple,"MacBook Air (13-inch, 2018)","A1932 (8GB RAM, 1.6GHz i5)",Wi-Fi,256GB,Space Grey,PARTS & REPAIR,iCloud Locked,,
4552152,MBA13188GBI516256GBSPACPR0003,Apple,"MacBook Air (13-inch, 2018)","A1932 (8GB RAM, 1.6GHz i5)",Wi-Fi,256GB,Space Grey,PARTS & REPAIR,"No Operating System - AS-IS, iCloud Locked",,
4552153,MBA13188GBI516256GBSPACPR0002,Apple,"MacBook Air (13-inch, 2018)","A1932 (8GB RAM, 1.6GHz i5)",Wi-Fi,256GB,Space Grey,PARTS & REPAIR,"No Operating System - AS-IS, iCloud Locked, NO LCD",,
4552304,MBA13188GBI516256GBSPACPR,Apple,"MacBook Air (13-inch, 2018)","A1932 (8GB RAM, 1.6GHz i5)",Wi-Fi,256GB,Space Grey,PARTS & REPAIR,"Parts May Be Missing - Attempted Repair Possible - Strictly for Parts, iCloud Locked, NO LCD",,
4552342,MACBOOKAIR256SPACPR,Apple,"MacBook Air (13-inch, 2018)","A1932 (8GB RAM, 1.6GHz i5)",Wi-Fi,256GB,Space Grey,PARTS & REPAIR,"Untested - AS-IS - For Parts, iCloud Locked, NO LCD",,
4552409,SURFACELAPTOP3201913256BLACC,Microsoft,"Surface Laptop 3 (13 inch, 2019)","(16GB RAM, i7 1065G7)",Wifi,256GB,Black,C Grade,"",,
4552437,MACBOOKAIR256SPACCC,Apple,"MacBook Air (13-inch, 2019)","A1932 (8GB RAM, 1.6GHz i5)",Wi-Fi,256GB,Space Grey,C Grade,"",,
4588276,SURFACELAPTOP3201913256BLACCD,Microsoft,"Surface Laptop 3 (13 inch, 2019)","(16GB RAM, i7 1065G7)",Wifi,256GB,Black,CD Grade,Hairline Crack on Glass,,
4610422,GALAXYS25ULTRASM-S938W256TITABLACA,Samsung,Galaxy S25 Ultra,SM-S938W,Wi-Fi,256 GB,Titanium Black,A Grade,"",,
4612633,PAVILIONX360TOUCH142017256SILVC,HP,"Pavilion x360 Touch (14-inch, 2017))","(8GB RAM, i5-7200U)",Wi-Fi,256GB,Silver,C Grade,"",,
4619946,PS5DUALSENSEWLCTRLWHITECD-2VK,Sony,PS5 DUALSENSE WIRELESS CTRL WHITE REPLEN,1000039935,711719574293,17668451,Unknown 2vk,CD Grade,"",,
4622429,XBOXONEELITES23CUBLACCD371,MICROSOFT XBOX,XBOX ONE WIRELESS CTRL ELITE S2,FST-00001,889842196344,13702316,Unknown 	warranty sticker: 088733,CD Grade,"",,
4622443,XBOXONEELITES23CUBLACCD36V,MICROSOFT XBOX,XBOX ONE WIRELESS CTRL ELITE S2,FST-00001,889842196344,13702316,Unknown 36V,CD Grade,"",,
4623860,XBOXQAU-00090WIRELESSCTRLVELOGREEA,MICROSOFT STUDIOS,XBOX X WIRELESS CTRL VELOCITY GREEN,QAU-00090,889842896473,16961493,Unknown,A Grade,"",,
4624002,PS5165717UNKNCD,Sony,PS5 DUALSENSE EDGE WIRELESS CTRL WHITE,1000033305,711719559320,16571772,Unknown,CD Grade,"",,
4624035,PS5DUALSENSEWLCTRLWHITB2UP,Sony PlayStation,Sony 1000039935 PlayStation 5 DualSense Wireless Controller - White,1000039935/CA,711719574293,17668451,Unknown,B Grade,"",,
4624472,GALAXYBUDSLIVEINEARTWHPMBLACCD2RM,Samsung,Samsung Galaxy Buds Live In-Ear Noise Cancelling Truly Wireless Headphones - Mystic Black,SM-R180NZKAXAC,887276420325,14763273,Unknown 2RM,CD Grade,"",,
4624484,JABRAELITE3INEARBLACCD3AE,Jabra,Jabra Elite 3 In-Ear Sound Isolating Truly Wireless Headphones - Grey,ELITE 3/GRY/CA,615822014823,15645783,Unknown 3AE,CD Grade,"",,
4625747,PS5154802UNKNC,Sony,PS5 DUALSENSE WIRELESS CTRL MIDN BLACK,3006410,711719546757,15480210,Unknown,C Grade,"",,
4634387,MBA132416GBM3256GBMIDNN,Apple,"MacBook Air (13-inch, 2024)","A3113 (16GB RAM, M3 8 Core)",Wi-Fi,256GB,Midnight,NEW,"",,
4634388,MACBOOKAIR256MIDA,Apple,"MacBook Air (13-inch, 2025)","A3240 (16GB RAM, M4 8 Core)",Wi-Fi,256GB,Midnight,NEW,"",,
4634509,PS5DUALSENSEWIRELESSCTRLMDNCD2V3,Sony,PS5 DUALSENSE WIRELESS CTRL MIDN BLACK,3006410,711719546757,15480210,Unknown 2v3,CD Grade,"",,
4634517,XBOXWIRELESSCTRLDVAPORCD3CA,MICROSOFT XBOX,Microsoft QAU-00125 Xbox Wireless Controller - Dream Vapor,QAU-00125/CA,196388141456,17661143,Unknown 3CA,CD Grade,"",,
4637881,X1CARB138GBI5256GBBLACC0002,Lenovo,"X1 Carbon (13-inch, 7th Gen)","(8GB RAM, i5 7300U)",Wi-Fi,256GB,Black,C Grade,Broken LCD,,
4637882,X1CARB138GBI5256GBBLACC,Lenovo,"X1 Carbon (13-inch, 7th Gen)","(8GB RAM, i5 7300U)",Wi-Fi,256GB,Black,C Grade,No Charger,,
4637927,SRFCLAPT315198GBI5256GBSILVA,Microsoft,"Surface Laptop 3(15 inch, 2019)","(8GB RAM, i5 1035G7)",Wifi,256GB,Silver,A Grade,"",,
4637945,SURFACELAPTOP52022256BLACA,Microsoft,"Surface Laptop 5 (13 inch Touch, 2022)","(16GB RAM, i5 1265U)",Wifi,256GB,Black,A Grade,"",,
4638756,LATI5420148GBI5256GBSILVBM,Dell,"Latitude 5420 (14-inch, 2021)","(8GB RAM, i5 1145G7)",Wifi,256GB,Silver,BM Grade,"",,
4638903,"XPS73902020(8GB,i5 10210U)256SILVB",Dell,"XPS 7390 (13-inch, 2020)","(8GB RAM, i5 10210U)",Wifi,256GB,Silver,B Grade,"",,
4639034,ROGSTRIG1616GBI71TBBLACB,ASUS,"Rog Strix G16 (16-inch, 2023)","(16GB RAM, i7 13650HX)",Wi-Fi,1TB,Black,B Grade,"",,
4639036,ROGSTRIXG1820231TBBLACB,ASUS,"Rog Strix G18 (18-inch, 2023)","(32GB RAM, i9 13980HX)",Wi-Fi,1TB,Black,B Grade,"",,
4639127,PROB450G816GBI5512GBSILVBM,HP,"ProBook 450 G8 (15-inch, 2021)","450 G8 (16GB RAM, i5 1135G7)",Wi-Fi,512GB,Silver,BM Grade,"",,
4639172,ELITE840G6142018512SILVBM,HP,"Elitebook 840 G6 (14-inch, 2018)","(16GB RAM, i7 8565U)",Wi-Fi,512GB,Silver,BM Grade,"",,
4645201,LATI74901416GBI5256GBBLACB,Dell,"Latitude 7490 (14-inch, 2018)","(16GB RAM, i5 8350U)",Wifi,256GB,Black,B Grade,"",,
4645426,XPS7390138GBI5256GBSILVPR0002,Dell,"XPS 7390 (13-inch, 2020)","(8GB RAM, i5 10210U)",Wifi,256GB,Silver,PARTS & REPAIR,"",,
4645427,XPS7390138GBI5256GBSILVPR,Dell,"XPS 7390 (13-inch, 2020)","(8GB RAM, i5 10210U)",Wifi,256GB,Silver,PARTS & REPAIR,Powers ON - Black Display (No Display Shown),,
4645474,XPS9575152018256SILVPR,Dell,"XPS 9575 (15-inch 2-in-1, 2018)","(16GB RAM, i7 8705G)",Wifi,256GB,Silver,PARTS & REPAIR,Powers ON - Black Display (No Display Shown),,
4649096,X2202NDGEN320BLACC,Lenovo,"X220 (12-inch, 2nd Gen)","(4GB RAM, i5 2540M)",Wi-Fi,320GB,Black,C Grade,No Charger,,
4649863,LATITUDE74902018256BLACC,Dell,"Latitude 7490 (14-inch, 2018)","(16GB RAM, i5 8350U)",Wifi,256GB,Black,C Grade,"",,
4655883,XBOXPOWERAWIREDCTRLREDCD,POWERA,POWERA XBOX WIRED CTRL CTN RED,1519366-01,617885025426,17400971,Unknown,CD Grade,"",,
4655928,PS5DUALSENSEWLCTRLNOVAPINKCD2VA,Sony,PS5 DUALSENSE WIRELESS CTRL NOVA PINK,3006413,711719574316,15905710,Unknown,CD Grade,"",,
4655964,PS5DUALSENSECTRLVOLREDCD3AN,Sony PlayStation,Sony 1000039942 PlayStation 5 DualSense Wireless Controller - Volcanic Red,1000039942/CA,711719572695,17341066,Unknown,CD Grade,"",,
4656208,XBOXQAU-00001WLCTRLSHOCKBLUECD3CJ,MICROSOFT XBOX,Microsoft Xbox QAU-00001 Wireless Controller - Shock Blue,QAU-00001/CA,889842613872,14965239,Unknown,CD Grade,"",,
4656245,PS5DUALSENSEWRCTRLCOSMICREDCD3BG,Sony,PS5 DUALSENSE WIRELESS CTRL COSMIC RED,3006411,711719546788,15480211,Unknown,CD Grade,"",,
4656691,SONYWHCH720N-LBTOVEHPBLUECD,TL,SONY WHCH720N BT OVE ANC HP BLUE,WHCH720N/L,27242925502,16703140,Unknown,CD Grade,"",,
4656692,AIRPODSPRO2164866UNKNPR0002,Apple,AIRPODS PRO (2nd Gen) WITH MAGSAFE CASE,MQD83AM/A,195949052484,16486693,Unknown,PARTS & REPAIR,"",,
4656700,AIRPODSPRO2164866UNKNPR,Apple,AIRPODS PRO (2nd Gen) WITH MAGSAFE CASE,MQD83AM/A,195949052484,16486693,Unknown,PARTS & REPAIR,"Not Pairing, Untested - AS-IS - For Parts",,
4656707,BOSE700NCHEADPHONEBLACPR33M,BOSE,BOSE HEADPHONES 700 NC BT OE HP BLK,BOSE HEADPH 700 BLK,017817796163,13595376,Unknown,PARTS & REPAIR,No Power,,
4656708,QUIETCOMFORT45OVEHEADPHONESBLACP3J,BOSE,Bose 866724-0100 QuietComfort 45 Wireless Noise Cancelling Over-the-Ear Headphones - Triple Black,866724-0100/CA,017817835015,15690720,Unknown= 33J,PARTS & REPAIR,No Power,,
4656709,SONYWH1000XM5BHEADPHONEBLUECD334,Sony _,Sony WH1000XM5/L Over-Ear Noise Cancelling Bluetooth Headphones - Blue,WH1000XM5/L/CA,027242923911,17039478,Unknown,CD Grade,"",,
4656710,STEALTH700GEN2MAXBLACPR,TL,TB STEALTH 700 GEN2 MAX H BLK,TBS-3790-02,731855037919,16923815,Unknown,PARTS & REPAIR,No Power,,
4656711,XBOX153244UNKNCD,MICROSOFT STUDIOS,MICROSOFT XBOX WIRELESS GAMING HS BLACK,TLL-00001,889842615319,15324482,Unknown,CD Grade,"",,
4656726,FUJIINSTMINI172037UNKNPR0002,FUJIFILM,FUJIFILM INSTAX MINI 12 LILAC GIFT SET,600023522/CA,074101949902,17203715,Unknown,PARTS & REPAIR,"",,
4656727,FUJIINSTMINI172037UNKNPR,FUJIFILM,FUJIFILM INSTAX MINI 12 LILAC GIFT SET,600023522/CA,074101949902,17203715,Unknown,PARTS & REPAIR,Untested - AS-IS - For Parts,,
4656728,NSWJOYCON123029UNKNC,Nintendo,NSW JOY-CON (L/R) NEON PINK / NEON GREEN,HACAJAHAA,045496881900,12302915,Unknown,C Grade,Untested - AS-IS - For Parts,,
4656729,NSWJOYCON123029UNKNPR,Nintendo,NSW JOY-CON (L/R) NEON PINK / NEON GREEN,HACAJAHAA,045496881900,12302915,Unknown,PARTS & REPAIR,Untested - AS-IS - For Parts,,
4656733,VTECVM525M5254154540UNKNC,GOOGLE America,"VTech VM5254 5-inch Video Baby Monitor with Night Light, Night Vison & Two-Way Audio - White",VM5254/CA,882032190221,15454080,Unknown,C Grade,Untested - AS-IS - For Parts,,
4656734,VTECHVM5254VIDEOBABYMONITORWHITPR,GOOGLE America,"VTech VM5254 5-inch Video Baby Monitor with Night Light, Night Vison & Two-Way Audio - White",VM5254/CA,882032190221,15454080,Unknown,PARTS & REPAIR,Untested - AS-IS - For Parts,,
4656735,BREVBREBTEAM800101489UNKNPR,BREVILLE,Breville BREBTM800XL Tea Maker,BREBTM800XL/CA,Unknown,10148908,Unknown,PARTS & REPAIR,"",,
4656736,BREBTM800XLTEAMAKERPR,BREVILLE,Breville BREBTM800XL Tea Maker,BREBTM800XL/CA,Unknown,10148908,Unknown,PARTS & REPAIR,Untested - AS-IS - For Parts,,
4656738,JBLLIVE660NCBLACPR,JBL,JBL LIVE 660NC WIRELESS OVE NC HP BLACK,JBLLIVE660NCBLKAM,050036379755,15446310,Unknown,PARTS & REPAIR,"No Power, Untested - AS-IS - For Parts",,
4656740,IPHONE11PROMA2220256MIDNGREEC,Apple,iPhone 11 Pro Max,A2220,Unlocked,256GB,Midnight Green,C Grade,Battery Replaced - 100% Health with Warning,,
4656808,JBLTUNE130NCTWSHEADPHONESBLACPR,JBL,JBL TUNE 130NC TWS HEADPHONES BLACK,JBLT130NCTWSBAM,050036383967,15956942,Unknown,PARTS & REPAIR,Not Pairing,,
4659964,QUIETCOMFORTULTRAEARBUDSWHITCD,BOSE,Bose (882826-0020) QuietComfort Ultra In-Ear Noise Cancelling True Wireless Earbuds - White Smoke,882826-0020/CA,017817847643,17212846,Unknown,CD Grade,"",,
4662553,PS5DUALSENSECTRLMIDBLACC,Sony PlayStation,Sony 3006410 PlayStation 5 DualSense Wireless Controller - Midnight Black,3006410/CA,711719574316,15480210,Unknown,C Grade,"",,
4664735,WATCHSERIES9MIDNO,Apple,Watch Series 9,45MM GPS,GPS,N/A,Midnight,OPEN BOX,"",,
4664736,WATCHSERIES945MMGPSPINKO,Apple,Watch Series 9,45MM GPS,GPS,N/A,Pink,OPEN BOX,"",,
4664737,IPADAIR5THGEA258864GBLUEA,Apple,iPad Air 5th Gen,A2588,Wi-Fi,64GB,Blue,A Grade,"",,
4666718,MACBOOKPRO512SILVB3O1,Apple,"Macbook Pro (14-inch, 2021)","A2442 (16GB RAM, M1 Pro)",Wi-Fi PO#53,512GB,Silver,B Grade,"",,
4668013,AIRPODSPROMAGSAFEWHITCD34S,Apple,AIRPODS PRO WITH MAGSAFE CASE,MLWK3AM/A,194252721247,15776779,Unknown 34S,CD Grade,"",,
4668014,AIRPODSPROMAGSAFEWHITCD34Q,Apple,AIRPODS PRO WITH MAGSAFE CASE,MLWK3AM/A,194252721247,15776779,Unknown 34Q,CD Grade,"",,
4668015,AIRPODSPROMAGSAFEWHITCD2QH,Apple,AIRPODS PRO WITH MAGSAFE CASE,MLWK3AM/A,194252721247,15776779,Unknown 2QH,CD Grade,"",,
4668016,XBOXWIRELESSCTLR QAU-00011REDCD3D4,MICROSOFT STUDIOS,XBOX WIRELESS CTLR PULSE RED,QAU-00011,889842707106,15260924,Unknown 3D4,CD Grade,"",,
4668017,XBOXWIRELESSCTLR QAU-00011REDCD3CP,MICROSOFT STUDIOS,XBOX WIRELESS CTLR PULSE RED,QAU-00011,889842707106,15260924,Unknown 3CP,CD Grade,"",,
4668018,XBOXWIRELESSCTLR QAU-00011REDCD30C,MICROSOFT STUDIOS,XBOX WIRELESS CTLR PULSE RED,QAU-00011,889842707106,15260924,Unknown 30C,CD Grade,"",,
4668019,XBOXONEELITES23CUBLACCD2S0,MICROSOFT XBOX,XBOX ONE WIRELESS CTRL ELITE S2,FST-00001,889842196344,13702316,Unknown 2S0,CD Grade,"",,
4668020,XBOXONEELITES23CUBLACCD36T,MICROSOFT XBOX,XBOX ONE WIRELESS CTRL ELITE S2,FST-00001,889842196344,13702316,Unknown 36T,CD Grade,"",,
4668021,PS5DUALSENSEWRLCTRLWHITCD2UN,Sony,PlayStation 5 DualSense Wireless Controller (3005739) - White,3005739/CA,711719541226,14962193,Unknown 2UN,CD Grade,"",,
4668022,PS5DUALSENSEWRLCTRLWHITCD2UO,Sony,PlayStation 5 DualSense Wireless Controller (3005739) - White,3005739/CA,711719541226,14962193,Unknown 2UO,CD Grade,"",,
4668023,PS5DUALSENSEWRLCTRLWHITCD3B2,Sony,PlayStation 5 DualSense Wireless Controller (3005739) - White,3005739/CA,711719541226,14962193,Unknown 3B2,CD Grade,"",,
4668024,PS5DUALSENSEWLCTRLGREYCAMOCD3BK,Sony,PS5 DUALSENSE WIRELESS CTRL GREYCAMO,1000030606,711719554783,16489324,Unknown 3BK,CD Grade,"",,
4668025,PS5DUALSENSEWLCTRLGREYCAMOCD2VF,Sony,PS5 DUALSENSE WIRELESS CTRL GREYCAMO,1000030606,711719554783,16489324,Unknown 2VF,CD Grade,"",,
4668026,PS5DUALSENSEWLCTRLGREYCAMOCD2VB,Sony,PS5 DUALSENSE WIRELESS CTRL GREYCAMO,1000030606,711719554783,16489324,Unknown 2VB,CD Grade,"",,
4668027,PS5DUALSENSEWRCTRLGALPURPCD3B9,Sony,PS5 DUALSENSE WIRELESS CTRL GAL PURPLE,3006414,711719546795,15905711,Unknown 3B9,CD Grade,"",,
4668028,PS5DUALSENSEWRCTRLGALPURPCD2V4,Sony,PS5 DUALSENSE WIRELESS CTRL GAL PURPLE,3006414,711719546795,15905711,Unknown 2V4,CD Grade,"",,
4668029,WH1000XM5OVENCBTHEADPHONESILVCD2P6,Sony _,Sony WH-1000XM5 Over-Ear Noise Cancelling Bluetooth Headphones - Silver,WH1000XM5/S/CA,027242923249,16162186,Unknown 2P6,CD Grade,"",,
4668124,SONYWH1000XM5BHEADPHONEBLACCD333,Sony _,Sony WH-1000XM5 Over-Ear Noise Cancelling Bluetooth Headphones - Black,WH1000XM5/B/CA,027242923232,16162187,Unknown 333,CD Grade,"",,
4668126,SONYWH1000XM5BHEADPHONEBLACCD335,Sony,Sony WH-1000XM5 Over-Ear Noise Cancelling Bluetooth Headphones - Black,WH1000XM5/B/CA,027242923232,16162187,Unknown 335,CD Grade,"",,
4668128,SONYWH1000XM5BHEADPHONEBLACCD336,Sony,Sony WH-1000XM5 Over-Ear Noise Cancelling Bluetooth Headphones - Black,WH1000XM5/B/CA,027242923232,16162187,Unknown 336,CD Grade,"",,
4668130,SONYWH1000XM5BHEADPHONEBLACCD337,Sony,Sony WH-1000XM5 Over-Ear Noise Cancelling Bluetooth Headphones - Black,WH1000XM5/B/CA,027242923232,16162187,Unknown 337,CD Grade,"",,
4668137,STEALTH600GEN2MAXBLACCD3E9,Turtle Beach,Turtle Beach Stealth 600 Gen 2 Max Wireless Gaming Headset for PS5/PS4 - Black,TBS-3160-02/CA,731855031610,16531335,Unknown 3E9,CD Grade,"",,
4753401,MACBOOKAIRA1932128GBSPACC,Apple,"MacBook Air (13-inch, 2019)","A1932 (8GB RAM, 1.6GHz i5)",Wi-Fi,128GB,Space Grey,C Grade,Service Battery Warning,,
4753755,XBOXQAU-00065WLCTRLSHOCKBLUECD3CT,MICROSOFT STUDIOS,XBOX X WIRELESS CTRL SHOCK BLUE V2,QAU-00065,889842782721,16609481,Unknown 3CT,CD Grade,"",,
4753761,XBOXPCCONTROLLERUSBCABLECD,MICROSOFT STUDIOS,Xbox PC Controller with USB Cable,1V8-00001,889842657500,14998604,Unknown 3D7,CD Grade,"",,
4753793,PS5DUALSENSEWLCTRLWHITECD3C0,Sony,PS5 DUALSENSE WIRELESS CTRL WHITE REPLEN,1000039935,711719574293,17668451,Unknown 3C0,CD Grade,"",,
4753825,PS5DUALSENSEWLCTRLWHITCD2UR,Sony PlayStation,Sony 1000039935 PlayStation 5 DualSense Wireless Controller - White,1000039935/CA,711719574293,17668451,Unknown 2UR,CD Grade,"",,
4753829,PS5DUALSENSEWLCTRLRGPURPCD3AR,Sony PlayStation,Sony (1000039939) PlayStation 5 DualSense Wireless Controller - Galactic Purple,1000039939/CA,711719574330,17977846,Unknown 3AR,CD Grade,"",,
4754458,IPH16PRO128GBNTTIB,Apple,iPhone 16 Pro,A3292,Unlocked,128GB,Natural Titanium,B Grade,"",,
4754494,IPHONE16PROA3292128BLACTIA,Apple,iPhone 16 Pro,A3292,Unlocked,128GB,Black Titanium,B Grade,"",,
4754539,IPH11PRO256GBSPACB,Apple,iPhone 11 Pro,A2160,Unlocked,256GB,Space Grey,B Grade,"",,
4754540,IPH11PRO256GBSPACC,Apple,iPhone 11 Pro,A2160,Unlocked,256GB,Space Grey,C Grade,"",,
4754545,IPHONE11PROA2160256SPACC,Apple,iPhone 11 Pro,A2160,Unlocked,256GB,Space Grey,C Grade,"Battery Replaced, Important Display Message - Screen Replaced LCD",,
4754549,IPHONE13PROMAXA2644512SIERBLUEA,Apple,iPhone 13 Pro Max,A2644,Unlocked,512GB,Sierra Blue,A Grade,"",,
4754575,SWITCHOLEDHEG-00164GBWHITA,Nintendo,Switch - OLED Model,HEG-001,Wi-Fi,64GB,White,A Grade,"",,
4754619,MBP161916GBI726512GBSPACCD0002,Apple,"MacBook Pro (16-inch, 2019)","A2141 (16GB RAM, 2.6GHz i7)",Wi-Fi,512GB,Space Grey,CD Grade,"",,
4754620,MBP161916GBI726512GBSPACCD,Apple,"MacBook Pro (16-inch, 2019)","A2141 (16GB RAM, 2.6GHz i7)",Wi-Fi,512GB,Space Grey,CD Grade,LCD Blemish Light,,
4755231,NSWJOYCON123029UNKNB,Nintendo,NSW JOY-CON (L/R) NEON PINK / NEON GREEN,HACAJAHAA,045496881900,12302915,Unknown,B Grade,Untested - AS-IS - For Parts,,
4755232,SWITCHJOYCONNEONPINKGREENB,Nintendo,NSW JOY-CON (L/R) NEON PINK / NEON GREEN,HACAJAHAA,045496881900,12302915,Unknown,B Grade,"",,
4755479,GALAXYS24ULTRASMS928BDS512TITABLCA,Samsung,Galaxy S24 Ultra,SM-S928B/DS,Wi-Fi,512GB,Titanium Black,A Grade,"",,
4757068,QAU-00082XBOXWRCTRLDEEPPINKB,MICROSOFT XBOX,Microsoft QAU-00082 Xbox Wireless Controller - Deep Pink,QAU-00082/CA,889842875560,16057596,Unknown,B Grade,"",,
4758930,STEALTH600GEN2MAXBLACPR-317,TL,TB STEALTH 600X GEN 2 MAX MLTPLT HS BLK,7.31855E+11,731855023639,16206896,Unknown 317,PARTS & REPAIR,"",,
4758932,STEALTH600GEN2MAXBLACD-319,TL,TB STEALTH 600X GEN 2 USB WL HS BLACK,7.31855E+11,731855023738,16206895,Unknown 319,CD Grade,"",,
4758949,JBLLIVE660NCBLACCD2QT,JBL _,JBL JBLLIVE660NCBLKAM Live 660NC Over-Ear Noise Cancelling Bluetooth Headphones - Black,JBLLIVE660NCBLKAM/CA,050036379755,15446310,Unknown 2QT,CD Grade,"",,
4758955,PS5DUALSENSEWIRELESSCTRLMDNCD2VO,Sony,PS5 DUALSENSE WIRELESS CTRL MIDN BLACK,3006410,711719546757,15480210,Unknown 2VO,CD Grade,"",,
4759504,BUDSFE(SM-R400NZAAXAC)BLACCD2TN,Samsung,SAMSUNG BUDS FE BLACK,SM-R400NZAAXAC,887276791913,17301940,Unknown 2TN,CD Grade,"",,
4759623,YOGAPRO716GBRYZEN1TBGREYC,Lenovo,"Yoga Pro 7 (14-inch, 2023)","(16GB RAM, Ryzen 7 7735HS)",Wi-Fi,1TB,Grey,C Grade,"",,
4759624,YOGAPRO720231TBGREYB,Lenovo,"Yoga Pro 7 (14-inch, 2023)","(16GB RAM, Ryzen 7 7735HS)",Wi-Fi,1TB,Grey,B Grade,"",,
4759651,MBP161916GBI726512GBSPACCD0003,Apple,"MacBook Pro (16-inch, 2019)","A2141 (16GB RAM, 2.6GHz i7)",Wi-Fi,512GB,Space Grey,CD Grade,LCD Blemish Heavy,,
4759656,MACBOOKPRO512GSPACCD,Apple,"MacBook Pro (16-inch, 2019)","A2141 (32GB RAM, 2.6GHz i7)",Wi-Fi,512GB,Space Grey,CD Grade,LCD Blemish Heavy,,
4760362,IPH1164GBBLACC0002,Apple,iPhone 11,A2111,Unlocked,64GB,Black,C Grade,"Important Display Message - Screen Replaced LCD, Battery Replaced - 100% Health with Warning",,
4760363,IPH1164GBPURPC0002,Apple,iPhone 11,A2111,Unlocked,64GB,Purple,C Grade,"Important Display Message - Screen Replaced LCD, Battery Replaced - 100% Health with Warning",,
4760751,INSTAXMINI12BLUEPR,FUJIFILM,FUJIFILM INSTAX MINI 12 blue,600023522/CA,074101949902,17203715,Unknown,PARTS & REPAIR,Untested - AS-IS - For Parts,,
4762188,IPH1164GBPURPC,Apple,iPhone 11,A2111,Unlocked,64GB,Purple,C Grade,"Important Display Message - Screen Replaced LCD, Battery Replaced - 100% Health with Warning, Face ID Not working",,
4762192,IPHONE11A211164GBPURPCD3OO,Apple,iPhone 11,A2111,Unlocked,64GB,Purple,CD Grade,"Important Display Message - Screen Replaced LCD, Battery Replaced - 100% Health with Warning, Face ID Not working",,
4762355,LENO82R1ATHL167032UNKNCD,Lenovo,Lenovo 82R1006VUS Athlon 3050U/4/128 EN,82R1006VUS,196801480223,16703244,Unknown,CD Grade,Hinge Broken on Display,,
4765340,XBOXELITESERIES23T9CORECTRLWHITCT9,MICROSOFT XBOX,Xbox 4IK-00001 Elite Series 2 Core Wireless Controller for Xbox Series X|S / Xbox One - White,4IK-00001/CA,889842717068,16433594,Unknown 2t9,CD Grade,"",,
4765341,XBOXELITESERIES2CORECTRLWHITC390,MICROSOFT STUDIOS,Xbox Elite Series 2 Core Wireless Controller for Xbox Series X|S / Xbox One - White,4IK-00001,889842717068,16433594,Unknown 390,C Grade,"",,
4770315,IPH14PLUS128GBMIDNB0002,Apple,iPhone 14 Plus,A2632,Unlocked,128GB,Midnight,B Grade,"",,
4770318,IPH14PLUS128GBMIDNB,Apple,iPhone 14 Plus,A2885,Unlocked,128GB,Midnight,B Grade,"",,
4770321,IPHONE14PLUSA2885128GBMIDNBM,Apple,iPhone 14 Plus,A2885,Unlocked,128GB,Midnight,BM Grade,"",,
4773500,IPH13128GBMIDND,Apple,iPhone 13,A2631,Wi-Fi,128GB,Midnight,D Grade,"",,
4773501,IPHONE13A2631128GBMIDNA,Apple,iPhone 13,A2631,Wi-Fi,128GB,Midnight,A Grade,"",,
4774645,IPHONE13A2631128GBMIDNB,Apple,iPhone 13,A2631,Wi-Fi,128GB,Midnight,B Grade,"",,
4774655,IPH13128GBGREEBM,Apple,iPhone 13,A2482,Wi-Fi,128GB,Green,BM Grade,"",,
4774656,IPHONE13A2631128GBMIDNBM,Apple,iPhone 13,A2631,Wi-Fi,128GB,Midnight,BM Grade,"",,
4774752,IPH16E128GBWHITN,Apple,iPhone 16e,A3212,Unlocked,128GB,White,NEW,"",,
4774754,IPHONE16EA3212128GBWHITB,Apple,iPhone 16e,A3212,Unlocked,128GB,White,B Grade,"",,
4774759,IPADMINI664GBSTARA0002,Apple,iPad mini 6,A2568,Wi-Fi + Cellular,64GB,Starlight,A Grade,"",,
4774790,SAMS22128GBBLACB,Samsung,Galaxy S22,SM-A526,Unlocked,128GB,Black,B Grade,"",,
4774791,SAMA2132GBBLACB,Samsung,Galaxy A21,SM-A215W,Unlocked,32GB,Black,B Grade,"",,
4774793,IPADMINI6256GBSPACA0002,Apple,iPad mini 6,A2568,Unlocked,256GB,Space Grey,A Grade,"",,
4774794,IPADMINI6256GBSPACA,Apple,iPad mini 6,A2568,Wifi,256GB,Space Grey,A Grade,"",,
4774795,IPADMINI6A2568WIFI256GBGREYB,Apple,iPad mini 6,A2568,Wifi,256GB,Space Grey,B Grade,"",,
4774796,IPADMINI6A2568CELLULAR64GBSTARB,Apple,iPad mini 6,A2568,Wi-Fi + Cellular,64GB,Starlight,B Grade,"",,
4774798,GALAXYA21SM-A215W32GBBLACBM,Samsung,Galaxy A21,SM-A215W,Unlocked,32GB,Black,BM Grade,"",,
4774800,IPADMINI664GBSTARA,Apple,iPad mini 6,A2568,Wi-Fi,64GB,Starlight,A Grade,"",,
4774801,IPADMINI6A2568WIFI64STARLB,Apple,iPad mini 6,A2568,Wi-Fi,64GB,Starlight,B Grade,"",,
4775687,IPHONESE3RDGA259564BLACBM100%,Apple,iPhone 13,A2631,Wi-Fi 100%,128GB,Midnight,BM Grade,"",,
4776226,BOSE83120010148975UNKNCD,BOSE,Bose 831262-0010 QuietComfort Earbuds True Wireless Noise Cancelling In-Ear Earbuds,831262-0010/CA,Unknown (no sound),14897566,Unknown,CD Grade,"",,
4776478,SAMTABS10FE256GBGRAYPR,Samsung,Galaxy Tab S10 FE+,SM-X620,Wifi,256GB,Gray,PARTS & REPAIR,"",,
4776479,GALAXYTABS10FEPLUSSMX620256GREYA,Samsung,Galaxy Tab S10 FE+,SM-X620,Wifi,256GB,Gray,A Grade,"",,
4779383,BOSEHEAD700135953UNKNB,BOSE,BOSE HEADPHONES 700 NC BT OE HP BLK,BOSE HEADPH 700 BLK,017817796163,13595376,Unknown,B Grade,"",,
4781586,IPHONE14PROMAXA2561128GBSPACBLACC,Apple,iPhone 14 Pro Max,A2561,Unlocked,128GB,Space Black,C Grade,Important Display Message - Screen Replaced LCD,,
4797250,IPH16128GBWHITO,Apple,iPhone 16,A3286,Unlocked,128GB,White,OPEN BOX,"",,
4797251,IPHONE16A3286128BLACO,Apple,iPhone 16,A3286,Unlocked,128GB,Black,OPEN BOX,"",,
4797263,MBA13188GBI516128GBROSGCD,Apple,"MacBook Air (13-inch, 2018)","A1932 (8GB RAM, 1.6GHz i5)",Wi-Fi,128GB,Rose Gold,CD Grade,"",,
4797264,MBA13188GBI516128GBSPACCD,Apple,"MacBook Air (13-inch, 2018)","A1932 (8GB RAM, 1.6GHz i5)",Wi-Fi,128GB,Space Grey,CD Grade,"",,
4797266,MBA13188GBI516256GBSPACCD0003,Apple,"MacBook Air (13-inch, 2018)","A1932 (8GB RAM, 1.6GHz i5)",Wi-Fi,256GB,Space Grey,CD Grade,"",,
4797370,MACBOOKAIR256SPACCD,Apple,"MacBook Air (13-inch, 2018)","A1932 (8GB RAM, 1.6GHz i5)",Wi-Fi,256GB,Space Grey,CD Grade,LCD Blemish Heavy,,
4797374,MBP131716GBI523512GBSPACB,Apple,"MacBook Pro (13-inch, 2017)","A1708 (16GB RAM, 2.3GHz i5)",Wi-Fi,512GB,Space Grey,B Grade,"",,
4797375,MACBOOKPRO512SPACC00006,Apple,"MacBook Pro (13-inch, 2017)","A1708 (16GB RAM, 2.3GHz i5)",Wi-Fi,512GB,Space Grey,C Grade,"",,
4797379,MBP13178GBI523128GBSPACC,Apple,"MacBook Pro (13-inch, 2017)","A1708 (8GB RAM, 2.3GHz i5)",Wi-Fi,128GB,Space Grey,C Grade,"",,
4798278,MBP13158GBI526128GBSILVB,Apple,"MacBook Pro (13-inch, 2015)","A1502 (8GB RAM, 2.6GHz i5)",Wi-Fi,128GB,Silver,B Grade,"",,
4798289,MBP13158GBI526128GBSILVC,Apple,"MacBook Pro (13-inch, 2015)","A1502 (8GB RAM, 2.6GHz i5)",Wi-Fi,128GB,Silver,C Grade,"",,
4798292,MACBOOKPRO128SILVC00004,Apple,"MacBook Pro (13-inch, Mid-2014)","A1502 (8GB RAM, 2.6GHz i5)",Wi-Fi,128GB,Silver,C Grade,"",,
4798323,MBP13138GBI728256GBSILVB0002,Apple,"MacBook Pro (13-inch, Early 2013)","A1502 (8GB RAM, 2.8GHz i7)",Wi-Fi,256GB,Silver,B Grade,"",,
4798325,MBP13138GBI728256GBSILVB,Apple,"MacBook Pro (13-inch, Late 2013)","A1502 (8GB RAM, 2.8GHz i7)",Wi-Fi,256GB,Silver,B Grade,"",,
4798326,MACBOOKPRO256SILVC00006,Apple,"MacBook Pro (13-inch, Late 2013)","A1502 (8GB RAM, 2.8GHz i7)",Wi-Fi,256GB,Silver,C Grade,"",,
4798362,MBP13158GBI529256GBSILVB,Apple,"MacBook Pro (13-inch, Early 2015)","A1502 (8GB RAM, 2.9GHz i5)",Wi-Fi,256GB,Silver,B Grade,"",,
4798364,MACBOOKPRO256SILVC00007,Apple,"MacBook Pro (13-inch, Early 2015)","A1502 (8GB RAM, 2.9GHz i5)",Wi-Fi,256GB,Silver,C Grade,"",,
4798384,MBP13138GBI728256GBSILVCD0002,Apple,"MacBook Pro (13-inch, Late 2013)","A1502 (8GB RAM, 2.8GHz i7)",Wi-Fi,256GB,Silver,CD Grade,"",,
4798386,MBP13138GBI728256GBSILVCD,Apple,"MacBook Pro (13-inch, Late 2013)","A1502 (8GB RAM, 2.8GHz i7)",Wi-Fi,256GB,Silver,CD Grade,Bad Battery - Only works Plugged in,,
4798387,MACBOOKPRO128SILV3QF,Apple,"MacBook Pro (13-inch, Late 2013)","A1502 (8GB RAM, 2.4GHz i5)",Wi-Fi,128GB,Silver,CD Grade,Bad Battery - Only works Plugged in,,
4798502,MACBOOKAIR256SILVC00004,Apple,"MacBook Air (13-inch, 2015)","A1466 (8GB RAM, 1.6GHz i5)",Wi-Fi,256GB,Silver,C Grade,"",,
4798511,MACBOOKAIR256SILVBM00003,Apple,"MacBook Air (13-inch, 2015)","A1466 (8GB RAM, 1.6GHz i5)",Wi-Fi,256GB,Silver,BM Grade,"",,
4798525,MBA13154GBI516128GBSILVC,Apple,"MacBook Air (13-inch, 2015)","A1466 (4GB RAM, 1.6GHz i5)",Wi-Fi,128GB,Silver,C Grade,"",,
4798526,MACBOOKAIR128SILVBM,Apple,"MacBook Air (13-inch, 2015)","A1466 (4GB RAM, 1.6GHz i5)",Wi-Fi,128GB,Silver,BM Grade,"",,
4798566,MBA13158GBI516128GBSILVCD0002,Apple,"MacBook Air (13-inch, 2015)","A1466 (8GB RAM, 1.6GHz i5)",Wi-Fi,128GB,Silver,CD Grade,"",,
4798572,MBA13158GBI516128GBSILVCD,Apple,"MacBook Air (13-inch, 2015)","A1466 (8GB RAM, 1.6GHz i5)",Wi-Fi,128GB,Silver,CD Grade,LCD Blemish Light,,
4798574,MACBOOKAIR256SILVCD3QK,Apple,"MacBook Air (13-inch, 2015)","A1466 (8GB RAM, 1.6GHz i5)",Wi-Fi,256GB,Silver,CD Grade,LCD Blemish Light,,
4798823,PS5164893UNKNB,Sony,PS5 DUALSENSE WIRELESS CTRL GREYCAMO,1000030606,711719546795,16489324,Unknown,B Grade,"",,
4803564,SAMTABA864G159171UNKNN,Samsung,SAMSUNG GALAXY TAB A8 64GB GRAY,GALAXY TAB A8,887276606880,15917163,Unknown,NEW,"",,
4803568,SAMTABS10FE128GBGRAYN,Samsung,Galaxy Tab S10 FE+,SM-X620,Wi-Fi,128GB,Gray,NEW,"",,
4804047,IDEA315II8GBI3256GBBLACB,Lenovo,"IdeaPad 3-15IIL05 (15-inch, 2020)","(8GB RAM, i3-1005G1)",Wi-Fi,256GB,Black,B Grade,"",,
4804186,IDEAPAD315IIL058GBRAMi31005G1256OB,Lenovo,"IdeaPad 3-15IIL05 (15-inch, 2020)","(8GB RAM, i3-1005G1)",Wi-Fi,256GB,Almond,B Grade,"",,
4804435,MACBOOKAIR256SILVB00005,Apple,"MacBook Air (13-inch, 2017)","A1466 (8GB RAM, 1.8GHz i5)",Wi-Fi,256GB,Silver,B Grade,"",,
4804991,IPH14PROMAX1TBDPPUA,Apple,iPhone 14 Pro Max,A2894,Unlocked,1TB,Deep Purple,A Grade,"",,
4804992,IPH14PROMAX1TBDPPUB,Apple,iPhone 14 Pro Max,A2894,Unlocked,1TB,Deep Purple,B Grade,"",,
4804993,IPH11PROMAX64GBGOLDB,Apple,iPhone 11 Pro Max,A2161,Unlocked,64GB,Gold,B Grade,"",,
4804994,IPH11PROMAX64GBGOLDBM0002,Apple,iPhone 11 Pro Max,A2161,Unlocked,64GB,Gold,BM Grade,"",,
4804995,IPH11PROMAX64GBGOLDBM,Apple,iPhone 11 Pro Max,A2161,Unlocked,64GB,Gold,BM Grade,Battery Replaced - 100% Health with Warning,,
4804996,IPH11PROMAX64GBGOLDC0002,Apple,iPhone 11 Pro Max,A2161,Unlocked,64GB,Gold,C Grade,Battery Replaced - 100% Health with Warning,,
4804997,MBA13208GBI311256GBGOLDA,Apple,"MacBook Air (13-inch, 2020)","A2179 (8GB RAM, 1.1GHz i3)",Wi-Fi,256GB,Gold,A Grade,"",,
4805005,IPH11PROMAX64GBGOLDC,Apple,iPhone 11 Pro Max,A2161,Unlocked,64GB,Gold,C Grade,"",,
4808786,MACBOOKAIR256GOLDB00002,Apple,"MacBook Air (13-inch, 2020)","A2179 (8GB RAM, 1.1GHz i3)",Wi-Fi,256GB,Gold,B Grade,"",,
4808794,IPH16PROMAX256GBDSTIN,Apple,iPhone 16 Pro Max,A3295,Unlocked,256GB,Desert Titanium,NEW,"",,
4810077,ELITX228GBI5256GBSILVC,HP,"Elite X2 2-in-1 (13-inch, 2018)","(8GB RAM, i5 8365U)",Wi-Fi,256GB,Silver,C Grade,MDM Bypassed,,
4810095,ELITX228GBI5256GBSILVCD,HP,"Elite X2 2-in-1 (13-inch, 2018)","(8GB RAM, i5 8365U)",Wi-Fi,256GB,Silver,CD Grade,MDM Bypassed,,
4813849,SAMSMR530NZ179845UNKNCD,Samsung -,Samsung SM-R530NZAAXAC Galaxy Buds3 In-Ear Noise Cancelling True Wireless Earbuds - Silver,SM-R530NZAAXAC/CA,887276868066,17984586,Unknown,CD Grade,"",,
4813900,LOGIMXKEYS138912UNKNCD,LOGITECH,Logitech MX Keys Wireless Backlit Keyboard,920-009295/CA,97855152732,13891231,Unknown,CD Grade,"",,
4814347,IPADPRO11INC256GBSPACC,Apple,iPad Pro 11 inch 4th Gen,A2761,Wi-Fi & Cellular,256GB,Space Grey,C Grade,"",,
4814349,IPADPRO11INC64GBSPACC,Apple,iPad Pro 11 inch 1st Gen,A1980,Wi-Fi,64GB,Space Grey,C Grade,"",,
4822601,IPH11PRO64GBGOLDBM,Apple,iPhone 11 Pro,A2217,Unlocked,64GB,Gold,BM Grade,"",,
4822602,IPH11PRO64GBSPACBM,Apple,iPhone 11 Pro,A2217,Unlocked,64GB,Space Grey,BM Grade,"",,
4826311,MBP13208GBI514256GBSPACCD,Apple,"MacBook Pro (13-inch, 2020)","A2251 (8GB RAM, 1.4GHz i5)",Wi-Fi,256GB,Space Grey,CD Grade,Broken LCD,,
4853156,MBP142116GBM1PRO512GBSILVA0002,Apple,"Macbook Pro (14-inch, 2021)","A2442 (16GB RAM, M1 Pro 8C/14C GPU)",Wi-Fi,512GB,Silver,A Grade,"",,
4853192,MBP142116GBM1PRO512GBSPACA0002,Apple,"Macbook Pro (14-inch, 2021)","A2442 (16GB RAM, M1 Pro 8C/14C GPU)",Wi-Fi,512GB,Space Grey,A Grade,"",,
4853193,MBP142116GBM1PRO512GBSPACPR,Apple,"Macbook Pro (14-inch, 2021)","A2442 (16GB RAM, M1 Pro 8C/14C GPU)",Wi-Fi,512GB,Space Grey,PARTS & REPAIR,"",,
4853194,MACBOOKPRO2021512SPACPR3R5,Apple,"Macbook Pro (14-inch, 2021)","A2442 (16GB RAM, M1 Pro 8C/14C GPU)",Wi-Fi,512GB,Space Grey,PARTS & REPAIR,No Power,,
4853213,MBP13198GBI514256GBSPACCD0003,Apple,"MacBook Pro (13-inch, 2019)","A2159 (8GB RAM, 1.4GHz i5)",Wi-Fi,256GB,Space Grey,CD Grade,"No Display - Top Case with Logic Board, Missing Keys",,
4853214,MBP13198GBI514256GBSPACCD0002,Apple,"MacBook Pro (13-inch, 2019)","A2159 (8GB RAM, 1.4GHz i5)",Wi-Fi,256GB,Space Grey,CD Grade,Touchbar Defective,,
4853218,MBP13198GBI514256GBSPACCD,Apple,"MacBook Pro (13-inch, 2019)","A2159 (8GB RAM, 1.4GHz i5)",Wi-Fi,256GB,Space Grey,CD Grade,"Touchbar Defective, LCD Blemish Heavy",,
4853221,MBP13198GBI514128GBSPACCD,Apple,"MacBook Pro (13-inch, 2019)","A2159 (8GB RAM, 1.4GHz i5)",Wi-Fi,128GB,Space Grey,CD Grade,"Touchbar Defective, LCD Blemish Heavy",,
4853250,MBP13168GBI5256GBSPACB,Apple,"MacBook Pro (13-inch, Late 2016)","A1708 (8GB RAM, 2GHz i5)",Wi-Fi,256GB,Space Grey,B Grade,"",,
4853361,SRFCPRO412164GBI5128GBSILVCD,Microsoft,"Surface Pro 4 (12-inch, 2016)","(4GB RAM, i5 6300U)",Wi-Fi,128GB,Silver,CD Grade,Irresponsive Touch on Screen In Center,,
4853388,SRFCPRO412164GBI5256GBSILVCD,Microsoft,"Surface Pro 4 (12-inch, 2016)","(4GB RAM, i5 6300U)",Wi-Fi,256GB,Silver,CD Grade,"",,
4853519,MB158GB13256GBROSGB,Apple,"MacBook (12-inch, 2015)","A1534 (8GB RAM, 1.3GHz Core M)",Wi-Fi,256GB,Rose Gold,B Grade,"",,
4853528,IPHX64GBSPACCD0002,Apple,iPhone X,A1901,Unlocked,64GB,Space Grey,CD Grade,"",,
4853553,IPHX64GBSPACCD,Apple,iPhone X,A1901,Unlocked,64GB,Space Grey,CD Grade,Service Battery Warning,,
4853714,MBP13158GBI529512GBSILVC,Apple,"MacBook Pro (13-inch, Early 2015)","A1502 (8GB RAM, 2.9GHz i5)",Wi-Fi,512GB,Silver,C Grade,"",,
4854043,SAMS24FE128GBGRAPA,Samsung,Galaxy S24 FE,SM-S721WZKA,Wi-Fi,128GB,Graphite,A Grade,"",,
4854044,SAMS24FE128GBGRAPO,Samsung,Galaxy S24 FE,SM-S721WZKA,Wi-Fi,128GB,Graphite,OPEN BOX,"",,
4856340,PENCPROWHITB,Apple,Pencil Pro,A2538,N/A,N/A,White,B Grade,"",,
4856341,PENCPROWHITA,Apple,Pencil Pro,A2538,N/A,N/A,White,A Grade,"",,
4856365,IPADAIR13INC128GBSPACA,Apple,"iPad Air 13-inch (6th Gen, M2)",A2898,Wi-Fi,128GB,Space Grey,A Grade,"",,
4856858,JBLSOUNSENS178579UNKNCD,TL,JBL SOUNDGEAR SENSE OPEN EAR BT HP BLK,JBLSNDGEARSNSBLKAM,50036397292,17857918,Unknown,CD Grade,"",,
4857450,LOGIGPRO151471UNKNCD,LOGITECH,LOGITECH G PRO X SUPERLIGHT WL WHITE,910-005940,097855159625,15147118,Unknown,CD Grade,"",,
4857759,LOGI9100058151471UNKNB,LOGITECH,"Logitech 910-005878 G Pro X Superlight 25,600 DPI Wireless HERO Optical Gaming Mouse - Black",910-005878/CA,097855158017,15147119,Unknown,B Grade,"",,
4857760,LOGI9100058151471UNKNC,LOGITECH,"Logitech 910-005878 G Pro X Superlight 25,600 DPI Wireless HERO Optical Gaming Mouse - Black",910-005878/CA,097855158017,15147119,Unknown,C Grade,"",,
4857833,METAQUES2156443UNKNCD,Meta Quest,Meta Quest 2 (301-00409-02) 256GB VR Headset with Touch Controllers - White,301-00409-02/CA,815820022640,15644387,Unknown,CD Grade,"",,
4857845,JBLJBLEENDU159569UNKNPR0002,JBL _,JBL (JBLENDURACEBLKAM) Endurance Race In-Ear Sound Isolating True Wireless Earbuds - Black,JBLENDURACEBLKAM/CA,050036384674,15956945,Unknown,PARTS & REPAIR,"",,
4857846,JBLJBLEENDU159569UNKNPR,JBL _,JBL (JBLENDURACEBLKAM) Endurance Race In-Ear Sound Isolating True Wireless Earbuds - Black,JBLENDURACEBLKAM/CA,050036384674,15956945,Unknown,PARTS & REPAIR,No Power,,
4857863,SHARHD43FLEX166495UNKNPR,Shark,Shark HD430C Flexstyle Multi-Styler Hair Straightener - Stone,HD430C/CA,622356594387,16649538,Unknown,PARTS & REPAIR,"",,
4859053,AIRPODS3RD164866UNKNCD,Apple,AIRPODS (3rd Gen) WITH LIGHTNING CASE,MPNY3AM/A,194253324034,16486692,Unknown,CD Grade,"",,
4859070,AIRPODSPRO2164866UNKNCD,Apple,AIRPODS PRO (2nd Gen) WITH MAGSAFE CASE,MQD83AM/A,194253397168,16486693,Unknown,CD Grade,"",,
4859129,ASUSTUFGAMI164866UNKNPR,ASUS,ASUS TUF GAMING X670E-PLUS WIFI MB,TUF X670E-PLUS WIFI,195553905732,16486608,Unknown,PARTS & REPAIR,"",,
4859349,IPH1164GBWHITCD,Apple,iPhone 11,A2111,Unlocked,64GB,White,CD Grade,"",,
4862035,AIRPODSPRO2UNKNOWUNKNCD,Apple,Apple AirPods Pro (2nd generation) Noise Cancelling True Wireless Earbuds with USB-C MagSafe Charging Case,MTJV3AM/A/CA,195949052484,Unknown,Unknown,CD Grade,"",,
4862709,MBA13198GBI516128GBSPACCD0005,Apple,"MacBook Air (13-inch, 2019)","A1932 (8GB RAM, 1.6GHz i5)",Wi-Fi,128GB,Space Grey,CD Grade,Service Battery Warning,,
4862739,MBA13198GBI516128GBSPACCD0004,Apple,"MacBook Air (13-inch, 2019)","A1932 (8GB RAM, 1.6GHz i5)",Wi-Fi,128GB,Space Grey,CD Grade,"Service Battery Warning, LCD Blemish Heavy",,
4862929,MBA13198GBI516128GBSPACCD0003,Apple,"MacBook Air (13-inch, 2019)","A1932 (8GB RAM, 1.6GHz i5)",Wi-Fi,128GB,Space Grey,CD Grade,"Bad Battery - Only works Plugged in, LCD Blemish Heavy, Broken LCD",,
4862946,MBA13198GBI516128GBSPACCD0002,Apple,"MacBook Air (13-inch, 2019)","A1932 (8GB RAM, 1.6GHz i5)",Wi-Fi,128GB,Space Grey,CD Grade,"Bad Battery - Only works Plugged in, LCD Blemish Heavy",,
4865040,MBA13188GBI516256GBSILVPR,Apple,"MacBook Air (13-inch, 2018)","A1932 (8GB RAM, 1.6GHz i5)",Wi-Fi,256GB,Silver,PARTS & REPAIR,"Bad Battery, Broken LCD",,
4866005,MBA13188GBI516256GBSPACCD0002,Apple,"MacBook Air (13-inch, 2018)","A1932 (8GB RAM, 1.6GHz i5)",Wi-Fi,256GB,Space Grey,CD Grade,"Bad Battery - Only works Plugged in, LCD Blemish Heavy",,
4866026,MBA13188GBI516256GBSPACCD,Apple,"MacBook Air (13-inch, 2018)","A1932 (8GB RAM, 1.6GHz i5)",Wi-Fi,256GB,Space Grey,CD Grade,"Service Battery Warning, LCD Blemish Heavy",,
4867542,MBP13208GBI514512GBSPACB,Apple,"MacBook Pro (13-inch, 2020)","A2289 (8GB RAM, 1.4GHz i5)",Wi-Fi,512GB,Space Grey,B Grade,"",,
4874598,MBP13178GBI523128GBSPACBM,Apple,"MacBook Pro (13-inch, 2017)","A1708 (8GB RAM, 2.3GHz i5)",Wi-Fi,128GB,Space Grey,BM Grade,"",,
4874600,MBPA17082.38256SGBM,Apple,"MacBook Pro (13-inch, 2017)","A1708 (8GB RAM, 2.3GHz i5)",Wi-Fi,256GB,Space Grey,BM Grade,"",,
4875127,SAMS23128GBBLACB0002,Samsung,Galaxy S23,SM-S911,Unlocked,128GB,Black,B Grade,"",,
4875128,SAMS23128GBBLACB,Samsung,Galaxy S23,SM-S911W,Unlocked,128GB,Black,B Grade,"",,
4879198,MINI2GREYN,DJI,Mini 2,T6-N9002,Wi-Fi,N/A,Grey,NEW,"",,
4879199,OSMO360UNKNN,DJI,Osmo 360,N/A,Wi-Fi,N/A,N/A,NEW,"",,
4879206,XBSX2TBBLACBM,Microsoft,Xbox Series X,1882,Wi-Fi,2TB,Black,BM Grade,"",,
4879207,XBSX2TBBLACN,Microsoft,Xbox Series X,1882,Wi-Fi,2TB,Black,NEW,"",,
4879211,XBSX1TBBLACN,Microsoft,Xbox Series X,1882,Wi-Fi,1TB,Black,NEW,"",,
4879987,IPADMAGICKEYBLACB,Apple,Magic Keyboard for iPad Pro 12.9-inch (4th Generation),KEYBOARD CASE (A1998),N/A,N/A,Black,B Grade,"",,
4879995,IPADPRO129IN512GBSILVBM,Apple,iPad Pro 12.9 inch 5th Gen,A2378,Wi-Fi,512GB,Silver,BM Grade,"",,
4880652,IPHXR64GBBLACBM,Apple,iPhone XR,A1984,Unlocked,64GB,Black,BM Grade,"",,
4880653,IPHONEXR(A1984(64GBWHITBM,Apple,iPhone XR,A1984,Unlocked,64GB,White,BM Grade,"",,
4882478,WATCHSERIESSE44MMGPSSPACA,Apple,Watch Series SE,44MM GPS,GPS,N/A,Space Grey,A Grade,"",,
4883540,IPADMINI7A17128GBBLUEA,Apple,iPad mini 7 (A17 Pro),A2993,Wi-Fi,128GB,Blue,A Grade,"",,
4883541,IPADMINI7A17128GBBLUEN,Apple,iPad mini 7 (A17 Pro),A2993,Wi-Fi,128GB,Blue,NEW,"",,
4892282,MBA13228GBM2256GBMIDNC,Apple,"MacBook Air (13-inch, 2022)","A2681 (8GB RAM, M2 8 Core)",Wi-Fi,256GB,Midnight,C Grade,"",,
4892283,MBA13228GBM2256GBMIDNCD0003,Apple,"MacBook Air (13-inch, 2022)","A2681 (8GB RAM, M2 8 Core)",Wi-Fi,256GB,Midnight,CD Grade,"",,
4892284,MBA13228GBM2256GBMIDNCD0002,Apple,"MacBook Air (13-inch, 2022)","A2681 (8GB RAM, M2 8 Core)",Wi-Fi,256GB,Midnight,CD Grade,LCD Blemish Heavy,,
4892286,MBA13228GBM2256GBMIDNCD,Apple,"MacBook Air (13-inch, 2022)","A2681 (8GB RAM, M2 8C/8C GPU)",Wi-Fi,256GB,Midnight,CD Grade,LCD Blemish Heavy,,
4892288,MACBOOKAIR2022256MIDNCD3SH,Apple,"MacBook Air (13-inch, 2022)","A2681 (8GB RAM, M2 8C/8C GPU)",Wi-Fi,256GB,Midnight,CD Grade,LCD Lines - See Photos,,
4893626,MBP142116GBM1PRO1TBSPACB0002,Apple,"Macbook Pro (14-inch, 2021)","A2442 (16GB RAM, M1 Pro 10C/16C GPU)",Wi-Fi,1TB,Space Grey,B Grade,"",,
4893769,MACBOOKPRO20211TBSPACBM,Apple,"Macbook Pro (14-inch, 2021)","A2442 (16GB RAM, M1 Pro 10C/16C GPU)",Wi-Fi,1TB,Space Grey,BM Grade,"",,
4901950,ROGSTRIG1564GBI5251TBBLACC,ASUS,"ROG Strix G15 G512LI (15.6-inch, 2021)","(64GB RAM, i5 10300H 2.5GHZ)",Wi-Fi,1TB,Black,C Grade,"",,
4901963,ROGSTRIG1532GBRYZEN33512GBBLACC,ASUS,"ROG Strix G15 G513QY (15.6-inch, 2021)","(32GB RAM, Ryzen 9 5900HX 3.3GHZ)",Wi-Fi,512GB,Black,C Grade,"",,
4901996,ROGSTRIG1532GBRYZEN3315TBBLACC,ASUS,"ROG Strix G15 G513QY (15.6-inch, 2021)","(32GB RAM, Ryzen 9 5900HX 3.3GHZ)",Wi-Fi,1.5TB,Black,C Grade,"",,
4931557,ROGSTRIXG15G513QY15TBBLACC,ASUS,"ROG Strix G15 G513QY (15.6-inch, 2021)","(32GB RAM, Ryzen 9 5900HX 3.3GHZ)",Wi-Fi,1.5TB SSD,Black,C Grade,"",,
4932880,PS51TBBLACA,Sony,PlayStation 5 Disc,CFI-1015A,Wi-Fi,1TB,Black,A Grade,"",,
4932882,PLAYSTATION5DISCCFI-1015A1TBWHITA,Sony,PlayStation 5 Disc,CFI-1015A,Wi-Fi,1TB,White,A Grade,"",,
5072834,MBP131716GBI531512GBSPACB,Apple,"MacBook Pro (13-inch, 2017)","A1706 (16GB RAM, 3.1GHz i5)",Wi-Fi,512GB,Space Grey,B Grade,"",,
5073962,IPH13PROMAX128GBSRBLC0002,Apple,iPhone 13 Pro Max,A2484,Unlocked,128GB,Sierra Blue,C Grade,"Service Battery Warning, Broken Camera",,
5073964,IPH13PROMAX128GBSRBLC,Apple,iPhone 13 Pro Max,A2484,Unlocked,128GB,Sierra Blue,C Grade,"",,
5097597,IPH13128GBGREEC,Apple,iPhone 13,A2482,Wi-Fi,128GB,Green,C Grade,Battery Replaced - 100% Health with Warning,,
5098440,IPH16PRO128GBNTTIBM,Apple,iPhone 16 Pro,A3292,Unlocked,128GB,Natural Titanium,BM Grade,"",,
5098443,IPHONE16PROA3292BTITA128GBBM,Apple,iPhone 16 Pro,A3292,Unlocked,128GB,Black Titanium,BM Grade,"",,
5104511,MBP142116GBM1PRO1TBSPACB,Apple,"Macbook Pro (14-inch, 2021)","A2442 (16GB RAM, M1 Pro 8C/14C GPU)",Wi-Fi,1TB,Space Grey,B Grade,"",,
5104641,IPH732GBBLACCD,Apple,iPhone 7,A1778,Unlocked,32GB,Black,CD Grade,"",,
5105101,MBP142116GBM1PRO1TBSILVB,Apple,"Macbook Pro (14-inch, 2021)","A2442 (16GB RAM, M1 Pro 8C/14C GPU)",Wi-Fi,1TB,Silver,B Grade,"",,
5106206,WATCHSERIES8BLACBM,Apple,Watch Series 8,45MM GPS,GPS,N/A,Black,BM Grade,"",,
5106209,PS51TBWHITB,Sony,PlayStation 5 Digital Slim,CFI-2015,Wi-Fi,1TB,White,B Grade,"",,
5106935,THINNEO50Q8GBI5256GBBLACPR0002,Lenovo,"ThinkCentre Neo 50q Gen 4 (Desktop, 2023)","(8GB RAM, i5 13420H)",Wi-Fi,256GB,Black,PARTS & REPAIR,Missing Keys,,
5106936,THINNEO50Q8GBI5256GBBLACPR,Lenovo,"ThinkCentre Neo 50q Gen 4 (Desktop, 2023)","(8GB RAM, i5 13420H)",Wi-Fi,256GB,Black,PARTS & REPAIR,"",,
5106938,THINNEO50Q8GBI5256GBBLACA,Lenovo,"ThinkCentre Neo 50q Gen 4 (Desktop, 2023)","(8GB RAM, i5 13420H)",Wi-Fi,256GB,Black,A Grade,"",,
5107115,IMAC215178GBI5231TBHDDSILVB,Apple,"iMac (21.5-inch, FHD, 2017)","A1418 (8GB RAM, 2.3 Ghz DualCore i5)",Wi-Fi,1TB HDD,Silver,B Grade,"",,
5107116,IMAC2017A14181TBHDDSILVA,Apple,"iMac (21.5-inch, FHD, 2017)","A1418 (8GB RAM, 2.3 Ghz DualCore i5)",Wi-Fi,1TB HDD,Silver,A Grade,"",,
5107182,MBP142116GBM1PRO512GBSPACA,Apple,"Macbook Pro (14-inch, 2021)","A2442 (16GB RAM, M1 Pro 8C/14C GPU)",Wi-Fi,512GB,Space Grey,A Grade,No Power,,
5107184,MBP142116GBM1PRO512GBSPACB0002,Apple,"Macbook Pro (14-inch, 2021)","A2442 (16GB RAM, M1 Pro 8C/14C GPU)",Wi-Fi,512GB,Space Grey,B Grade,No Power,,
5107185,MBP142116GBM1PRO512GBSPACB,Apple,"Macbook Pro (14-inch, 2021)","A2442 (16GB RAM, M1 Pro 8C/14C GPU)",Wi-Fi,512GB,Space Grey,B Grade,"",,
5109017,IPH15PROMAX256GBBLUEA,Apple,iPhone 15 Pro Max,A3105,Unlocked,256GB,Blue,A Grade,"",,
5111891,PXLPIXEL9128GBOBBLN,Google,Pixel 9,G2YBB,Unlocked,128GB,Obsidian Black,NEW,"",,
5111892,WATCHSERIES1JTBLC,Apple,Watch Series 10,46MM GPS,GPS + Cellular,N/A,Jet Black,C Grade,"",,
5111893,WATCHSERIES10GPS42MMJETBLACC,Apple,Watch Series 10,42MM GPS,GPS,N/A,Jet Black,C Grade,"",,
5120392,X1CARB1316GBI7280512GBBLACB,Lenovo,"X1 Carbon (13-inch, 8th Gen)","(16GB RAM, i7 2.80 Ghz)",Wi-Fi,512GB,Black,B Grade,"",,
5126965,MBA13208GBI311256GBSILVC,Apple,"MacBook Air (13-inch, 2020)","A2179 (8GB RAM, 1.1GHz i3)",Wi-Fi,256GB,Silver,C Grade,"",,
5126966,MACBOOKAIR256SILVB00003,Apple,"MacBook Air (13-inch, 2020)","A2179 (8GB RAM, 1.1GHz i3)",Wi-Fi,256GB,Silver,B Grade,"",,
5127030,WATCHSERIESSROSGB,Apple,Watch Series SE (2022),44MM GPS,GPS,N/A,Rose Gold,B Grade,"",,
5127032,WatchSeriesSERG44,Apple,Watch Series SE (2022),44MM GPS,GPS,N/A,Rose Gold,C Grade,"",,
5127037,WATCHSERIES7STARC,Apple,Watch Series 7,45MM GPS,GPS,N/A,Starlight,C Grade,"",,
5127046,SERIES745MMGREEBM,Apple,Watch Series 7,45MM GPS+LTE,GPS+LTE,N/A,Green,C Grade,"",,
5128875,IPH11PROMAX64GBSPACC,Apple,iPhone 11 Pro Max,A2161,Unlocked,64GB,Space Grey,C Grade,"",,
5128877,IPHONEPROMA216164SPACC3VB,Apple,iPhone 11 Pro Max,A2161,Unlocked,64GB,Space Grey,C Grade,Battery Replaced - 100% Health with Warning,,
5143385,IPADAIR1STGE16GBSPACA,Apple,iPad Air 1st Gen,A1474,Wi-Fi,16GB,Space Grey,A Grade,"",,
5143386,IPADAIR1STGENA1474SPACBM,Apple,iPad Air 1st Gen,A1474,Wi-Fi,16GB,Space Grey,BM Grade,"",,
5143424,MACBOOKAIR256SPACC3VE,Apple,"MacBook Air (13-inch, 2020)","A2337 (8GB RAM, M1 8 Core)",Wi-Fi,256GB,Space Grey,C Grade,Broken LCD,,
5143431,LATI7280128GBI5256GBBLACB,Dell,"Latitude 7280 (12-inch, 2016)","(8GB RAM, i5 6300U)",Wifi,256GB,Black,B Grade,"",,
5150693,IPH7PLUS32GBBLACC,Apple,iPhone 7 Plus,A1661,Unlocked,32GB,Black,C Grade,"",,
5150695,IPHONE7PLUS32BLACC3VH,Apple,iPhone 7 Plus,A1661,Unlocked,32GB,Black,C Grade,MDM Bypassed,,
5220867,IPH12PRO256GBPCBLC,Apple,iPhone 12 Pro,A2341,Unlocked,256GB,Pacific Blue,C Grade,"",,
5220875,IPHONE12PROA2341PACIBLUEC3VJ,Apple,iPhone 12 Pro,A2341,Unlocked,256GB,Pacific Blue,C Grade,"Important Display Message - Screen Replaced LCD, Battery Replaced - 100% Health with Warning",,
5220980,IPH1164GBBLACC,Apple,iPhone 11,A2111,Unlocked,64GB,Black,C Grade,Battery Replaced - 100% Health with Warning,,
5221023,IPAD9THGEN64GBSPACBM0002,Apple,iPad 9th Gen,A2602,Wi-Fi,64GB,Space Grey,BM Grade,"",,
5221024,IPAD9THGEN64GBSPACBM,Apple,iPad 9th Gen,A2602,Wi-Fi + Cellular,64GB,Space Grey,BM Grade,"",,
5221074,ASPIASPI38GBRYZEN512GBBLUEB,Acer,"Aspire Aspire 3 (15.6-inch, 2023)","A315-24PT-R0FS (8GB RAM, AMD RYZEN 5 7520U)",Wi-Fi,512GB,Blue,B Grade,"",,
5221078,ASPIRE3A3152191ZB1TBLACB,Acer,"Aspire Aspire 3 (15.6-inch, 2018)","A315-21-91ZB (6B RAM, AMD A9-9420 RADEON 5)",Wi-Fi,1TB,Black,B Grade,"",,
5222614,IPAD10THGEN64GBBLUEO,Apple,iPad 10th Gen,A2696,Wi-Fi + Cellular,64GB,Blue,OPEN BOX,"",,
5222618,PENCWHITO,Apple,Pencil,A3085,N/A,N/A,White,OPEN BOX,"",,
5222619,PENCUSBCWHITO,Apple,Pencil,A3085,N/A,USB - C,White,OPEN BOX,"",,
5222641,MACBOOKPRO512SPACBM,Apple,"MacBook Pro (15-inch, 2017)","A1707 (16GB RAM, 2.9GHz i7)",Wi-Fi,512GB,Space Grey,BM Grade,"",,
5222657,SURFACEPRO4128SILVBM,Microsoft,"Surface Pro 4 (12-inch, 2016)","(4GB RAM, i5 6300U)",Wi-Fi,128GB,Silver,BM Grade,"",,
5349188,IPH14PRO128GBDPPUA,Apple,iPhone 14 Pro,A2889,Unlocked,128GB,Deep Purple,A Grade,"",,
5349189,IPHONE13A2482128MIDNC2VS,Apple,iPhone 13,A2482,Wi-Fi,128GB,Midnight,C Grade,Cracked Front Glass,,
5349190,IPH13128GBMIDNA,Apple,iPhone 13,A2482,Wi-Fi,128GB,Midnight,A Grade,"",,
5349192,IPH13128GBMIDNB,Apple,iPhone 13,A2482,Wi-Fi,128GB,Midnight,B Grade,"",,
5351341,IPH13PROMAX128GBGRAPC,Apple,iPhone 13 Pro Max,A2484,Wi-Fi,128GB,Graphite,C Grade,"",,
5359816,WATCHSERIES1ALUMINVARIA,Apple,Watch Series 11,46MM,GPS,Aluminum,Select a Color,A Grade,"",,
5359817,WATCHSERIES1146MMGPSALUMSPACA,Apple,Watch Series 11,46MM,GPS,Aluminum,Space Gray M/L,A Grade,"",,
5359842,PXLPIXEL9256GBOBSIO,Google,Pixel 9,Pro Fold,Unlocked,256GB,Obsidian,OPEN BOX,"",,
5359843,PIXEL10PROXL256OBSIO,Google,Pixel 10 Pro,XL,Unlocked,256GB,Obsidian,OPEN BOX,"",,
5359894,HANDCLAWA1M16GBCOREU512GBBLACB,MSI,"Handheld Claw A1M 7"" FHD 120Hz","(16GB RAM, Intel Core Ultra 5-135H)",Wi-Fi,512GB,Black,B Grade,"",,
5359896,MSIHANDHELDCLAWA1M512BLACO,MSI,"Handheld Claw A1M 7"" FHD 120Hz","(16GB RAM, Intel Core Ultra 5-135H)",Wi-Fi,512GB,Black,OPEN BOX,"",,
5360782,X1CARBON6THGEN512BLACB00002,Lenovo,"X1 Carbon (13-inch, 6th)","(16GB RAM, i7 8650U)",Wi-Fi,512GB,Black,B Grade,"",,
5364901,MBA13208GBM1256GBROSGB,Apple,"MacBook Air (13-inch, 2020)","A2337 (8GB RAM, M1 8 Core)",Wi-Fi,256GB,Rose Gold,B Grade,Good Screen - Motherboard Issue,,
5370938,IMAC27INCH5K20191TBSILVA,Apple,"iMac (27-inch, 5K, 2019)","A2115 (16GB RAM, 3.6GHz 8 Core i9)",Wi-Fi,1TB SSD,Silver,A Grade,"",,
5370939,CREATORA15A10SDT2020512BLACA,MSI,"Creator A15 A10SDT-073TW (15.6-inch FHD Touch, 2020)","(16GB RAM, Intel Core i7-10750H)",Wi-Fi,512GB,Black,A Grade,"",,
5370976,MBA1919328128RGA,Apple,"MacBook Air (13-inch, 2018)","A1932 (8GB RAM, 1.6GHz i5)",Wi-Fi,128GB,Rose Gold,A Grade,"",,
5370987,MBA13228GBM2256GBSILVB,Apple,"MacBook Air (13-inch, 2022)","A2681 (8GB RAM, M2 8 Core)",Wi-Fi,256GB,Silver,B Grade,Broken LCD,,
5370994,MACBOOKAIR256GOLDB40S,Apple,"MacBook Air (13-inch, 2020)","A2337 (8GB RAM, M1 8CORE, 7GPU)",Wi-Fi,256GB,Gold,B Grade,Broken LCD,,
5371008,MACBOOKAIR256ROSEC00002,Apple,"MacBook Air (13-inch, 2020)","A2179 (8GB RAM, 1.1GHz i5)",Wi-Fi,256GB,Rose Gold,C Grade,"",,
5371009,MACBOOKAIR512SPACA00002,Apple,"MacBook Air (13-inch, 2020)","A2337 (8GB RAM, M1 8 Core)",Wi-Fi,512GB,Space Grey,A Grade,"",,
5371012,MBP13208GBM1512GBSPACB0002,Apple,"MacBook Pro (13-inch, 2020)","A2338 (8GB RAM, M1)",Wi-Fi,512GB,Space Grey,B Grade,"",,
5371013,MACBOOKPRO512SPACA00006,Apple,"MacBook Pro (13-inch, 2020)","A2338 (8GB RAM, M1)",Wi-Fi,512GB,Space Grey,A Grade,"",,
5427919,MBA13228GBM2256GBSILVCD,Apple,"MacBook Air (13-inch, 2022)","A2681 (8GB RAM, M2 8 Core)",Wi-Fi,256GB,Silver,CD Grade,Broken LCD,,
5427992,MACBOOKAIR256SILVD40Q,Apple,"MacBook Air (13-inch, 2022)","A2681 (8GB RAM, M2 8 Core)",Wi-Fi,256GB,Silver,D Grade,Broken LCD,,
5468119,MBP162436GBM4MAX1TBSPBLB,Apple,"MacBook Pro (16-inch, 2024)","A3186 (36GB RAM, M4 MAX 14C 32C)",Wi-Fi,1TB,Space Black,B Grade,MDM Bypassed,,
5468123,XPS95601516GBI7512GBSILVPR,Dell,"XPS 9560 (15-inch, 2018)","(16GB RAM, i7 7700HQ)",Wifi,512GB,Silver,PARTS & REPAIR,Powers ON - Black Display (No Display Shown),,
5468125,XPS95601516GBI7512GBSILVA,Dell,"XPS 9560 (15-inch, 2018)","(16GB RAM, i7 7700HQ)",Wifi,512GB,Silver,A Grade,Powers ON - Black Display (No Display Shown),,
5468127,XPS9560201816GBRAMi77700HQ512SILVA,Dell,"XPS 9560 (15-inch, 2018)","(16GB RAM, i7 7700HQ)",Wifi,512GB,Silver,A Grade,"",,
5468130,AppleiPad8thGen32A2270,Apple,iPad 8th Gen,A2270,Wi-Fi,32GB,Space Grey,A Grade,"",,
5468131,Apple iPad 8th Gen 32GB [A2270] B,Apple,iPad 8th Gen,A2270,Wi-Fi,32GB,Space Grey,B Grade,"",,
5468136,IPH13PRO128GBSRBLC,Apple,iPhone 13 Pro,A2483,Wi-Fi,128GB,Sierra Blue,C Grade,"",,
5468137,IPHONE13PROA2483128SBLUEC-41H,Apple,iPhone 13 Pro,A2483,Wi-Fi,128GB,Sierra Blue,C Grade,"Important Display Message - Screen Replaced LCD, Battery Replaced - 100% Health with Warning",,
5468138,PIXEL8G9BQDUNLOCKED128OBSIBM,Google,Pixel 8,G9BQD,Unlocked,128GB,Obsidian,BM Grade,"",,
5468139,IPAD8THGENA227032GBSPACC,Apple,iPad 8th Gen,A2270,Wi-Fi,32GB,Space Grey,C Grade,"",,
5468141,PROB450G816GBI5512GBSILVN,HP,"ProBook 450 G8 (15-inch, 2021)","450 G8 (16GB RAM, i5 1135G7)",Wi-Fi,512GB,Silver,NEW,"",,
5468142,PROBOOK4G1A2025512SILVN,HP,"ProBook 4 G1A  (14-inch, 2025)","(16GB RAM, Ryzen 7 250)",Wi-Fi,512GB,Silver,NEW,"",,
5468143,PROB4G1A16GBRYZEN512GBSILVO,HP,"ProBook 4 G1A  (14-inch, 2025)","(16GB RAM, Ryzen 7 250)",Wi-Fi,512GB,Silver,OPEN BOX,"",,
5468144,PROB445G1116GBRYZEN512GBSILVO,HP,"ProBook 445 G11 (14-inch, 2025)","(16GB RAM, Ryzen 7 7735U)",Wi-Fi,512GB,Silver,OPEN BOX,"",,
5468145,PROBOOK445G112024512SILVO,HP,"ProBook 445 G11 (14-inch, 2024)","(16GB RAM, Ryzen 7 7735U)",Wi-Fi,512GB,Silver,OPEN BOX,"",,
5468146,X1YOGA2016256BLACC41O,Lenovo,"X1 Yoga (14-inch, 2016)","(8GB RAM, i5 6300U)",Wi-Fi,256GB,Black,C Grade,"",,
5476157,X1CARBON6THGEN512BLACB,Lenovo,"X1 Carbon (14-inch, 6th)","(16GB RAM, i7 8650U)",Wi-Fi,512GB,Black,B Grade,"",,
5477331,IPHONE14PROMA2561128SPACBC-41P,Apple,iPhone 14 Pro Max,A2561,Unlocked,128GB,Space Black,C Grade,"Important Display Message - Screen Replaced LCD, Battery Replaced - 100% Health with Warning",,
5478603,IPADMINI6A2567WIFI64GBPURPA,Apple,iPad mini 6,A2567,Wi-Fi,64GB,Purple,A Grade,"",,
5499073,IPHONESE2NDGA227564GBLACC-442,Apple,iPhone SE 2nd Gen,A2275,Unlocked,64GB,Black,C Grade,Cracked Back Glass,,
5535451,SAMS23FE128GBBLACA,Samsung,Galaxy S23 FE,SM-S911,Unlocked,128GB,Black,A Grade,"",,
5535456,SAMS23FE128GBCREMA,Samsung,Galaxy S23 FE,SM-S911,Unlocked,128GB,Cream,A Grade,"",,
5535458,SAMS23FE128GBPURPA,Samsung,Galaxy S23 FE,SM-S911,Unlocked,128GB,Purple,A Grade,"",,
5535705,TUFFX505D2019(8GB RAM512BLACB,ASUS,"TUF Gaming FX505D (15.6-inch, 2019)","(8GB RAM, AMD Ryzen 5 3550H)",Wi-Fi,512GB,Black,B Grade,"",,
5535727,IPHONE13A2482128MIDNC-42N,Apple,iPhone 13,A2482,Wi-Fi,128GB,Midnight,C Grade,Service Battery Warning,,
5535734,MBP132016GBI5512GBSILVA,Apple,"MacBook Pro (13-inch, 2020)","A2251 (16GB RAM, 2GHz i5)",Wi-Fi,512GB,Silver,A Grade,Good Screen - Motherboard Issue,,
5535765,T4902019512BLACB,Lenovo,"T490 (14-inch Touch, 2019)","(16GB RAM, i5 8365U)",Wi-Fi,512GB,Black,B Grade,"",,
5538128,SAMS25ULTRA256GBBLACO,Samsung,Galaxy S25 Ultra,SM-S938W,Wi-Fi,256 GB,Titanium Black,OPEN BOX,"",,
5538130,GALAXYS25FESM-S731WZKAXAC128JETBO,Samsung,Galaxy S25 FE,SM-S731WZKAXAC,Wi-Fi,128GB,Jet Black,OPEN BOX,"",,
5538139,PAVIX360TOUC8GBI5512GBSILVC,HP,"Pavilion x360 Touch (14-inch, 2023))","(8GB RAM, i5 1335u)",Wi-Fi,512GB,Silver,C Grade,Bad Battery - Only works Plugged in,,
5538145,MT442018256SILVC42R,HP,"MT44 (14-inch, 2018)","(16GB RAM, AMD Ryzen 3 Pro 2300U)",Wi-Fi,256GB,Silver,C Grade,Bad Battery - Only works Plugged in,,
5539061,IPAD9THGENA260264GBSPACA-41G,Apple,iPad 9th Gen,A2602,Wi-Fi,64GB,Space Grey,A Grade,MDM Bypassed,,
5541352,IPHONESE2NDGA227564GBLACBM,Apple,iPhone SE 2nd Gen,A2275,Unlocked,64GB,Black,BM Grade,"",,
5541782,AIRPODS4184709UNKNA,Apple,AIRPODS 4 WITH CHARGING CASE (USB-C),MXP63AM/A,195949688454,18470962,Unknown,A Grade,"",,
5541783,AIRPODS4USBCANCA,Apple,AIRPODS 4 WITH CHARGING CASE (USB-C ANC MODEL),MXP63AM/A,195949688454,18470962,Unknown,A Grade,"",,
5541816,HERO9CAMONLYBLACC,GoPro,GoPro HERO9 Black,Camera Only with Case,818279029031,17502416,Unknown,C Grade,"",,
5541817,GOPRCHDC101175024UNKNA,GoPro,GoPro CHDCB-101-TH HERO10 Black Waterproof 5.3K Sports & Helmet Camera Bundle- Black,CHDCB-101-TH/CA,818279029031,17502416,Unknown,A Grade,"",,
5541818,HERO9CAMERAONLYBLACA,GoPro,GoPro HERO9 Black,Camera Only with Case,818279029031,17502416,Unknown,A Grade,"",,
5541849,MACBOOKPRO20241TBSBLACBM,Apple,"MacBook Pro (16-inch, 2024)","A3186 (36GB RAM, M4 MAX 14C 32C)",Wi-Fi,1TB,Space Black,BM Grade,"",,
5541917,MACBOOKAIR2018256ROSEA,Apple,"MacBook Air (13-inch, 2018)","A1932 (16GB RAM, 1.6GHz i5)",Wi-Fi,256GB,Rose Gold,A Grade,"",,
5542394,T4902019256BLACB,Lenovo,"T490 (14-inch Touch, 2019)","(16GB RAM, i5 8365U)",Wi-Fi,256GB,Black,B Grade,"",,
5550749,MACBOOKPRO201512SILVBM,Apple,"MacBook Pro (13-inch, 2015)","A1502 (8GB RAM, 2.7GHz i5)",Wi-Fi,128GB,Silver,BM Grade,"",,
5561662,IPHONE17PROA3522256SILVA,Apple,iPhone 17 Pro,A3522,Unlocked,256GB,Silver,A Grade,"",,
5562009,IPH1164GBWHITA,Apple,iPhone 11,A2111,Unlocked,64GB,White,A Grade,Boot Loop,,
5562567,IPHONE13A2482256MIDNC,Apple,iPhone 13,A2482,Wi-Fi,256GB,Midnight,C Grade,"",,
5573753,MOTOROLAg55256,Motorola,G55,XT2435,5G,256GB,Green,A Grade,"",,
5573756,IDEA31516GBRYZEN512GBARGRB,Lenovo,"IdeaPad 3 (15.6"", 2020)","(16GB RAM, Ryzen 7 5825U)",Wi-Fi,512GB,Arctic Grey,B Grade,"",,
5573757,IDEAPAD3RYZ75825AGB,Lenovo,"IdeaPad 3 (15-inch, 2025)","(16GB RAM, Ryzen 7 5825U)",Wi-Fi,512GB,Arctic Grey,B Grade,"",,
5573758,SAMTABS10FE256GBGRAYB,Samsung,Galaxy Tab S10 FE+,SM-X620,Wifi,256GB,Gray,B Grade,"",,
5573759,SAMS10128GBBLACB,Samsung,Galaxy S10,SM-G973W,Wifi,128GB,Black,B Grade,"",,
5573761,E15RYZEN550016512BLKA,Lenovo,"E15 (15-inch, 2021)","(16GB RAM, Ryzen 5 5500U)",Wi-Fi,512GB,Black,A Grade,"",,
5574065,IP13128GBPNKCSBW,Apple,iPhone 13,A2482,Wi-Fi,128GB,Pink,C Grade,Service Battery Warning,,
5576942,2019MBP15I916512SILVC,Apple,"MacBook Pro (15-inch, 2019)","A1990 (16GB RAM, 2.3GHz i9)",Wi-Fi,512GB,Silver,C Grade,"",,
5576964,MBP151916GBI9241TBSPACBM,Apple,"MacBook Pro (15-inch, 2019)","A1990 (16GB RAM, 2.4GHz i9)",Wi-Fi,1TB,Space Grey,BM Grade,"",,
5576965,2019MBP152.4I91TBSPACA,Apple,"MacBook Pro (15-inch, 2019)","A1990 (16GB RAM, 2.4GHz i9)",Wi-Fi,1TB,Space Grey,A Grade,"",,
5576978,2017MBP15I72.816256SPACA,Apple,"MacBook Pro (15-inch, 2017)","A1707 (16GB RAM, 2.8GHz i7)",Wi-Fi,256GB,Space Grey,A Grade,"",,
5576979,2017MBP15I72.816256SPACB,Apple,"MacBook Pro (15-inch, 2017)","A1707 (16GB RAM, 2.8GHz i7)",Wi-Fi,256GB,Space Grey,B Grade,"",,
5576987,2019MBA256SILVA,Apple,"MacBook Air (13-inch, 2019)","A1932 (8GB RAM, 1.6GHz i5)",Wi-Fi,256GB,Silver,A Grade,"",,
5576988,2019MBA256GOLDA,Apple,"MacBook Air (13-inch, 2019)","A1932 (8GB RAM, 1.6GHz i5)",Wi-Fi,256,Gold,A Grade,"",,
5576989,MBA13198GBI516256GOLDBM,Apple,"MacBook Air (13-inch, 2019)","A1932 (8GB RAM, 1.6GHz i5)",Wi-Fi,256,Gold,BM Grade,"",,
5576990,MacBookAir2019Slv256B,Apple,"MacBook Air (13-inch, 2019)","A1932 (8GB RAM, 1.6GHz i5)",Wi-Fi,256GB,Silver,BM Grade,"",,
5576991,2019MBA256GBSPACA,Apple,"MacBook Air (13-inch, 2019)","A1932 (8GB RAM, 1.6GHz i5)",Wi-Fi,256GB,Space Grey,A Grade,"",,
5576992,2019A1932256SPGB,Apple,"MacBook Air (13-inch, 2019)","A1932 (8GB RAM, 1.6GHz i5)",Wi-Fi,256GB,Space Grey,B Grade,"",,
5577006,2020MBA512GBSPACA,Apple,"MacBook Air (13-inch, 2020)","A2179 (8GB RAM, 1.1GHz i3)",Wi-Fi,512GB,Space Grey,A Grade,"",,
5577010,A21153.18256SILVA,Apple,"iMac (27-inch, 5K, 2020)","A2115 (8GB RAM, 3.1GHz 6 Core i5)",Wi-Fi,256GB,Silver,A Grade,"",,
5577017,iPhone11128BB,Apple,iPhone 11,A2111,Unlocked,128GB,Black,A Grade,"",,
5577018,iPhone11128bm,Apple,iPhone 11,A2111,Unlocked,128GB,Black,BM Grade,"",,
5577019,iPhone13256bm,Apple,iPhone 13,A2482,Wi-Fi,256GB,Midnight,BM Grade,"",,
5577020,iPhone13256a,Apple,iPhone 13,A2482,Wi-Fi,256GB,Midnight,A Grade,"",,
5577021,iPhone13256b,Apple,iPhone 13,A2482,Wi-Fi,256GB,Midnight,B Grade,"",,
5577053,IPH12PRO128GBPCBLA,Apple,iPhone 12 Pro,A2341,Unlocked,128GB,Pacific Blue,A Grade,"",,
5577054,iPhone12propba256,Apple,iPhone 12 Pro,A2341,Unlocked,256GB,Pacific Blue,A Grade,"",,
5577055,IPH12PRO256GBGRAPA,Apple,iPhone 12 Pro,A2341,Unlocked,256GB,Graphite,A Grade,"Battery Replaced - 100% Health with Warning, Face ID Not working",,
5577056,iPhone12pro256gpa,Apple,iPhone 12 Pro,A2341,Unlocked,256GB,Graphite,A Grade,"",,
5577057,iPhone12progp256b,Apple,iPhone 12 Pro,A2341,Unlocked,256GB,Graphite,B Grade,"",,
5577058,iPhone12propb256b,Apple,iPhone 12 Pro,A2341,Unlocked,256GB,Pacific Blue,B Grade,"",,
5582319,iphonea190564whta,Apple,iPhone 8,A1905,Unlocked,64GB,White,A Grade,"",,
5582397,LATI5420148GBI5256GBSILVC,Dell,"Latitude 5420 (14-inch, 2021)","(8GB RAM, i5 1145G7)",Wifi,256GB,Silver,C Grade,"",,
5582398,LATITUDE542016256SILVC,Dell,"Latitude 5420 (14-inch, 2021)","(16GB RAM, i5 1135G7)",Wifi,256GB,Silver,C Grade,"",,
5582515,IPH1164GBWHITC0002,Apple,iPhone 11,A2111,Unlocked,64GB,White,C Grade,Boot Loop,,
5582516,IPH1164GBWHITC,Apple,iPhone 11,A2111,Unlocked,64GB,White,C Grade,Battery Replaced - 100% Health with Warning,,
5582517,IP1164WHTCC,Apple,iPhone 11,A2111,Unlocked,64GB,White,C Grade,"Important Display Message - Screen Replaced LCD, Battery Replaced - 100% Health with Warning",,
5582520,MBA13208GBM1256GBGOLDC,Apple,"MacBook Air (13-inch, 2020)","A2337 (8GB RAM, M1 8CORE, 7GPU)",Wi-Fi,256GB,Gold,C Grade,"",,
5582521,M1A2337RGCNC,Apple,"MacBook Air (13-inch, 2020)","A2337 (8GB RAM, M1 8CORE, 7GPU)",Wi-Fi,256GB,Gold,C Grade,No Camera Detected,,
5582522,F513IA-NH7716512BLKC,ASUS,"VivoBook F513IA-NH77 (15.6-inch, 2020)","(16GB RAM, i7 AMD Ryzen 7 4700U)",Wi-Fi,512GB,Black,C Grade,"",,
5588972,VIVOBOOKNH77R716512BLKC,ASUS,"VivoBook F513IA-NH77 (15.6-inch, 2020)","(16GB RAM, AMD Ryzen 7 4700U)",Wi-Fi,512GB,Black,C Grade,"",,
5592546,MBP131816GBI727512GBSILVC,Apple,"MacBook Pro (13-inch, 2018)","A1989 (16GB RAM, 2.7GHz i7)",Wi-Fi,512GB,Silver,C Grade,"",,
5593757,IPADMINI7A17128GBSTARN,Apple,iPad mini 7 (A17 Pro),A2993,Wi-Fi,128GB,Starlight,NEW,"",,
5593774,PAVIX360TOUC16GBI7512GBSILVC,HP,"Pavilion x360 Touch (14-inch, 2023)","(16GB RAM, i7 1255u)",Wi-Fi,512GB,Silver,C Grade,"",,
5593775,HPPAVX360151255U16512SILVA,HP,"Pavilion x360 Touch (14-inch, 2023)","(16GB RAM, i7 1255u)",Wi-Fi,512GB,Silver,A Grade,"",,
5593777,IPH14128GBPURPB,Apple,iPhone 14,A2881,Unlocked,128GB,Purple,B Grade,"",,
5593798,NSW32GBBLACN,Nintendo,Switch,HAC-001,Wi-Fi,32GB,Black,NEW,"",,
5593799,NSW2256GBBLACN,Nintendo,Switch 2,2,Wi-Fi,256GB,Black,NEW,"",,
5634855,IPH14128GBBLUEC,Apple,iPhone 14,A2881,Unlocked,128GB,Blue,C Grade,"",,
5634856,MBP131716GBI735512GBSPACC,Apple,"MacBook Pro (13-inch, 2017)","A1708 (16GB RAM, 3.5GHz i7)",Wi-Fi,512GB,Space Grey,C Grade,"",,
5634859,E1515INCH8GBRYZEN256GBBLACA,Lenovo,"E15 (15-inch, 2021)","(8GB RAM, Ryzen 5 5500U)",Wi-Fi,256GB,Black,A Grade,"",,
5634860,E1515INCH8GBRYZEN256GBBLACC,Lenovo,"E15 (15-inch, 2021)","(8GB RAM, Ryzen 5 5500U)",Wi-Fi,256GB,Black,C Grade,"",,
5634866,IPHONE12A217264BLUC,Apple,iPhone 12,A2172,Unlocked,128GB,Blue,C Grade,"",,
5634874,IPH732GBROSGC,Apple,iPhone 7,A1778,Unlocked,32GB,Rose Gold,C Grade,"",,
5658477,MBA15238GBM2256GBSILVO,Apple,"MacBook Air (15-inch, 2023)","A2941 (8GB RAM, M2 10 Core)",Wi-Fi,256GB,Silver,OPEN BOX,"",,
5658478,MBA15238GBM2256GBSTARO,Apple,"MacBook Air (15-inch, 2023)","A2941 (8GB RAM, M2 10 Core)",Wi-Fi,256GB,Starlight,OPEN BOX,"",,
5658479,MBA15238GBM2512GBSTARO,Apple,"MacBook Air (15-inch, 2023)","A2941 (8GB RAM, M2 10 Core)",Wi-Fi,512GB,Starlight,OPEN BOX,"",,
5658483,PXLPIXEL7PRO128GBOBSIN0002,Google,Pixel 7 Pro,GFE4J,Unlocked,128GB,Obsidian,NEW,Broken LCD,,
5658484,PXLPIXEL7PRO128GBOBSIN,Google,Pixel 7 Pro,GFE4J,Unlocked,128GB,Obsidian,NEW,"",,
5658486,PXL7PROOBSC,Google,Pixel 7 Pro,GFE4J,Unlocked,128GB,Obsidian,C Grade,"",,
5666071,ZFLIP5512GBBLACA,Samsung,Z Flip 5,SM- F731,Wi-Fi,512GB,Black,A Grade,"",,
5666077,ZFLIP5256GBPURPA,Samsung,Z Flip 5,SM- F731,Wi-Fi,256GB,Purple,A Grade,"",,
5666084,IPADAIR11INC128GBSPACA,Apple,"iPad Air 11-inch (6th Gen, M2)",A2898,Wi-Fi,128GB,Space Grey,A Grade,"",,
5670685,A1708i58128SLVC,Apple,"MacBook Pro (13-inch, 2017)","A1708 (8GB RAM, 2.3GHz i5)",Wi-Fi,128GB,Silver,C Grade,Service Battery Warning,,
5671647,WATCHSERIES7MIDNB,Apple,Watch Series 7,45MM,GPS + Cellular,N/A,Midnight,B Grade,"",,
5671648,APWTCH745GCBMMD,Apple,Watch Series 7,45MM,GPS + Cellular,N/A,Midnight,BM Grade,"",,
5680096,GALAXYTABA7LITEABLK,Samsung,Galaxy Tab A7 Lite,SM-T227U,Wi-Fi & Cellular,32GB,Black,A Grade,"",,
5680103,SAMS23ULTRA256GBBLACBM,Samsung,Galaxy S23 Ultra,SM-S918B/DS,Wi-Fi,256GB,Black,BM Grade,"",,
5680107,S23ULTRALMG256BM,Samsung,Galaxy S23 Ultra,SM-S918B/DS,Wi-Fi,256GB,Lime,BM Grade,"",,
5685210,IPADPRO13M5256GBSPACA,Apple,"iPad Pro 13"" M5",A3360,Wi-Fi,256GB,Space Grey,A Grade,"",,
5685211,IPADPRO13M5256GBSPACN,Apple,"iPad Pro 13"" M5",A3360,Wi-Fi,256GB,Space Grey,NEW,"",,
5691931,IPADPRO11INC128GBSPACA,Apple,iPad Pro 11 inch 2nd Gen,A2068,Wi-Fi,128GB,Space Grey,A Grade,"",,
5691932,MBA15228GBM2256GBSPACA,Apple,"MacBook Air (15-inch, 2022)","A2941 (8GB RAM, M2 8 Core)",Wi-Fi,256GB,Space Grey,A Grade,"",,
5691933,VIVOF513NH7716GBI7512GBBLACA,ASUS,"VivoBook F513IA-NH77 (15.6-inch, 2020)","(16GB RAM, i7 AMD Ryzen 7 4700U)",Wi-Fi,512GB,Black,A Grade,"",,
5691949,ASUSVIVOBOOKS14BLUEA,ASUS,"VivoBook S 14 (14-inch, 2023)","(16GB RAM, i7-12700H)",Wi-Fi,512GB,Blue,A Grade,"",,
5691953,M215SPGA,Apple,"MacBook Air (15-inch, 2023)","A2941 (8GB RAM, M2 10 Core)",Wi-Fi,256GB,Space Grey,A Grade,"",,
5695298,IPADPRO11INC128GBSPACC,Apple,iPad Pro 11 inch 2nd Gen,A2068,Wi-Fi,128GB,Space Grey,C Grade,"",,
5727064,IPHONE8A190564GGOLDA,Apple,iPhone 8,A1863,Unlocked,64GB,Gold,A Grade,"",,
5728578,IPHONESE3RDGA2595128REDA,Apple,iPhone SE 3rd Gen,A2595,Unlocked,128GB,Red,A Grade,"",,
5728583,IPHONESE3RDGA2595128BLACBM,Apple,iPhone SE 3rd Gen,A2595,Unlocked,128GB,Black,BM Grade,"",,
5728592,IPHONESE3RDGA2595128REDB,Apple,iPhone SE 3rd Gen,A2595,Unlocked,128GB,Red,B Grade,"",,
5728597,IPHONESE3RDGA2595128REDBM,Apple,iPhone SE 3rd Gen,A2595,Unlocked,128GB,Red,BM Grade,"",,
5728667,IPSE3WHTC128,Apple,iPhone SE 3rd Gen,A2595,Unlocked,128GB,White,C Grade,"",,
5729665,IP8A1864GLDC,Apple,iPhone 8 Plus,A1864,Unlocked,64GB,Gold,C Grade,"",,
5729676,IPHONEA1864256SLVA,Apple,iPhone 8 Plus,A1864,Unlocked,256GB,Silver,A Grade,"",,
5729677,IPHONEA1864256SLVB,Apple,iPhone 8 Plus,A1864,Unlocked,256GB,Silver,B Grade,"",,
5729686,IPHONEA186464GOLDBM,Apple,iPhone 8 Plus,A1864,Unlocked,64GB,Gold,BM Grade,"",,
5729688,IPHONEA186464REDBM,Apple,iPhone 8 Plus,A1864,Unlocked,64GB,Red,BM Grade,"",,
5729851,IPHONE8PLUSA1864256REDA,Apple,iPhone 8 Plus,A1864,Unlocked,256GB,Red,A Grade,"",,
5729904,IPHONEA186464REDB,Apple,iPhone 8 Plus,A1864,Unlocked,64GB,Red,B Grade,"",,
5729925,IPHONEA186464SLVA,Apple,iPhone 8 Plus,A1864,Unlocked,64GB,Silver,A Grade,"",,
5729942,IP12MINI64BLUC,Apple,iPhone 12 mini,A2398,Unlocked,64GB,Blue,C Grade,"",,
5729943,IPHONE12MINI64BLUEBM,Apple,iPhone 12 mini,A2398,Unlocked,64GB,Blue,BM Grade,"",,
5729954,IPHONE12MINI64BLKBM,Apple,iPhone 12 mini,A2398,Unlocked,64GB,Black,BM Grade,"",,
5729965,IP12MINIBLK64C,Apple,iPhone 12 mini,A2398,Unlocked,64GB,Black,C Grade,"",,
5729972,IPHONE12MINI64BLKA,Apple,iPhone 12 mini,A2398,Unlocked,64GB,Black,A Grade,"",,
5729995,IP8PLUS64SGC,Apple,iPhone 8 Plus,A1864,Unlocked,64GB,Space Grey,C Grade,"",,
5730007,IPHONEA1864256SPGB,Apple,iPhone 8 Plus,A1864,Unlocked,256GB,Space Grey,B Grade,"",,
5730346,WATCHSERIESSSTARB,Apple,Watch Series SE 3,40MM GPS,GPS,N/A,Starlight,B Grade,"",,
5730347,WTCHSE340MMSTRGPSO,Apple,Watch Series SE 3,40MM GPS,GPS,N/A,Starlight,OPEN BOX,"",,
5730407,MBA132516GBM4256GBMIDNO,Apple,"MacBook Air (13-inch, 2025)","A3240 (16GB RAM, M4 8 Core)",Wi-Fi,256GB,Midnight,OPEN BOX,"",,
5730485,HP15DY208GBI3256GBSILVC0002,HP,"HP 15-DY2038CA (15.6-inch, 2021)","(8GB RAM, i3 1125G4)",Wi-Fi,256GB,Silver,C Grade,Bad Battery,,
5730486,HP15DY208GBI3256GBSILVC,HP,"HP 15-DY2038CA (15.6-inch, 2021)","(8GB RAM, i3 1125G4)",Wi-Fi,256GB,Silver,C Grade,LCD Blemish Heavy,,
5730487,HP15DA8CAI581TBCBH,HP,"Notebook 15-DA0008CA (15.6-inch Touch, 2018)","(8GB RAM, i5 8250U)",Wi-Fi,1TB HDD,Silver,C Grade,LCD Blemish Heavy,,
5730494,MBP2016A170BSLVB,Apple,"Macbook Pro (13-inch, 2016)","A1708 (8GB RAM, 2.0GHz i5)",Wi-Fi,256GB,Silver,B Grade,"",,
5730495,MBP13168GBI520256GBSILVA,Apple,"Macbook Pro (13-inch, 2016)","A1708 (8GB RAM, 2.0GHz i5)",Wi-Fi,256GB,Silver,A Grade,"",,
5769592,SAMA03CORE32GBBLACBM,Samsung,Galaxy A03 Core,SM-A032F/DS,Wi-Fi,32GB,Black,BM Grade,"",,
5769593,GALAXYA155GSM-A15564BLACA,Samsung,Galaxy A15 5G,SM-A155,Wi-Fi,64GB,Black,A Grade,"",,
5769595,A03S23BLKBM,Samsung,Galaxy A03s,SM-A032F/DS,Wi-Fi,32GB,Black,BM Grade,"",,
5769627,SAMTABA8INC16GBGREYA,Samsung,"Galaxy Tab A (8-inch, 2015)",T350,Unlocked,16GB,Grey,A Grade,"",,
5769737,MACBOOKA2941512MIDNA,Apple,"MacBook Air (15-inch, 2022)","A2941 (8GB RAM, M2 8 Core)",Wi-Fi,512GB,Midnight,A Grade,"",,
5773085,LATITUDE5420i516256SLVBM,Dell,"Latitude 5420 (14-inch, 2021)","(16GB RAM, i5 1135G7)",Wifi,256GB,Silver,BM Grade,"",,
5773091,E15RYZEN55008256BLKB,Lenovo,"E15 (15-inch, 2021)","(8GB RAM, Ryzen 5 5500U)",Wi-Fi,256GB,Black,B Grade,"",,
5773093,LATITUDE5420i516256SLVB,Dell,"Latitude 5420 (14-inch, 2021)","(16GB RAM, i5 1135G7)",Wifi,256GB,Silver,B Grade,"",,
5773103,MBA1932i58128SLVBM,Apple,"MacBook Air (13-inch, 2018)","A1932 (8GB RAM, 1.6GHz i5)",Wi-Fi,128GB,Silver,BM Grade,"",,
5778378,IPAD11THGEN128GBBLUEN,Apple,iPad 11th Gen,A16,Wi-Fi,128GB,Blue,NEW,"",,
5783498,5KIMAC2017i5161TB,Apple,"iMac (27-inch, 5K, 2017)","A1419 (8GB RAM, 3.4GHz QuadCore i5)",Wi-Fi,1TB,Silver,A Grade,"",,
5795354,MBA193216512SLVA,Apple,"MacBook Air (13-inch, 2019)","A1932 (16GB RAM, 1.6GHz i5)",Wi-Fi,512GB,Silver,A Grade,"",,
5795418,2017MBP15I72.816256SPACBM,Apple,"MacBook Pro (15-inch, 2017)","A1707 (16GB RAM, 2.8GHz i7)",Wi-Fi,256GB,Space Grey,BM Grade,"",,
5795508,MBPA17082.4i716512SGA,Apple,"Macbook Pro (13-inch, 2016)","A1708 (16GB RAM, 2.4GHz i7)",Wi-Fi,512GB,Space Gray,B Grade,"",,
5795509,MBP2.4i716512SGA,Apple,"Macbook Pro (13-inch, 2016)","A1708 (16GB RAM, 2.4GHz i7)",Wi-Fi,512GB,Space Gray,A Grade,"",,
5795515,MBAA2179i316256GLDA,Apple,"MacBook Air (13-inch, 2020)","A2179 (16GB RAM, 1.1GHz i3)",Wi-Fi,256GB,Rose Gold,A Grade,"",,
5795519,MBPA17088256SGA,Apple,"MacBook Pro (13-inch, 2017)","A1708 (8GB RAM, 2.3GHz i5)",Wi-Fi,256GB,Space Grey,A Grade,"",,
5795522,MBPA17082.316256SGA,Apple,"MacBook Pro (13-inch, 2017)","A1708 (16GB RAM, 2.3GHz i5)",Wi-Fi,256GB,Space Grey,A Grade,"",,
5796075,MBA19328128SGBM,Apple,"MacBook Air (13-inch, 2018)","A1932 (8GB RAM, 1.6GHz i5)",Wi-Fi,128GB,Space Grey,BM Grade,"",,
5796108,MBA19328128RGB,Apple,"MacBook Air (13-inch, 2018)","A1932 (8GB RAM, 1.6GHz i5)",Wi-Fi,128GB,Rose Gold,B Grade,"",,
5796335,MBA19328512SLVA,Apple,"MacBook Air (13-inch, 2019)","A1932 (8GB RAM, 1.6GHz i5)",Wi-Fi,512GB,Silver,A Grade,"",,
5796341,MBP151616GBI7256GBSPACA,Apple,"Macbook Pro (15-inch, 2016)","A1707 (16GB RAM, 2..6GHz i7)",Wi-Fi,256GB,Space Gray,A Grade,"",,
5796349,MBP151616GBI7256GBSPACB,Apple,"Macbook Pro (15-inch, 2016)","A1707 (16GB RAM, 2..6GHz i7)",Wi-Fi,256GB,Space Gray,B Grade,"",,
5796351,MBP151616GBI71TBSPACB,Apple,"Macbook Pro (15-inch, 2016)","A1707 (16GB RAM, 2..6GHz i7)",Wi-Fi,1TB,Space Gray,B Grade,"",,
5796352,MBPA13982.816256SLVB,Apple,"MacBook Pro (15-inch, 2015)","A1398 (16GB RAM, 2.8GHz i7)",Wi-Fi,256GB,Silver,B Grade,"",,
5796353,A1708i516512SLVB,Apple,"MacBook Pro (13-inch, Late 2016)","A1708 (16GB RAM, 2GHz i5)",Wi-Fi,512GB,Silver,B Grade,"",,
5796354,MBAA2179i716512SLVA,Apple,"MacBook Air (13-inch, 2020)","A2179 (16GB RAM, 1.2GHz i7)",Wi-Fi,512GB,Silver,A Grade,"",,
5796408,IP13PM128GRPHA,Apple,iPhone 13 Pro Max,A2484,Wi-Fi,128GB,Graphite,A Grade,"",,
5796409,WATCHSERIES1JTBLA,Apple,Watch Series 10,46MM GPS,GPS,N/A,Jet Black,A Grade,"",,
5796410,WTCHSERIES1046BLKBM,Apple,Watch Series 10,46MM GPS,GPS,N/A,Jet Black,BM Grade,"",,
5796411,WATCHULT349ABLKA,Apple,Watch Ultra 3,49MM GPS,GPS + Cellular,N/A,Black,A Grade,"",,
5796412,SAMA155G128GBBLACO,Samsung,Galaxy A15 5G,SM-A155,Wi-Fi,128GB,Black,OPEN BOX,"",,
5796413,A16128BLUEOP,Samsung,Galaxy A16 5G,SM-A166W,Wi-Fi,128GB,Blue Black,OPEN BOX,"",,
5796416,L490I58256BLKB,Lenovo,"L490 (14-inch, 2018)","(8GB RAM, i5 8365U)",Wi-Fi,256GB,Black,B Grade,"",,
5796417,T470I568256BLKB,Lenovo,"T470 (14-inch, 2016)","(8GB RAM, i5 6200U)",Wi-Fi,256GB,Black,B Grade,"",,
5796421,T440SI78256BLKB,Lenovo,"T440s (14-inch, 2014)","(8GB RAM, i7 4600U)",Wi-Fi,256GB SSD,Black,B Grade,"",,
5797963,A17072.6161TBSGB,Apple,"Macbook Pro (15-inch, 2016)","A1707 (16GB RAM, 2.6GHz i7)",Wi-Fi,1TB,Space Gray,B Grade,"",,
5797965,A17072.616256SGB,Apple,"Macbook Pro (15-inch, 2016)","A1707 (16GB RAM, 2.6GHz i7)",Wi-Fi,256GB,Space Gray,B Grade,"",,
5797966,A17072.616256SGA,Apple,"Macbook Pro (15-inch, 2016)","A1707 (16GB RAM, 2.6GHz i7)",Wi-Fi,256GB,Space Gray,A Grade,"",,
5815070,A193218I58512SLVA,Apple,"MacBook Air (13-inch, 2018)","A1932 (8GB RAM, 1.6GHz i5)",Wi-Fi,512GB,Silver,A Grade,"",,
5824661,IPHONESE3RDGA2595128WHTA,Apple,iPhone SE 3rd Gen,A2595,Unlocked,128GB,White,A Grade,"",,
5824812,IPHONE12A217264WHTA,Apple,iPhone 12,A2172,Unlocked,64GB,White,A Grade,"",,
5824813,IPHONEA1864256SGA,Apple,iPhone 8 Plus,A1864,Unlocked,256GB,Space Grey,A Grade,"",,
5824827,IPHONE12A217264BLKBM,Apple,iPhone 12,A2172,Unlocked,64GB,Black,BM Grade,"",,
5824853,IPHSE3RDGEN128GBBLACA,Apple,iPhone SE 3rd Gen,A2275,Unlocked,128GB,Black,A Grade,"",,
5825132,SRFCPRO11132416GB256GBPLATA0002,Microsoft,"Surface Pro 11 (13-inch, 2024)","(16GB RAM, Snapdragon X Plus)",Wi-Fi,256GB,Platinum,A Grade,"",,
5825134,SRFCPRO11132416GB256GBPLATA,Microsoft,"Surface Pro 11 (13-inch, 2024)","(16GB RAM, Snapdragon X Plus)",Wi-Fi,256GB,Platinum,A Grade,MDM Bypassed,,
5825135,SRFCPRO11132432GB512GBPLATA,Microsoft,"Surface Pro 11 (13-inch, 2024)","(32GB RAM, Intel Ultra 7 268v)",Wi-Fi,512GB,Platinum,A Grade,MDM Bypassed,,
5825143,SFPRO11OLEDULT732512,Microsoft,"Surface Pro 11 (13-inch OLED, 2024)","(32GB RAM, Intel Ultra 7 268v)",Wi-Fi,512GB,Platinum,A Grade,MDM Bypassed,,
5825175,RX580MSIGRAPHICS,MSI,Radeon RX580,4GB GDDR5 - 256BIT,DP + HDMI,500W,Black,OPEN BOX,"",,
5825182,LATITUDE7410I51031016256BLKB,Dell,"Latitude 7410 (14-inch Touch, 2020)","(16GB RAM, i5 10310U)",Wifi,256GB,Black,B Grade,"",,
5825316,IPH17STGRA,Apple,iPhone 17,A3258,Select a Network,Select a Capacity,Steel Grey,A Grade,"",,
5825317,IPH17256GBSTGRA,Apple,iPhone 17,A3258,Unlocked,256GB,Steel Grey,A Grade,"",,
5832756,M416256SKYBLUOP,Apple,"MacBook Air (13-inch, 2025)","A3240 (16GB RAM, M4 8 Core)",Wi-Fi,256GB,Sky Blue,OPEN BOX,"",,
5848920,IPH17PRO256GBVARIA,Apple,iPhone 17 Pro,A3522,Unlocked,256GB,Select a Color,A Grade,"",,
5848921,IPH17PROMAX256GBDPBLA,Apple,iPhone 17 Pro Max,A3525,Unlocked,256GB,Deep Blue,A Grade,"",,
5848922,IPH17PROMAX256GBDPBLO,Apple,iPhone 17 Pro Max,A3525,Unlocked,256GB,Deep Blue,OPEN BOX,"",,
5873600,M114A244216512SGA,Apple,"Macbook Pro (14-inch, 2021)","A2442 (16GB RAM, M1 Pro)",Wi-Fi,512GB,Space Grey,A Grade,"",,
5873615,IPH15PRO128GBNTTICD0002,Apple,iPhone 15 Pro,A2849,Unlocked,128GB,Natural Titanium,CD Grade,"",,
5873616,IPH15PRO128GBNTTICD,Apple,iPhone 15 Pro,A2849,Unlocked,128GB,Natural Titanium,CD Grade,"Cracked Back Glass, Cracked Front Glass",,
5880937,IPHXR64GBREDC,Apple,iPhone XR,A1984,Unlocked,64GB,Red,C Grade,"",,
5905606,APPLMAGIKEYBBLACN,Apple,Apple Magic Keyboard,Touch ID & Numeric Keypad,N/A,N/A,Black,NEW,"",,
5905607,MAGIMOUSA3204WHITN,Apple,Magic Mouse,Type C,N/A,A3204,White,NEW,"",,
5905611,MAGIMOUSA1657WHITN,Apple,Magic Mouse,MK2E3AM/A,N/A,A1657,White,NEW,"",,
5905614,APPLMAGIKEYBBLACO,Apple,Apple Magic Keyboard,Touch ID & Numeric Keypad,N/A,N/A,Black,OPEN BOX,"",,
5905616,MagicKeyboardFROPWhtt,Apple,Magic Keyboard,Touch ID & Numeric Keypad,N/A,A1843,White,OPEN BOX,"",,
5905618,MagicKeyboardFROPWht,Apple,Apple Magic Keyboard,Touch ID & Numeric Keypad,N/A,A1843,White,OPEN BOX,"",,
5905773,PXLPIXEL8A128GBOBSIA,Google,Pixel 8a,G9BQD,Unlocked,128GB,Obsidian,A Grade,"",,
5905774,PIXL8A128BLKB,Google,Pixel 8a,G9BQD,Unlocked,128GB,Obsidian,B Grade,"",,
5954530,IPADPRO13M4256GBSPACA,Apple,"iPad Pro 13"" M4",A2926,Wi-Fi & 5G,256GB,Space Grey,A Grade,"",,
5964050,AIRPODSMAX195949UNKNO,Apple,AirPods MAX,MWW43AM/A,195949543913,195949543913,Unknown,OPEN BOX,"",,
5964056,AIRPODSMAX195949MIDNO,Apple,AirPods MAX,MWW43AM/A,195949543913,195949543913,Midnight,OPEN BOX,"",,
5964179,SAMA155G128GBBLACC,Samsung,Galaxy A15 5G,SM-A155,Wi-Fi,128GB,Black,C Grade,"",,
5964202,IPH13MINI128GBREDC,Apple,iPhone 13 mini,A2481,Wi-Fi,128GB,Red,C Grade,No Power,,
5964204,IPH13MINI128GBMIDNC,Apple,iPhone 13 mini,A2481,Wi-Fi,128GB,Midnight,C Grade,No Power,,
5964321,MBP142116GBM1PRO512GBSILVA,Apple,"Macbook Pro (14-inch, 2021)","A2442 (16GB RAM, M1 Pro)",Wi-Fi,512GB,Silver,A Grade,MDM Locked,,
5965590,MBA132516GBM4256GBSKYBA,Apple,"MacBook Air (13-inch, 2025)","A3240 (16GB RAM, M4 8 Core)",Wi-Fi,256GB,Sky Blue,A Grade,"",,
5966686,IMAC27178GBI5341TBSILVA,Apple,"iMac (27-inch, 5K, 2017)","A1419 (8GB RAM, 3.4GHz QuadCore i5)",Wi-Fi,1TB,Silver,A Grade,Cracked Front Glass,,
5966687,IMAC27178GBI5341TBSILVCD0002,Apple,"iMac (27-inch, 5K, 2017)","A1419 (8GB RAM, 3.4GHz QuadCore i5)",Wi-Fi,1TB,Silver,CD Grade,Cracked Front Glass,,
5967172,IPHSE2NDGEN64GBREDA,Apple,iPhone SE 2nd Gen,A2275,Unlocked,64GB,Red,A Grade,Service Battery Warning,,
5967174,IPSE264RDB,Apple,iPhone SE 2nd Gen,A2275,Unlocked,64GB,Red,A Grade,"",,
5967209,IPSE2REDB,Apple,iPhone SE 2nd Gen,A2275,Unlocked,64GB,Red,B Grade,"",,
5967213,IPSE2REDBM,Apple,iPhone SE 2nd Gen,A2275,Unlocked,64GB,Red,C Grade,"",,
5967229,IPSE22265REDC,Apple,iPhone SE 2nd Gen,A2275,Unlocked,64GB,Red,BM Grade,"",,
5967327,MBP13198GBI514256GBSILVC,Apple,"MacBook Pro (13-inch, 2019)","A2159 (8GB RAM, 1.4GHz i5)",Wi-Fi,256GB,Silver,C Grade,"",,
5967328,MBP13198GBI514256GBSILVCD,Apple,"MacBook Pro (13-inch, 2019)","A2159 (8GB RAM, 1.4GHz i5)",Wi-Fi,256GB,Silver,CD Grade,"",,
5967329,MBPA21591.4256SGLCDDSC,Apple,"MacBook Pro (13-inch, 2019)","A2159 (8GB RAM, 1.4GHz i5)",Wi-Fi,256GB,Silver,CD Grade,LCD MINOR DISCOLORATION,,
5967508,MBA13208GBM1256GBSPACC,Apple,"MacBook Air (13-inch, 2020)","A2337 (8GB RAM, M1 8 Core)",Wi-Fi,256GB,Space Grey,C Grade,"No Battery Installed, Broken LCD",,
5974382,IPH17PRO256GBORANA,Apple,iPhone 17 Pro,A3522,Unlocked,256GB,Orange,A Grade,"",,
5975301,LEGIY5401512GBI5512GBBLACA,Lenovo,"Legion Y540 (15-inch, 2019)","(12GB RAM, i5 9300H)",Wi-Fi,512GB,Black,A Grade,"",,
5975420,LEGI5PRO16GBRYZEN512GBBLACA,Lenovo,"Legion 5 Pro (16-inch, 2023)","(16GB RAM, AMD Ryzen 7 7745HX)",Wi-Fi,512GB,Black,A Grade,"",,
5986456,MBA13228GBM2256GBSPACO,Apple,"MacBook Air (13-inch, 2022)","A2681 (8GB RAM, M2 8 Core)",Wi-Fi,256GB,Space Grey,OPEN BOX,"",,
5986457,MBA132216GBM2256GBSPACO,Apple,"MacBook Air (13-inch, 2022)","A2681 (16GB RAM, M2 8 Core)",Wi-Fi,256GB,Space Grey,OPEN BOX,"",,
5986603,G15i7165123060BLKB,Dell,"G15 (15-inch, 2022)","5511 (16GB RAM, I7 11800H)",Wi-Fi,512GB,Black,B Grade,"",,
5986634,A15A155128BLUEBM,Samsung,Galaxy A15 5G,SM-A155,Wi-Fi,128GB,Black,BM Grade,"",,
5986641,SAMA155G64GBBLACCD0002,Samsung,Galaxy A15 5G,SM-A155,Wi-Fi,64GB,Black,CD Grade,"",,
5986642,SAMA155G64GBBLACCD,Samsung,Galaxy A15 5G,SM-A155,Wi-Fi,64GB,Black,CD Grade,Cracked Front Glass,,
5986644,SAMA155G64GBBLACC,Samsung,Galaxy A15 5G,SM-A155,Wi-Fi,64GB,Black,C Grade,"",,
5999591,MMINIA2348512GB,Apple,Mac Mini,A2348,Wi-Fi,512GB,Silver,A Grade,"",,
5999596,M1MACMINI512GBSLVA,Apple,Mac Mini,"A2348 (8GB Ram, M1 8C/8GPU)",Wi-Fi,512GB,Silver,A Grade,"",,
5999776,MCMINIA1993i58512SGA,Apple,Mac Mini,"A1993 (8GB RAM, 3.0GHz i5)",Wi-Fi,512GB,Space Grey,A Grade,"",,
5999797,MBPA233816512SGA,Apple,"MacBook Pro (13-inch, 2020)","A2338 (16GB RAM, M1)",Wi-Fi,512GB,Space Grey,A Grade,"",,
5999953,SRFCLAPT415228GBRYZEN512GBBLACA,Microsoft,"Surface Laptop 4 (15 inch Touch, 2022)","(8GB RAM, AMD Ryzen 7)",Wifi,512GB,Black,A Grade,"",,
5999960,SRFCLAPT415228GBRYZEN512GBBLACC,Microsoft,"Surface Laptop 4 (15 inch Touch, 2022)","(8GB RAM, AMD Ryzen 7)",Wifi,512GB,Black,C Grade,"",,
6011915,HPVICTUS151250016512BLKB,HP,"Victus Gaming Laptop (15.6-inch FHD, 2022)","(16GB RAM, i5 12500H)",Wi-Fi,512GB,Black,A Grade,"",,
6011918,VICTGAMILAPT16GBI5512GBBLACB,HP,"Victus Gaming Laptop (15.6-inch FHD, 2022)","(16GB RAM, i5 12500H)",Wi-Fi,512GB,Black,B Grade,"",,
6015823,SAMS25FE512GBJTBLO,Samsung,Galaxy S25 FE,SM-S731WZKAXAC,Wi-Fi,512GB,Jet Black,OPEN BOX,"",,
6016613,MBA13208GBI311256GBSPACCD,Apple,"MacBook Air (13-inch, 2020)","A2179 (8GB RAM, 1.1GHz i3)",Wi-Fi,256GB,Space Grey,CD Grade,"",,
6016614,MACBOOKAIR(1A2179(LCDHC,Apple,"MacBook Air (13-inch, 2020)","A2179 (8GB RAM, 1.1GHz i3)",Wi-Fi,256GB,Space Grey,CD Grade,LCD HAIRLINE CRACK,,
6036402,IMAC215178GBI5231TBHDDSILVCD0002,Apple,"iMac (21.5-inch, FHD, 2017)","A1418 (8GB RAM, 2.3 Ghz DualCore i5)",Wi-Fi,1TB HDD,Silver,CD Grade,"",,
6036403,IMAC215178GBI5231TBHDDSILVCD,Apple,"iMac (21.5-inch, FHD, 2017)","A1418 (8GB RAM, 2.3 Ghz DualCore i5)",Wi-Fi,1TB HDD,Silver,CD Grade,Cracked Front Glass,,
6036404,IMAC27178GBI5341TBSILVCD,Apple,"iMac (27-inch, 5K, 2017)","A1419 (8GB RAM, 3.4GHz QuadCore i5)",Wi-Fi,1TB,Silver,CD Grade,"",,
6036453,MBA13228GBM2256GBSILVA,Apple,"MacBook Air (13-inch, 2022)","A2681 (8GB RAM, M2 8 Core)",Wi-Fi,256GB,Silver,A Grade,Broken LCD,,
6036455,MBA13208GBM1256GBGOLDB,Apple,"MacBook Air (13-inch, 2020)","A2337 (8GB RAM, M1 8CPU/7GPU)",Wi-Fi,256GB,Gold,B Grade,"",,
6036459,2018A193216256SLVA,Apple,"MacBook Air (13-inch, 2018)","A1932 (16GB RAM, 1.6GHz i5)",Wi-Fi,256GB,Silver,A Grade,"",,
6036460,INSP35011512GBI7512GBBLACBM,Dell,"Inspiron 3501 (15-inch, 2021)","(12GB RAM, i7 1165G7)",Wi-Fi,512GB,Black,BM Grade,"",,
6036461,INSP3511158GBI5256GBBLACBM,Dell,"Inspiron 3511 (15-inch, 2021)","(8GB RAM, i5 1135G7)",Wi-Fi,256GB,Black,BM Grade,"",,
6040942,WATCHSERIES1ALUMINSPACN0002,Apple,Watch Series 11,46MM,GPS,Aluminum,Space Gray M/L,NEW,"",,
6040943,WATCHSERIES1ALUMINSPACN,Apple,Watch Series 11,42MM,GPS,Aluminum,Space Gray M/L,NEW,"",,
6057715,IMAC24218GBM1256GBGREEA0003,Apple,"iMac (24-inch, 2021)","(8GB RAM, M1 8 CPU/7GPU)",Wi-Fi,256GB,Green,A Grade,"",,
6057721,IMAC242116GBM11TBSILVA0002,Apple,"iMac (24-inch, 2021)","(16GB RAM, M1 8C/8G)",N/A,1TB,Silver,A Grade,"",,
6057722,IMAC242116GBM11TBSILVA,Apple,"iMac (24-inch, 2021)","(16GB RAM, M1 8C/8G)",Wi-Fi,1TB,Silver,A Grade,"",,
6057723,IMAC242116GBM11TBSILVCD,Apple,"iMac (24-inch, 2021)","(16GB RAM, M1 8C/8G)",Wi-Fi,1TB,Silver,CD Grade,"",,
6057724,IMAC242116GBM1256GBYELLA,Apple,"iMac (24-inch, 2021)","(16GB RAM, M1 8C/8G)",Wi-Fi,256GB,Yellow,A Grade,"",,
6057739,IMAC24218GBM1256GBGOLDA,Apple,"iMac (24-inch, 2021)","(8GB RAM, M1 8C/7G)",Wi-Fi,256GB,Gold,A Grade,"",,
6057742,IMAC242116GBM1256GBGREECD0002,Apple,"iMac (24-inch, 2021)","(16GB RAM, M1 8C/7G)",Wi-Fi,256GB,Green,CD Grade,"",,
6057743,IMAC242116GBM1256GBGREECD,Apple,"iMac (24-inch, 2021)","(16GB RAM, M1 8C/7G)",Wi-Fi,256GB,Green,CD Grade,LCD Blemish Heavy,,
6057744,IMAC242116GBM1256GBGREEA0002,Apple,"iMac (24-inch, 2021)","(16GB RAM, M1 8C/7G)",Wi-Fi,256GB,Green,A Grade,LCD Blemish Heavy,,
6057745,IMAC242116GBM1256GBGREEA,Apple,"iMac (24-inch, 2021)","(16GB RAM, M1 8C/7G)",Wi-Fi,256GB,Green,A Grade,"",,
6057747,IMAC24218GBM1256GBBLUEA0002,Apple,"iMac (24-inch, 2021)","(8GB RAM, M1 8C/7G)",Wi-Fi,256GB,Blue,A Grade,"",,
6057748,IMAC24218GBM1256GBPINKA0002,Apple,"iMac (24-inch, 2021)","(8GB RAM, M1 8C/7G)",Wi-Fi,256GB,Pink,A Grade,"",,
6057749,IMAC24218GBM1256GBSILVA0002,Apple,"iMac (24-inch, 2021)","(8GB RAM, M1 8C/7G)",Wi-Fi,256GB,Silver,A Grade,"",,
6057750,IMAC24218GBM1256GBGREEA0002,Apple,"iMac (24-inch, 2021)","(8GB RAM, M1 8C/7G)",Wi-Fi,256GB,Green,A Grade,"",,
6057765,IMAC24218GBM1256GBGREEC,Apple,"iMac (24-inch, 2021)","(8GB RAM, M1 8C/7G)",Wi-Fi,256GB,Green,C Grade,"",,
6057771,IMAC242116GBM11TBBLUEA,Apple,"iMac (24-inch, 2021)","(16GB RAM, M1 8C/8G)",Wi-Fi,1TB,Blue,A Grade,"",,
6057776,IMAC242116GBM11TBBLUEC,Apple,"iMac (24-inch, 2021)","(16GB RAM, M1 8C/8G)",Wi-Fi,1TB,Blue,C Grade,"",,
6057783,IMAC24218GBM11TBBLUEA,Apple,"iMac (24-inch, 2021)","(8GB RAM, M1 8C/8G)",Wi-Fi,1TB,Blue,A Grade,"",,
6057786,IMAC242116GBM11TBPINKA,Apple,"iMac (24-inch, 2021)","(16GB RAM, M1 8C/8G)",Wi-Fi,1TB,Pink,A Grade,"",,
6057788,IMAC242116GBM11TBSILVB,Apple,"iMac (24-inch, 2021)","(16GB RAM, M1 8C/8G)",Wi-Fi,1TB,Silver,B Grade,"",,
6057790,IMAC24218GBM1256GBBLUEA,Apple,"iMac (24-inch, 2021)","(8GB RAM, M1 8C/8G)",Wi-Fi,256GB,Blue,A Grade,"",,
6057791,IMAC24218GBM1256GBBLUEB,Apple,"iMac (24-inch, 2021)","(8GB RAM, M1 8C/8G)",Wi-Fi,256GB,Blue,B Grade,"",,
6057796,IMAC24218GBM1256GBGREEA,Apple,"iMac (24-inch, 2021)","(8GB RAM, M1 8C/8G)",Wi-Fi,256GB,Green,A Grade,"",,
6057801,IMAC24218GBM1256GBPINKA,Apple,"iMac (24-inch, 2021)","(8GB RAM, M1 8C/8G)",Wi-Fi,256GB,Pink,A Grade,"",,
6057803,IMAC242116GBM1256GBYELLB,Apple,"iMac (24-inch, 2021)","(16GB RAM, M1 8C/8G)",Wi-Fi,256GB,Yellow,B Grade,"",,
6057804,IMAC242116GBM1256GBSILVB,Apple,"iMac (24-inch, 2021)","(16GB RAM, M1 8C/8G)",Wi-Fi,256GB,Silver,B Grade,"",,
6057807,IMAC242116GBM12TBGREEA,Apple,"iMac (24-inch, 2021)","(16GB RAM, M1 8C/8G)",Wi-Fi,2TB,Green,A Grade,"",,
6057812,IMAC242116GBM12TBGREEB,Apple,"iMac (24-inch, 2021)","(16GB RAM, M1 8C/8G)",Wi-Fi,2TB,Green,B Grade,"",,
6057813,IMAC24218GBM12TBGREEB,Apple,"iMac (24-inch, 2021)","(8GB RAM, M1 8C/8G)",Wi-Fi,2TB,Green,B Grade,"",,
6057818,IMAC24218GBM1512GBBLUEA,Apple,"iMac (24-inch, 2021)","(8GB RAM, M1 8C/8G)",Wi-Fi,512GB,Blue,A Grade,"",,
6057821,IMAC242116GBM1512GBGREEA,Apple,"iMac (24-inch, 2021)","(16GB RAM, M1 8C/8G)",Wi-Fi,512GB,Green,A Grade,"",,
6057824,IMAC242116GBM1512GBSILVA0002,Apple,"iMac (24-inch, 2021)","(16GB RAM, M1 8C/8G)",N/A,512GB,Silver,A Grade,"",,
6057825,IMAC242116GBM1512GBSILVA,Apple,"iMac (24-inch, 2021)","(16GB RAM, M1 8C/8G)",Wi-Fi,512GB,Silver,A Grade,"",,
6057833,IMAC24218GBM1256GBSILVB,Apple,"iMac (24-inch, 2021)","(8GB RAM, M1 8C/8G)",Wi-Fi,256GB,Silver,B Grade,"",,
6062540,MBA13208GBM1256GBSPACB0002,Apple,"MacBook Air (13-inch, M1, 2020)","A2337 (8GB RAM, M1 7 Core GPU)",Wi-Fi,256GB,Space Gray,B Grade,"",,
6062541,MBA15248GBM3256GBMIDNB,Apple,"MacBook Air (15-inch, M3, 2024)","A3114 (8GB RAM, M3 8 Core)",Wi-Fi,256GB,Midnight,B Grade,"",,
6062542,MBP151816GBI722256GBSPACB,Apple,"MacBook Pro (15-inch, 2018)","A1990 (16GB RAM, 2.2GHz i7, Radeon Pro 555X)",Wi-Fi,256GB,Space Gray,B Grade,"",,
6062543,MBP13208GBI723256GBSPACB,Apple,"MacBook Pro (13-inch, 2020)","A2251 (8GB RAM, 2.3GHz i7 Quad Core)",Wi-Fi,256GB,Space Gray,B Grade,"",,
6062544,MBA152516GBM4256GBMIDNB,Apple,"MacBook Air (15-inch, M4, 2025)","(16GB RAM, M4 10 Core)",Wi-Fi,256GB,Midnight,B Grade,"",,
6062545,MBA13198GBI516256GBSPACB,Apple,"MacBook Air (13-inch, 2019)","A1932 (8GB RAM, 1.6GHz i5)",Wi-Fi,256GB,Space Gray,B Grade,"",,
6062546,MBP161916GBI91TBSSDSPACB0002,Apple,"MacBook Pro (16-inch, 2019)","A2141 (16GB RAM, Intel Core i9)",Wi-Fi,1TB SSD,Space Gray,B Grade,"",,
6062547,MBA13208GBM1256GBSILVB0002,Apple,"MacBook Air (13-inch, M1, 2020)","A2337 (8GB RAM, M1 7 Core GPU)",Wi-Fi,256GB,Silver,B Grade,"",,
6062548,MBA13208GBI311256GBSPACB,Apple,"MacBook Air (13-inch, 2020)","A2179 (8GB RAM, 1.1GHz i3 Dual Core)",Wi-Fi,256GB,Space Gray,B Grade,"",,
6062549,MBA13208GBM1256GBGOLDB0003,Apple,"MacBook Air (13-inch, M1, 2020)","A2337 (8GB RAM, M1 7 Core GPU)",Wi-Fi,256GB,Gold,B Grade,"",,
6062550,MBP13198GBI514256GBSPACB,Apple,"MacBook Pro (13-inch, 2019)","A2159 (8GB RAM, 1.4GHz i5 Quad Core)",Wi-Fi,256GB,Space Gray,B Grade,"",,
6062551,MBP132016GBI520512GBSPACB,Apple,"MacBook Pro (13-inch, 2020)","A2251 (16GB RAM, 2.0GHz i5 Quad Core)",Wi-Fi,512GB,Space Gray,B Grade,"",,
6062552,MBP13198GBI514128GBSPACB0002,Apple,"MacBook Pro (13-inch, 2019)","A2159 (8GB RAM, 1.4GHz i5 Quad Core)",Wi-Fi,128GB,Space Gray,B Grade,"",,
6062553,MBP161916GBI7512GBSPACB,Apple,"MacBook Pro (16-inch, 2019)","A2141 (16GB RAM, Intel Core i7)",Wi-Fi,512GB,Space Gray,B Grade,"",,
6062554,MBP151916GBI726256GBSPACB,Apple,"MacBook Pro (15-inch, 2019)","A1990 (16GB RAM, 2.6GHz i7 6 Core)",Wi-Fi,256GB,Space Gray,B Grade,"",,
6062555,MBA13198GBI516128GBSPACB,Apple,"MacBook Air (13-inch, 2019)","A1932 (8GB RAM, 1.6GHz i5)",Wi-Fi,128GB,Space Gray,B Grade,"",,
6062556,MBP13208GBM1256GBSPACB,Apple,"MacBook Pro (13-inch, M1, 2020)","A2338 (8GB RAM, M1 8 Core)",Wi-Fi,256GB,Space Gray,B Grade,"",,
6062557,MBA13208GBM1256GBSPACB,Apple,"MacBook Air (13-inch, M1, 2020)","A2337 (8GB RAM, M1 8 Core GPU)",Wi-Fi,256GB,Space Gray,B Grade,"",,
6062558,MBP13198GBI514256GBSILVB,Apple,"MacBook Pro (13-inch, 2019)","A2159 (8GB RAM, 1.4GHz i5 Quad Core)",Wi-Fi,256GB,Silver,B Grade,"",,
6062559,MBP1519256GBSPACB,Apple,"MacBook Pro (15-inch, 2019)",A1990 (Touch Bar),Wi-Fi,256GB,Space Gray,B Grade,"",,
6062560,MBA13208GBI511512GBGOLDB,Apple,"MacBook Air (13-inch, 2020)","A2179 (8GB RAM, 1.1GHz i5 Quad Core)",Wi-Fi,512GB,Gold,B Grade,"",,
6062561,MBP142416GBM4512GBMIDNB,Apple,"MacBook Pro (14-inch, M4, 2024)","(16GB RAM, M4 10 Core)",Wi-Fi,512GB,Midnight,B Grade,"",,
6062562,MBA13208GBI311256GBGOLDB,Apple,"MacBook Air (13-inch, 2020)","A2179 (8GB RAM, 1.1GHz i3 Dual Core)",Wi-Fi,256GB,Gold,B Grade,"",,
6062563,MBA13208GBI511512GBSPACB,Apple,"MacBook Air (13-inch, 2020)","A2179 (8GB RAM, 1.1GHz i5 Quad Core)",Wi-Fi,512GB,Space Gray,B Grade,"",,
6062564,MBA13198GBI516256GBGOLDB,Apple,"MacBook Air (13-inch, 2019)","A1932 (8GB RAM, 1.6GHz i5)",Wi-Fi,256GB,Gold,B Grade,"",,
6062565,MBA13228GBM2256GBMIDNB,Apple,"MacBook Air (13-inch, M2, 2022)","A2681 (8GB RAM, M2 8 Core)",Wi-Fi,256GB,Midnight,B Grade,"",,
6062566,MBP151816GBI722256GBSILVB0002,Apple,"MacBook Pro (15-inch, 2018)","A1990 (16GB RAM, 2.2GHz i7, Radeon Pro 555X)",Wi-Fi,256GB,Silver,B Grade,"",,
6062567,MBA152416GBM3512GBMIDNB,Apple,"MacBook Air (15-inch, M3, 2024)","A3114 (16GB RAM, M3 8 Core)",Wi-Fi,512GB,Midnight,B Grade,"",,
6062568,MBP142116GBM1PRO512GBSPACB0003,Apple,"MacBook Pro (14-inch, M1 Pro, 2021)","A2442 (16GB RAM, M1 Pro 8 Core)",Wi-Fi,512GB,Space Gray,B Grade,"",,
6062576,MBP142416GBM4512GBMIDNA,Apple,"MacBook Pro (14-inch, M4, 2024)","(16GB RAM, M4 10 Core)",Wi-Fi,512GB,Midnight,A Grade,"",,
6062584,MBA152516GBM4256GBMIDNA,Apple,"MacBook Air (15-inch, M4, 2025)","(16GB RAM, M4 10 Core)",Wi-Fi,256GB,Midnight,A Grade,"",,
6062586,MBA15248GBM3256GBMIDNA,Apple,"MacBook Air (15-inch, M3, 2024)","A3114 (8GB RAM, M3 8 Core)",Wi-Fi,256GB,Midnight,A Grade,"",,
6062587,MBP13208GBM1512GBSPACB,Apple,"MacBook Pro (13-inch, M1, 2020)","A2338 (8GB RAM, M1 8 Core)",Wi-Fi,512GB,Space Gray,B Grade,"",,
6062588,MBP13208GBM1512GBSPACBM,Apple,"MacBook Pro (13-inch, M1, 2020)","A2338 (8GB RAM, M1 8 Core)",Wi-Fi,512GB,Space Gray,BM Grade,"",,
6062589,MBP13208GBM1512GBSPACC,Apple,"MacBook Pro (13-inch, M1, 2020)","A2338 (8GB RAM, M1 8 Core)",Wi-Fi,512GB,Space Gray,C Grade,"",,
6062590,MBA13228GBM2256GBMIDNA,Apple,"MacBook Air (13-inch, M2, 2022)","A2681 (8GB RAM, M2 8 Core)",Wi-Fi,256GB,Midnight,A Grade,"",,
6062591,MBA13228GBM2256GBMIDNBM,Apple,"MacBook Air (13-inch, M2, 2022)","A2681 (8GB RAM, M2 8 Core)",Wi-Fi,256GB,Midnight,BM Grade,"",,
6062592,MBP142116GBM1PRO512GBSPACBM,Apple,"MacBook Pro (14-inch, M1 Pro, 2021)","A2442 (16GB RAM, M1 Pro 8 Core)",Wi-Fi,512GB,Space Gray,BM Grade,"",,
6062593,MBA152416GBM3512GBMIDNA,Apple,"MacBook Air (15-inch, M3, 2024)","A3114 (16GB RAM, M3 8 Core)",Wi-Fi,512GB,Midnight,A Grade,"",,
6062595,MBP13198GBI514256GBSPACBM,Apple,"MacBook Pro (13-inch, 2019)","A2159 (8GB RAM, 1.4GHz i5 Quad Core)",Wi-Fi,256GB,Space Gray,BM Grade,"",,
6062596,MBP13208GBI514256GBSPACBM,Apple,"MacBook Pro (13-inch, 2020)","A2289 (8GB RAM, 1.4GHz i5)",Wi-Fi,256GB,Space Gray,BM Grade,"",,
6062597,MBP151916GBI726256GBSPACC0004,Apple,"MacBook Pro (15-inch, 2019)","A1990 (16GB RAM, 2.6GHz i7 6 Core)",Wi-Fi,256GB,Space Gray,C Grade,"",,
6062598,MBP161916GBI91TBSSDSPACB,Apple,"MacBook Pro (16-inch, 2019)","A2141 (16GB RAM, Intel Core i9)",Wi-Fi,1TB SSD,Space Gray,B Grade,Bad Keyboard,,
6062599,MBA13208GBM1256GBSPACC0006,Apple,"MacBook Air (13-inch, M1, 2020)","A2337 (8GB RAM, M1 7 Core GPU)",Wi-Fi,256GB,Space Gray,C Grade,"",,
6062600,MBA13208GBM1256GBSPACC0005,Apple,"MacBook Air (13-inch, M1, 2020)","A2337 (8GB RAM, M1 7 Core GPU)",Wi-Fi,256GB,Space Gray,C Grade,LCD Blemish Light,,
6062602,MBA13208GBM1256GBSPACC0004,Apple,"MacBook Air (13-inch, M1, 2020)","A2337 (8GB RAM, M1 7 Core GPU)",Wi-Fi,256GB,Space Gray,C Grade,LCD Lines - See Photos,,
6062604,MBP13198GBI514256GBSPACA,Apple,"MacBook Pro (13-inch, 2019)","A2159 (8GB RAM, 1.4GHz i5 Quad Core)",Wi-Fi,256GB,Space Gray,A Grade,"",,
6062605,MBA13198GBI516128GBGOLDBM,Apple,"MacBook Air (13-inch, 2019)","A1932 (8GB RAM, 1.6GHz i5)",Wi-Fi,128GB,Gold,BM Grade,"Bad TrackPad, Broken Speaker/Microphone",,
6062606,MBP161916GBI91TBSSDSPACBM,Apple,"MacBook Pro (16-inch, 2019)","A2141 (16GB RAM, Intel Core i9)",Wi-Fi,1TB SSD,Space Gray,BM Grade,"",,
6062608,MBP13198GBI514256GBSPACC,Apple,"MacBook Pro (13-inch, 2019)","A2159 (8GB RAM, 1.4GHz i5 Quad Core)",Wi-Fi,256GB,Space Gray,C Grade,"",,
6062609,MBP151916GBI726256GBSPACC0003,Apple,"MacBook Pro (15-inch, 2019)","A1990 (16GB RAM, 2.6GHz i7 6 Core)",Wi-Fi,256GB,Space Gray,C Grade,Touchbar Defective,,
6062610,MBP151916GBI726256GBSPACC0002,Apple,"MacBook Pro (15-inch, 2019)","A1990 (16GB RAM, 2.6GHz i7 6 Core)",Wi-Fi,256GB,Space Gray,C Grade,"Touchbar Defective, Service Battery Warning, LCD Blemish Light",,
6062611,MBP151916GBI726256GBSPACC,Apple,"MacBook Pro (15-inch, 2019)","A1990 (16GB RAM, 2.6GHz i7 6 Core)",Wi-Fi,256GB,Space Gray,C Grade,Service Battery Warning,,
6062612,MBP151816GBI726512GBSPACC,Apple,"MacBook Pro (15-inch, 2018)","A1990 (16GB RAM, 2.6GHz i7)",Wi-Fi,512GB,Space Grey,C Grade,Service Battery Warning,,
6062613,MBP13208GBI514256GBSPACB,Apple,"MacBook Pro (13-inch, 2020)","A2289 (8GB RAM, 1.4GHz i5)",Wi-Fi,256GB,Space Gray,B Grade,"",,
6062614,MBP13208GBI514256GBSPACA,Apple,"MacBook Pro (13-inch, 2020)","A2289 (8GB RAM, 1.4GHz i5)",Wi-Fi,256GB,Space Gray,A Grade,"",,
6062615,MBP13198GBI514128GBSPACC,Apple,"MacBook Pro (13-inch, 2019)","A2159 (8GB RAM, 1.4GHz i5 Quad Core)",Wi-Fi,128GB,Space Gray,C Grade,"",,
6062618,MBP13198GBI514128GBSPACBM,Apple,"MacBook Pro (13-inch, 2019)","A2159 (8GB RAM, 1.4GHz i5 Quad Core)",Wi-Fi,128GB,Space Gray,BM Grade,"",,
6062619,MBP13188GBI523256GBSPACBM,Apple,"MacBook Pro (13-inch, 2018)","A1989 (8GB RAM, 2.3GHz i5)",Wi-Fi,256GB,Space Grey,BM Grade,"",,
6062620,MBA13208GBI311256GBSPACA,Apple,"MacBook Air (13-inch, 2020)","A2179 (8GB RAM, 1.1GHz i3 Dual Core)",Wi-Fi,256GB,Space Gray,A Grade,"",,
6062621,MBA131816GBI516512GBSPACB,Apple,"MacBook Air (13-inch, 2018)","A1932 (16GB RAM, 1.6GHz i5)",Wi-Fi,512GB,Space Gray,B Grade,"",,
6062622,MBA131816GBI516512GBSPACA,Apple,"MacBook Air (13-inch, 2018)","A1932 (16GB RAM, 1.6GHz i5)",Wi-Fi,512GB,Space Gray,A Grade,"",,
6062623,MBP132016GBM1256GBSPACB,Apple,"MacBook Pro (13-inch, M1, 2020)","A2338 (16GB RAM, M1 8 Core)",Wi-Fi,256GB,Space Gray,B Grade,"",,
6062624,MBP132016GBM1256GBSPACBM,Apple,"MacBook Pro (13-inch, M1, 2020)","A2338 (16GB RAM, M1 8 Core)",Wi-Fi,256GB,Space Gray,BM Grade,"",,
6062625,MBA13208GBM1256GBSPACC0003,Apple,"MacBook Air (13-inch, M1, 2020)","A2337 (8GB RAM, M1 8 Core GPU)",Wi-Fi,256GB,Space Gray,C Grade,"",,
6062626,MBA13208GBM1256GBSILVBM,Apple,"MacBook Air (13-inch, M1, 2020)","A2337 (8GB RAM, M1 7 Core GPU)",Wi-Fi,256GB,Silver,BM Grade,"",,
6062627,MBA13208GBM1256GBGOLDAA,Apple,"MacBook Air (13-inch, M1, 2020)","A2337 (8GB RAM, M1 7 Core GPU)",Wi-Fi,256GB,Gold,A Grade,"",,
6062628,MBA13208GBM1256GBGOLDBM,Apple,"MacBook Air (13-inch, M1, 2020)","A2337 (8GB RAM, M1 7 Core GPU)",Wi-Fi,256GB,Gold,BM Grade,"",,
6062629,MBA13208GBI5111TBSPACB,Apple,"MacBook Air (13-inch, 2020)","A2179 (8GB RAM, 1.1GHz i5 Quad Core)",Wi-Fi,1TB,Space Gray,B Grade,"",,
6062630,MBA13208GBI5111TBSPACC,Apple,"MacBook Air (13-inch, 2020)","A2179 (8GB RAM, 1.1GHz i5 Quad Core)",Wi-Fi,1TB,Space Gray,C Grade,"",,
6062631,MBP151816GBI726512GBSILVB,Apple,"MacBook Pro (15-inch, 2018)","A1990 (16GB RAM, 2.6GHz i7)",Wi-Fi,512GB,Silver,B Grade,"",,
6062632,MBP151816GBI726512GBSILVC,Apple,"MacBook Pro (15-inch, 2018)","A1990 (16GB RAM, 2.6GHz i7)",Wi-Fi,512GB,Silver,C Grade,"",,
6062634,MBA13188GBI516128GBSPACB,Apple,"MacBook Air (13-inch, 2018)","A1932 (8GB RAM, 1.6GHz i5)",Wi-Fi,128GB,Space Gray,B Grade,"",,
6062635,MBA13198GBI516128GBSPACC,Apple,"MacBook Air (13-inch, 2019)","A1932 (8GB RAM, 1.6GHz i5)",Wi-Fi,128GB,Space Gray,C Grade,"",,
6062644,MBA132016GBI511512GBSPACB,Apple,"MacBook Air (13-inch, 2020)","A2179 (16GB RAM, 1.1GHz i5 Quad Core)",Wi-Fi,512GB,Space Gray,B Grade,"",,
6062645,MBA13198GBI516128GBSPACCD,Apple,"MacBook Air (13-inch, 2019)","A1932 (8GB RAM, 1.6GHz i5)",Wi-Fi,128GB,Space Gray,CD Grade,"",,
6062646,MBA13198GBI516128GBSPACA,Apple,"MacBook Air (13-inch, 2019)","A1932 (8GB RAM, 1.6GHz i5)",Wi-Fi,128GB,Space Gray,A Grade,"",,
6062651,MBA13208GBI311256GBSPACC,Apple,"MacBook Air (13-inch, 2020)","A2179 (8GB RAM, 1.1GHz i3 Dual Core)",Wi-Fi,256GB,Space Gray,C Grade,"",,
6062652,MBA13198GBI516128GBSILVBM,Apple,"MacBook Air (13-inch, 2019)","A1932 (8GB RAM, 1.6GHz i5)",Wi-Fi,128GB,Silver,BM Grade,"",,
6062653,MBA13198GBI516256GBGOLDBM,Apple,"MacBook Air (13-inch, 2019)","A1932 (8GB RAM, 1.6GHz i5)",Wi-Fi,256GB,Gold,BM Grade,"",,
6062654,MBA13208GBI511512GBGOLDCD,Apple,"MacBook Air (13-inch, 2020)","A2179 (8GB RAM, 1.1GHz i5 Quad Core)",Wi-Fi,512GB,Gold,CD Grade,"",,
6062655,MBA13208GBI511512GBGOLDC,Apple,"MacBook Air (13-inch, 2020)","A2179 (8GB RAM, 1.1GHz i5 Quad Core)",Wi-Fi,512GB,Gold,C Grade,"",,
6062656,MBA13208GBM1256GBSILVB,Apple,"MacBook Air (13-inch, M1, 2020)","A2337 (8GB RAM, M1 7 Core GPU)",Wi-Fi,256GB,Silver,B Grade,Broken LCD,,
6062659,MBA13198GBI516128GBSILVC,Apple,"MacBook Air (13-inch, 2019)","A1932 (8GB RAM, 1.6GHz i5)",Wi-Fi,128GB,Silver,C Grade,MDM Bypassed,,
6062662,MBA13208GBM1256GBGOLDC0003,Apple,"MacBook Air (13-inch, M1, 2020)","A2337 (8GB RAM, M1 7 Core GPU)",Wi-Fi,256GB,Gold,C Grade,"",,
6062663,MBA13208GBM1256GBGOLDC0002,Apple,"MacBook Air (13-inch, M1, 2020)","A2337 (8GB RAM, M1 7 Core GPU)",Wi-Fi,256GB,Gold,C Grade,Broken LCD,,
6062701,IMAC24218GBM1256GBBLUEB0002,Apple,"iMac (24-inch, 2021)","(8GB RAM, M1 8C/7G)",Wi-Fi,256GB,Blue,B Grade,"",,
6062702,IMAC242116GBM1512GBBLUEA,Apple,"iMac (24-inch, 2021)","(16GB RAM, M1 8C/7G)",Wi-Fi,512GB,Blue,A Grade,"",,
6062703,IMAC24218GBM11TBSILVA,Apple,"iMac (24-inch, 2021)","(8GB RAM, M1 8C/8G)",Wi-Fi,1TB,Silver,A Grade,"",,
6062704,IMAC242116GBM1256GBBLUEA,Apple,"iMac (24-inch, 2021)","(16GB RAM, M1 8C/8G)",Wi-Fi,256GB,Blue,A Grade,"",,
6062705,IMAC242116GBM12TBBLUEA,Apple,"iMac (24-inch, 2021)","(16GB RAM, M1 8C/8G)",Wi-Fi,2TB,Blue,A Grade,"",,
6062706,IMAC242116GBM12TBSILVA,Apple,"iMac (24-inch, 2021)","(16GB RAM, M1 8C/8G)",Wi-Fi,2TB,Silver,A Grade,"",,
6062707,IMAC24218GBM1512GBBLUEB,Apple,"iMac (24-inch, 2021)","(8GB RAM, M1 8C/8G)",Wi-Fi,512GB,Blue,B Grade,"",,
6062708,IMAC24218GBM1512GBSILVA,Apple,"iMac (24-inch, 2021)","(8GB RAM, M1 8C/8G)",Wi-Fi,512GB,Silver,A Grade,"",,
6062709,IMAC24218GBM12TBSILVA,Apple,"iMac (24-inch, 2021)","(8GB RAM, M1 8C/8G)",Wi-Fi,2TB,Silver,A Grade,"",,
6062710,IMAC24218GBM1256GBSILVA,Apple,"iMac (24-inch, 2021)","(8GB RAM, M1 8C/8G)",Wi-Fi,256GB,Silver,A Grade,"",,
6062711,MBA13208GBM1256GBSPACC0002,Apple,"MacBook Air (13-inch, 2020)","A2337 (8GB RAM, M1 8 Core)",Wi-Fi,256GB,Space Gray,C Grade,"",,
6062712,MBA13208GBM1512GBSPACC,Apple,"MacBook Air (13-inch, 2020)","A2337 (8GB RAM, M1 8 Core)",Wi-Fi,512GB,Space Gray,C Grade,"",,
6062713,MBP13198GBI514128GBSPACB,Apple,"MacBook Pro (13-inch, 2019)","A2159 (8GB RAM, 1.4GHz i5)",Wi-Fi,128GB,Space Gray,B Grade,"",,
6062714,MBP151916GBI726UNKNOWSPACC,Apple,"MacBook Pro (15-inch, 2019)","A1990 (16GB RAM, 2.6GHz i7)",Wi-Fi,Unknown,Space Gray,C Grade,"",,
6062715,MBP13198GBI7281TBSILVB,Apple,"MacBook Pro (13-inch, 2019)","A1989 (8GB RAM, 2.8GHz i7)",Wi-Fi,1TB,Silver,B Grade,"",,
6062716,MBP131916GBI728512GBSPACA,Apple,"MacBook Pro (13-inch, 2019)","A1989 (16GB RAM, 2.8GHz i7)",Wi-Fi,512GB,Space Gray,A Grade,"",,
6062717,MBA13208GBI311512GBSPACB,Apple,"MacBook Air (13-inch, 2020)","A2179 (8GB RAM, 1.1GHz i3 Dual Core)",Wi-Fi,512GB,Space Gray,B Grade,"",,
6062718,MBA131916GBI5161TBGOLDB,Apple,"MacBook Air (13-inch, 2019)","A1932 (16GB RAM, 1.6GHz i5)",Wi-Fi,1TB,Gold,B Grade,"",,
6062719,MBA131916GBI516512GBSPACA,Apple,"MacBook Air (13-inch, 2019)","A1932 (16GB RAM, 1.6GHz i5)",Wi-Fi,512GB,Space Gray,A Grade,"",,
6062720,MBA13198GBI516512GBSPACB,Apple,"MacBook Air (13-inch, 2019)","A1932 (8GB RAM, 1.6GHz i5)",Wi-Fi,512GB,Space Gray,B Grade,"",,
6062721,MBA13208GBI511512GBSILVA,Apple,"MacBook Air (13-inch, 2020)","A2179 (8GB RAM, 1.1GHz i5)",Wi-Fi,512GB,Silver,A Grade,"",,
6062722,MBP131916GBI514128GBSILVC,Apple,"MacBook Pro (13-inch, 2019)","A2159 (16GB RAM, 1.4GHz i5)",Wi-Fi,128GB,Silver,C Grade,"",,
6062723,MBP131916GBI514256GBSPACC,Apple,"MacBook Pro (13-inch, 2019)","A2159 (16GB RAM, 1.4GHz i5)",Wi-Fi,256GB,Space Gray,C Grade,"",,
6062724,MBP13188GBI523256GBSILVB,Apple,"MacBook Pro (13-inch, 2018)","A1989 (8GB RAM, 2.3GHz i5)",Wi-Fi,256GB,Silver,B Grade,"",,
6062725,MBP131816GBI523256GBSPACB,Apple,"MacBook Pro (13-inch, 2018)","A1989 (16GB RAM, 2.3GHz i5)",Wi-Fi,256GB,Space Gray,B Grade,"",,
6062726,MBP151816GBI722256GBSILVA,Apple,"MacBook Pro (15-inch, 2018)","A1990 (16GB RAM, 2.2GHz i7)",Wi-Fi,256GB,Silver,A Grade,"",,
6062727,MBP151816GBI722256GBSILVB,Apple,"MacBook Pro (15-inch, 2018)","A1990 (16GB RAM, 2.2GHz i7)",Wi-Fi,256GB,Silver,B Grade,"",,
6063193,IMAC24218GBM1256GBGREEBM,Apple,"iMac (24-inch, 2021)","(8GB RAM, M1 8C/7G)",Wi-Fi,256GB,Green,BM Grade,"",,
6071762,A2111128GBBLC,Apple,iPhone 11,A2111,Unlocked,128GB,Black,C Grade,"",,
6071765,A3105512GBNTC,Apple,iPhone 15 Pro Max,A3105,Unlocked,512GB,Natural Titanium,C Grade,"",,
6071850,A2442SLV10161TBB,Apple,"Macbook Pro (14-inch, 2021)","A2442 (16GB RAM, M1 Pro 10C/16C GPU)",Wi-Fi,1TB,Silver,B Grade,"",,
6071863,A23382116GM1256GBSGA,Apple,"MacBook Pro (13-inch, 2021)","A2338 (16GB RAM, M1 8 Core)",Wi-Fi,256GB,Space Grey,A Grade,"",,
6071864,A233816256SGB,Apple,"MacBook Pro (13-inch, 2021)","A2338 (16GB RAM, M1 8 Core)",Wi-Fi,256GB,Space Grey,B Grade,"",,
6071910,MACBO2318GM3512GBSBC01,Apple,"MacBook Pro (14-inch, 2023)","(18GB RAM, M3 11CPU/14GPU)",Wi-Fi,512GB,Space Black,C Grade,"",,
6071911,MACBO2318GM3512GBSBC,Apple,"MacBook Pro (14-inch, 2023)","(18GB RAM, M3 11CPU/14GPU)",Wi-Fi,512GB,Space Black,C Grade,"Bad TrackPad, Bad Keyboard",,
6076426,A3525256GBSLOB,Apple,iPhone 17 Pro Max,A3525,Unlocked,256GB,Silver,OPEN BOX,"",,
6180525,LVX1CARBO16G512GBBLA,Lenovo,"X1 Carbon (13-inch, 8th Gen)","(16GB RAM, i7 2.80 Ghz)",Wi-Fi,512GB,Black,A Grade,"",,
6180526,LVX1CARBO2432G512GBBLA,Lenovo,"X1 Carbon (14-inch, 2024)","(32GB RAM, Intel Ultra 7 258V)",Wi-Fi,512GB,Black,A Grade,"",,
6180528,X114OLED32512258VBLKA,Lenovo,"X1 Carbon (14-inch OLED, 2024)","(32GB RAM, Intel Ultra 7 258V)",Wi-Fi,512GB,Black,A Grade,"",,
6180902,A22512016G1TBSGC01,Apple,"MacBook Pro (13-inch, 2020)","A2251 (16GB RAM, 2GHz i5)",Wi-Fi,1TB,Space Grey,C Grade,"",,
6180904,A22512016G1TBSGC,Apple,"MacBook Pro (13-inch, 2020)","A2251 (16GB RAM, 2GHz i5)",Wi-Fi,1TB,Space Grey,C Grade,LCD Lines - See Photos,,
6186335,A19901916G256GBSGC,Apple,"MacBook Pro (15-inch, 2019)","A1990 (16GB RAM, 2.6GHz i7)",Wi-Fi,256GB,Space Grey,C Grade,"",,
6186352,A2179208G512GBGDB,Apple,"MacBook Air (13-inch, 2020)","A2179 (8GB RAM, 1.1GHz i3 Dual Core)",Wi-Fi,512GB,Gold,B Grade,"",,
6186355,A2179208G512GBSGA,Apple,"MacBook Air (13-inch, 2020)","A2179 (8GB RAM, 1.1GHz i3 Dual Core)",Wi-Fi,512GB,Space Grey,A Grade,"",,
6186365,A2311210C10G16512BLK,Apple,"MacBook Pro (14-inch, 2024)","A3112 (16GB RAM, M4 10C 10C GPU)",Wi-Fi,512GB,Space Black,B Grade,"",,
6186373,ASROGGL71716GI7512GBBLB,ASUS,"ROG GL753VE-BS71 (15-inch, 2017)","(16GB RAM, i7 7700U)",Wi-Fi,512GB,Black,B Grade,"",,
6186374,ASROGGL71716GI7512GBBLC,ASUS,"ROG GL753VE-BS71 (15-inch, 2017)","(16GB RAM, i7 7700U)",Wi-Fi,512GB,Black,C Grade,"",,
6186375,ASROGGL71716GI71TB12BLC,ASUS,"ROG GL753VE-BS71 (17-inch, 2017)","(16GB RAM, i7 7700U)",Wi-Fi,1TB + 128GB SSD,Black,C Grade,"",,
6186376,ASROGGL71716GI71TBHDBLC,ASUS,"ROG GL753VE-BS71 (17-inch, 2017)","(16GB RAM, i7 7700U)",Wi-Fi,1TB HDD + 128GB SSD,Black,C Grade,"",,
6186388,RZORNATAV2GA64756UKB,Razer,ORNATA V2 GAMING KEYBOARD,RZ03-03380200-R3U1,Unknown,6475699,Unknown,B Grade,"",,
6186397,DL73101016GI5256GBGRB,Dell,"Latitude 7310 (13-inch, 2020)","7310 (16GB RAM, i5 10310U)",Wi-Fi,256GB,Grey,B Grade,"",,
6186399,DL73101016GI5256GBGRC,Dell,"Latitude 7310 (13-inch, 2020)","7310 (16GB RAM, i5 10310U)",Wi-Fi,256GB,Grey,C Grade,"",,
6186400,DL74202016GI5256GBGRB,Dell,"Latitude 7420 (13-inch, 2021)","7420 (16GB RAM, i5 1145G7)",Wi-Fi,256GB,Grey,B Grade,"",,
6186440,DL74000016GI5256GBBLB,Dell,"Latitude 7400 (14-inch, 2018)","(16GB RAM, i5 8365U)",Wifi,256GB,Black,B Grade,"",,
6186447,DL73202016GI5256GBGRB,Dell,"Latitude 7320 (13-inch, 2021)","7320 (16GB RAM, i5 1145G7)",Wi-Fi,256GB,Grey,B Grade,"",,
6186449,DL73202016GI5256GBSLB,Dell,"Latitude 7320 (13-inch, 2021)","7320 (16GB RAM, i5 1145G7)",Wi-Fi,256GB,Silver,B Grade,"",,
6186450,DL73202016GI5256GBBLB,Dell,"Latitude 7320 (13-inch, 2022)","7330 (16GB RAM, i5 1245U)",Wi-Fi,256GB,Black,B Grade,"",,
6186451,DL73000016GI5256GBGRB,Dell,"Latitude 7300 (13-inch, 2018)","7300 (16GB RAM, i5 8365U)",Wi-Fi,256GB,Grey,B Grade,"",,
6186455,DL73909016GI5256GBGRB,Dell,"Latitude 7390 (13-inch, 2018)","7390 (16GB RAM, i5 8350U)",Wi-Fi,256GB,Grey,B Grade,"",,
6186456,DL73303016GI5256GBBLB,Dell,"Latitude 7330 (13-inch, 2022)","7330 (16GB RAM, i5 1245U)",Wi-Fi,256GB,Black,B Grade,"",,
6186457,DL73000016GI5256GBGRC,Dell,"Latitude 7300 (13-inch, 2018)","7300 (16GB RAM, i5 8365U)",Wi-Fi,256GB,Grey,C Grade,"",,
6186458,DL73909016GI5256GBGRBM,Dell,"Latitude 7390 (13-inch, 2018)","7390 (16GB RAM, i5 8350U)",Wi-Fi,256GB,Grey,BM Grade,"",,
6186460,DL73909016GI5256GBGRC,Dell,"Latitude 7390 (13-inch, 2018)","7390 (16GB RAM, i5 8350U)",Wi-Fi,256GB,Grey,C Grade,"",,
6186461,DL73303016GI5256GBBLA,Dell,"Latitude 7330 (13-inch, 2022)","7330 (16GB RAM, i5 1245U)",Wi-Fi,256GB,Black,A Grade,"",,
6186462,DL73202016GI5256GBGRC,Dell,"Latitude 7320 (13-inch, 2021)","7320 (16GB RAM, i5 1145G7)",Wi-Fi,256GB,Grey,C Grade,"",,
6186463,DL73202016GI5256GBSLC,Dell,"Latitude 7320 (13-inch, 2021)","7320 (16GB RAM, i5 1145G7)",Wi-Fi,256GB,Silver,C Grade,"",,
6186464,DL73202016GI5256GBGRCD,Dell,"Latitude 7320 (13-inch, 2021)","7320 (16GB RAM, i5 1145G7)",Wi-Fi,256GB,Grey,CD Grade,"",,
6186465,DL74000016GI5256GBBLC,Dell,"Latitude 7400 (14-inch, 2018)","(16GB RAM, i5 8365U)",Wifi,256GB,Black,C Grade,"",,
6186466,DL74202016GI5256GBGRC,Dell,"Latitude 7420 (13-inch, 2021)","7420 (16GB RAM, i5 1145G7)",Wi-Fi,256GB,Grey,C Grade,"",,
6186570,HPPAVIL238GI5512GBSLA,HP,"Pavilion x360 Touch (14-inch, 2023))","(8GB RAM, i5-1335U)",Wi-Fi,512GB,Silver,A Grade,"",,
6186571,HPPRODE1916GI5256GBBLA,HP,ProDesk Mini (2019),"(16GB RAM, i5-9500T)",Wi-Fi,256GB,Black,A Grade,"",,
6186572,HPHP15D388GI3256GBSLA,HP,"HP 15-DY2038CA (15.6-inch, 2021)","(8GB RAM, i3 1125G4)",Wi-Fi,256GB,Silver,A Grade,"",,
6186573,HPPRODE1816GI5256GBBLA,HP,ProDesk Mini (2018),"(16GB RAM, i5-8500T)",Wi-Fi,256GB,Black,A Grade,"",,
6186574,HPPRODE1816GI5256GBBLBM,HP,ProDesk Mini (2018),"(16GB RAM, i5-8500T)",Wi-Fi,256GB,Black,BM Grade,"",,
6186575,HPPRODE1816GI5256GBBLB,HP,ProDesk Mini (2018),"(16GB RAM, i5-8500T)",Wi-Fi,256GB,Black,B Grade,"",,
6186576,HPPRODE1916GI5256GBBLB,HP,ProDesk Mini (2019),"(16GB RAM, i5-9500T)",Wi-Fi,256GB,Black,B Grade,"",,
6186577,HPPRODE1916GI5256GBBLBM,HP,ProDesk Mini (2019),"(16GB RAM, i5-9500T)",Wi-Fi,256GB,Black,BM Grade,"",,
6186579,BOSEQCUEBSTBLUK,BOSE,QuietComfort Ultra Earbuds,Standard,Bluetooth,Unknown,Black,Unknown,"",,
6186580,BOSEQCUEBSTWHUK,BOSE,QuietComfort Ultra Earbuds,Standard,Bluetooth,Unknown,White,Unknown,"",,
6186581,BOSEQCHPSTCGUK,BOSE,QuietComfort Headphones,Standard,Bluetooth,Unknown,Cypress Green,Unknown,"",,
6186582,BOSEQCUHPSTBLUK,BOSE,QuietComfort Ultra Headphones,Standard,Bluetooth,Unknown,Black,Unknown,"",,
6186583,BOSEQCUHPSTWSUK,BOSE,QuietComfort Ultra Headphones,Standard,Bluetooth,Unknown,White Smoke,Unknown,"",,
6186584,BOSEQCUHPSTSSUK,BOSE,QuietComfort Ultra Headphones,Standard,Bluetooth,Unknown,Sandstone,Unknown,"",,
6186585,BOSEQCHPSTBLUK,BOSE,QuietComfort Headphones,Standard,Bluetooth,Unknown,Black,Unknown,"",,
6186586,BOSEQCUEBSTMBUK,BOSE,QuietComfort Ultra Earbuds,Standard,Bluetooth,Unknown,Moonstone Blue,Unknown,"",,
6186587,BOSEQCUHPUPBLUK,BOSE,QuietComfort Ultra Headphones,Updated,Bluetooth,Unknown,Black,Unknown,"",,
6186588,BOSEQCUHPUPWSUK,BOSE,QuietComfort Ultra Headphones,Updated,Bluetooth,Unknown,White Smoke,Unknown,"",,
6186589,BOSEQCUEBSTDWUK,BOSE,QuietComfort Ultra Earbuds,Standard,Bluetooth,Unknown,Diamond White,Unknown,"",,
6186596,BOSEQCUEBSTMBA,BOSE,QuietComfort Ultra Earbuds,Standard,Bluetooth,Unknown,Moonstone Blue,A Grade,"",,
6186597,BOSEQCUEBSTMBBM,BOSE,QuietComfort Ultra Earbuds,Standard,Bluetooth,Unknown,Moonstone Blue,BM Grade,"",,
6186598,BOSEQCUEBSTMBC,BOSE,QuietComfort Ultra Earbuds,Standard,Bluetooth,Unknown,Moonstone Blue,C Grade,"",,
6186600,BOSEQCUEBSTBLBM,BOSE,QuietComfort Ultra Earbuds,Standard,Bluetooth,Unknown,Black,BM Grade,"",,
6186601,BOSEQCUEBSTBLB,BOSE,QuietComfort Ultra Earbuds,Standard,Bluetooth,Unknown,Black,B Grade,"",,
6186602,BOSEQCUEBSTBLC,BOSE,QuietComfort Ultra Earbuds,Standard,Bluetooth,Unknown,Black,C Grade,"",,
6186603,BOSEQCUEBSTGDUK,BOSE,QuietComfort Ultra Earbuds,Standard,Bluetooth,Unknown,Gold,Unknown,"",,
6186604,BOSEQCUEBSTDWA,BOSE,QuietComfort Ultra Earbuds,Standard,Bluetooth,Unknown,Diamond White,A Grade,"",,
6186605,BOSEQCUEBSTGDA,BOSE,QuietComfort Ultra Earbuds,Standard,Bluetooth,Unknown,Gold,A Grade,"",,
6186617,BOSEQCUHPUPBGUK,BOSE,QuietComfort Ultra Headphones,Updated,Bluetooth,Unknown,Beige,Unknown,"",,
6186618,BOSEQCHPSTLBUK,BOSE,QuietComfort Headphones,Standard,Bluetooth,Unknown,Lunar Blue,Unknown,"",,
6186619,BOSEQCUHPUPLBUK,BOSE,QuietComfort Ultra Headphones,Updated,Bluetooth,Unknown,Lunar Blue,Unknown,"",,
6186620,BOSEQCUHPSTSSBM,BOSE,QuietComfort Ultra Headphones,Standard,Bluetooth,Unknown,Sandstone,BM Grade,"",,
6186621,BOSEQCUHPUPBGA,BOSE,QuietComfort Ultra Headphones,Updated,Bluetooth,Unknown,Beige,A Grade,"",,
6186622,BOSEQCUHPUPBGBM,BOSE,QuietComfort Ultra Headphones,Updated,Bluetooth,Unknown,Beige,BM Grade,"",,
6186623,BOSEQCUHPUPWSA,BOSE,QuietComfort Ultra Headphones,Updated,Bluetooth,Unknown,White Smoke,A Grade,"",,
6186624,BOSEQCUHPSTWSA,BOSE,QuietComfort Ultra Headphones,Standard,Bluetooth,Unknown,White Smoke,A Grade,"",,
6186625,BOSEQCUHPSTWSB,BOSE,QuietComfort Ultra Headphones,Standard,Bluetooth,Unknown,White Smoke,B Grade,"",,
6186626,BOSEQCHPSTCGA,BOSE,QuietComfort Headphones,Standard,Bluetooth,Unknown,Cypress Green,A Grade,"",,
6186627,BOSEQCUHPUPLBOB,BOSE,QuietComfort Ultra Headphones,Updated,Bluetooth,Unknown,Lunar Blue,OPEN BOX,"",,
6186628,BOSEQCHPSTLBB,BOSE,QuietComfort Headphones,Standard,Bluetooth,Unknown,Lunar Blue,B Grade,"",,
6186629,BOSEQCUHPUPLBA,BOSE,QuietComfort Ultra Headphones,Updated,Bluetooth,Unknown,Lunar Blue,A Grade,"",,
6186630,BOSEQCUHPSTBLA,BOSE,QuietComfort Ultra Headphones,Standard,Bluetooth,Unknown,Black,A Grade,"",,
6186631,BOSEQCUHPSTGNA,BOSE,QuietComfort Ultra Headphones,Standard,Bluetooth,Unknown,Green,A Grade,"",,
6186632,BOSEQCHPSTGNA,BOSE,QuietComfort Headphones,Standard,Bluetooth,Unknown,Green,A Grade,"",,
6186633,BOSEQCUHPSTBLC,BOSE,QuietComfort Ultra Headphones,Standard,Bluetooth,Unknown,Black,C Grade,"",,
6186634,BOSEQCUHPSTBDC,BOSE,QuietComfort Ultra Headphones,Standard,Bluetooth,Unknown,Blue Dusk,C Grade,"",,
6186635,BOSEQCUHPSTBLBM,BOSE,QuietComfort Ultra Headphones,Standard,Bluetooth,Unknown,Black,BM Grade,"",,
6186636,BOSEQCHPSTBLA,BOSE,QuietComfort Headphones,Standard,Bluetooth,Unknown,Black,A Grade,"",,
6186637,BOSEQCUHPUPBLB,BOSE,QuietComfort Ultra Headphones,Updated,Bluetooth,Unknown,Black,B Grade,"",,
6187584,BOSEQCUEBG1STGDA01,BOSE,QuietComfort Ultra Earbuds Gen 1,Standard,Bluetooth,Unknown,Gold,A Grade,"",,
6187585,BOSEQCUEBG1STDWA01,BOSE,QuietComfort Ultra Earbuds Gen 1,Standard,Bluetooth,Unknown,Diamond White,A Grade,"",,
6187586,BOSEQCUEBG1STBLC01,BOSE,QuietComfort Ultra Earbuds Gen 1,Standard,Bluetooth,Unknown,Black,C Grade,"",,
6187587,BOSEQCUEBG1STMBA01,BOSE,QuietComfort Ultra Earbuds Gen 1,Standard,Bluetooth,Unknown,Moonstone Blue,A Grade,"",,
6187588,BOSEQCUEBG1STBLB01,BOSE,QuietComfort Ultra Earbuds Gen 1,Standard,Bluetooth,Unknown,Black,B Grade,"",,
6187589,BOSEQCUEBG1STBLBM01,BOSE,QuietComfort Ultra Earbuds Gen 1,Standard,Bluetooth,Unknown,Black,BM Grade,"",,
6187590,BOSEQCUEBG1STMBC01,BOSE,QuietComfort Ultra Earbuds Gen 1,Standard,Bluetooth,Unknown,Moonstone Blue,C Grade,"",,
6187594,BOSEQCUHPG1STBLA01,BOSE,QuietComfort Ultra Headphones Gen 1,Standard,Bluetooth,Unknown,Black,A Grade,"",,
6187595,BOSEQCUHPG1STBLC01,BOSE,QuietComfort Ultra Headphones Gen 1,Standard,Bluetooth,Unknown,Black,C Grade,"",,
6187596,BOSEQCUHPG1STLBB01,BOSE,QuietComfort Ultra Headphones Gen 1,Standard,Bluetooth,Unknown,Lunar Blue,B Grade,"",,
6187597,BOSEQCUHPG1STGNA01,BOSE,QuietComfort Ultra Headphones Gen 1,Standard,Bluetooth,Unknown,Green,A Grade,"",,
6187598,BOSEQCUHPG1STSSBM01,BOSE,QuietComfort Ultra Headphones Gen 1,Standard,Bluetooth,Unknown,Sandstone,BM Grade,"",,
6187599,BOSEQCUHPG1STBLBM01,BOSE,QuietComfort Ultra Headphones Gen 1,Standard,Bluetooth,Unknown,Black,BM Grade,"",,
6187600,BOSEQCUHPG1STBDC01,BOSE,QuietComfort Ultra Headphones Gen 1,Standard,Bluetooth,Unknown,Blue Dusk,C Grade,"",,
6187601,BOSEQCUHPG1STWSB01,BOSE,QuietComfort Ultra Headphones Gen 1,Standard,Bluetooth,Unknown,White Smoke,B Grade,"",,
6187602,BOSEQCUHPG1STWSA01,BOSE,QuietComfort Ultra Headphones Gen 1,Standard,Bluetooth,Unknown,White Smoke,A Grade,"",,
6187603,BOSEQCUHPG1UPLBA01,BOSE,QuietComfort Ultra Headphones Gen 1,Updated,Bluetooth,Unknown,Lunar Blue,A Grade,"",,
6187604,BOSEQCUHPG1UPBLB01,BOSE,QuietComfort Ultra Headphones Gen 1,Updated,Bluetooth,Unknown,Black,B Grade,"",,
6187605,BOSEQCUHPG1UPWSA01,BOSE,QuietComfort Ultra Headphones Gen 1,Updated,Bluetooth,Unknown,White Smoke,A Grade,"",,
6187606,BOSEQCUHPG1UPBGBM01,BOSE,QuietComfort Ultra Headphones Gen 1,Updated,Bluetooth,Unknown,Beige,BM Grade,"",,
6187607,BOSEQCUHPG1UPBGA01,BOSE,QuietComfort Ultra Headphones Gen 1,Updated,Bluetooth,Unknown,Beige,A Grade,"",,
6187610,BOSEQCUEBG1STMBC,BOSE,QuietComfort Ultra Earbuds Gen 1,Standard,Bluetooth,N/A,Moonstone Blue,C Grade,"",,
6187611,BOSEQCUEBG1STBLB,BOSE,QuietComfort Ultra Earbuds Gen 1,Standard,Bluetooth,N/A,Black,B Grade,"",,
6187612,BOSEQCUEBG1STBLBM,BOSE,QuietComfort Ultra Earbuds Gen 1,Standard,Bluetooth,N/A,Black,BM Grade,"",,
6187613,BOSEQCUEBG1STMBA,BOSE,QuietComfort Ultra Earbuds Gen 1,Standard,Bluetooth,N/A,Moonstone Blue,A Grade,"",,
6187614,BOSEQCUEBG1STBLC,BOSE,QuietComfort Ultra Earbuds Gen 1,Standard,Bluetooth,N/A,Black,C Grade,"",,
6187615,BOSEQCUEBG1STGDA,BOSE,QuietComfort Ultra Earbuds Gen 1,Standard,Bluetooth,N/A,Gold,A Grade,"",,
6187616,BOSEQCUEBG1STDWA,BOSE,QuietComfort Ultra Earbuds Gen 1,Standard,Bluetooth,N/A,Diamond White,A Grade,"",,
6187617,BOSEQCUHPG1UPLBA,BOSE,QuietComfort Ultra Headphones Gen 1,Updated,Bluetooth,N/A,Lunar Blue,A Grade,"",,
6187618,BOSEQCUHPG1STWSA,BOSE,QuietComfort Ultra Headphones Gen 1,Standard,Bluetooth,N/A,White Smoke,A Grade,"",,
6187619,BOSEQCUHPG1STBDC,BOSE,QuietComfort Ultra Headphones Gen 1,Standard,Bluetooth,N/A,Blue Dusk,C Grade,"",,
6187620,BOSEQCUHPG1STBLC,BOSE,QuietComfort Ultra Headphones Gen 1,Standard,Bluetooth,N/A,Black,C Grade,"",,
6187621,BOSEQCUHPG1STGNA,BOSE,QuietComfort Ultra Headphones Gen 1,Standard,Bluetooth,N/A,Green,A Grade,"",,
6187622,BOSEQCUHPG1STLBB,BOSE,QuietComfort Ultra Headphones Gen 1,Standard,Bluetooth,N/A,Lunar Blue,B Grade,"",,
6187623,BOSEQCUHPG1STBLA,BOSE,QuietComfort Ultra Headphones Gen 1,Standard,Bluetooth,N/A,Black,A Grade,"",,
6187624,BOSEQCUHPG1STSSBM,BOSE,QuietComfort Ultra Headphones Gen 1,Standard,Bluetooth,N/A,Sandstone,BM Grade,"",,
6187625,BOSEQCUHPG1STBLBM,BOSE,QuietComfort Ultra Headphones Gen 1,Standard,Bluetooth,N/A,Black,BM Grade,"",,
6187626,BOSEQCUHPG1STWSB,BOSE,QuietComfort Ultra Headphones Gen 1,Standard,Bluetooth,N/A,White Smoke,B Grade,"",,
6187627,BOSEQCUHPG1UPBGA,BOSE,QuietComfort Ultra Headphones Gen 1,Updated,Bluetooth,N/A,Beige,A Grade,"",,
6187628,BOSEQCUHPG1UPBGBM,BOSE,QuietComfort Ultra Headphones Gen 1,Updated,Bluetooth,N/A,Beige,BM Grade,"",,
6187629,BOSEQCUHPG1UPWSA,BOSE,QuietComfort Ultra Headphones Gen 1,Updated,Bluetooth,N/A,White Smoke,A Grade,"",,
6187630,BOSEQCUHPG1UPBLB,BOSE,QuietComfort Ultra Headphones Gen 1,Updated,Bluetooth,N/A,Black,B Grade,"",,
6233317,IPH16PM256GBNATTIA,Apple,iPhone 16 Pro Max,A3295,Unlocked,256GB,Natural Titanium,A Grade,"",,
6233332,IPH12P128GBPACBLB,Apple,iPhone 12 Pro,A2341,Unlocked,128GB,Pacific Blue,B Grade,"",,
6233333,IPH12P128GBGRPHB0002,Apple,iPhone 12 Pro,A2341,Unlocked,128GB,Graphite,B Grade,"",,
6233341,IPADMINIA2993128PURPA,Apple,iPad mini 7 (A17 Pro),A2993,Wi-Fi,128GB,Purple,A Grade,"",,
6233933,MBP1423M3181TBSPBLKB,Apple,"MacBook Pro (14-inch, 2023)","(18GB RAM, M3 11CPU/14GPU)",Wi-Fi,1TB,Space Black,B Grade,"",,
6233946,IPH13P128GBSIBLB,Apple,iPhone 13 Pro,A2483,Wi-Fi,128GB,Sierra Blue,B Grade,"",,
6233993,MBA25M416256SILVA,Apple,"MacBook Air (13-inch, 2025)","A3240 (16GB RAM, M4 8 Core)",Wi-Fi,256GB,Silver,A Grade,"",,
6240123,IPH14P128GBDPBLKB,Apple,iPhone 14 Pro,A2650,Wi-Fi,128GB,Deep Black,B Grade,"",,
6240124,IPH14P128GBDPBLKBM,Apple,iPhone 14 Pro,A2650,Wi-Fi,128GB,Deep Black,BM Grade,"",,
6240125,IPH14P128GBDPBLKC,Apple,iPhone 14 Pro,A2650,Wi-Fi,128GB,Deep Black,C Grade,"",,
6245509,IPH12P128GBGRPHB,Apple,iPhone 12 Pro,A2341,Unlocked,128GB,Graphite,B Grade,Broken Speaker/Microphone,,
6245528,IPH11128GBYELWC,Apple,iPhone 11,A2111,Unlocked,128GB,Yellow,C Grade,"Cracked Back Glass, Broken LCD",,
6245536,MBP132023G16512SILVB,Apple,"MacBook Pro (13-inch, 2020)","A2251 (16GB RAM, 2.3GHz i7)",Wi-Fi,512GB,Silver,B Grade,"",,
6245537,MBP132023G16512SPGRB,Apple,"MacBook Pro (13-inch, 2020)","A2251 (16GB RAM, 2.3GHz i7)",Wi-Fi,512GB,Space Grey,B Grade,"",,
6245540,MBP1421M1P16512SPGRBM,Apple,"MacBook Pro (14-inch, M1 Pro, 2021)","A2442 (16GB RAM, M1 Pro 8 Core)",Wi-Fi,512GB,Space Gray,BM Grade,Broken LCD,,
6245541,MBP1320M18256SPGRB,Apple,"MacBook Pro (13-inch, M1, 2020)","A2338 (8GB RAM, M1 8 Core)",Wi-Fi,256GB,Space Gray,B Grade,Broken LCD,,
6245602,MBA22M28256STRLA0002,Apple,"MacBook Air (13-inch, M2, 2022)","A2681 (8GB RAM, M2 8 Core)",Wi-Fi,256GB,Starlight,A Grade,"",,
6245603,MBA22M28256STRLA,Apple,"MacBook Air (13-inch, M2, 2022)","A2681 (8GB RAM, M2 8 Core)",Wi-Fi,256GB,Starlight,A Grade,Bad Keyboard,,
6245606,MBA2011GI8256RSGDBM0002,Apple,"MacBook Air (13-inch, 2020)","A2179 (8GB RAM, 1.1GHz i3)",Wi-Fi,256GB,Rose Gold,BM Grade,"",,
6245607,MBA2011GI8256RSGDBM,Apple,"MacBook Air (13-inch, 2020)","A2179 (8GB RAM, 1.1GHz i3)",Wi-Fi,256GB,Rose Gold,BM Grade,Bad Keyboard,,
6245643,INSPIRON74512BLUEB,Dell,"Inspiron 7435 (14-inch, 2023)","(16GB RAM, RYZEN 7 7730U)",Wi-Fi,512GB,Blue,B Grade,"",,
6245644,INSPIRON74512BLUEC,Dell,"Inspiron 7435 (14-inch, 2023)","(16GB RAM, RYZEN 7 7730U)",Wi-Fi,512GB,Blue,C Grade,"",,
6245647,INSPIRON55512WHITC,Dell,"Inspiron 5502 (15-inch, 2021)","(8GB RAM, i5 1135G7)",Wi-Fi,512GB,White,C Grade,"",,
6257132,SWITCH32BLACB,Nintendo,Switch,HAC-001,Wi-Fi,32GB,Black,B Grade,"",,
6257133,SWITCH32BLKPNKGRNB,Nintendo,Switch,HAC-001,Wi-Fi,32GB,Black with Pink and Green JoyCon,B Grade,"",,
6265429,SWITCHOLEDBLKBRA,Nintendo,Switch - OLED Model,HEG-001,Wi-Fi,64GB,Black,A Grade,"",,
6266029,IPH17PROMAX256GBSILVC,Apple,iPhone 17 Pro Max,A3525,Wi-Fi,256GB,Silver,C Grade,"",,
6266030,IPH17PROMAX256GBSILVC0002,Apple,iPhone 17 Pro Max,A3525,Unlocked,256GB,Silver,C Grade,"",,
6266031,17PM256GBSLVA,Apple,iPhone 17 Pro Max,A3525,Unlocked,256GB,Silver,A Grade,"",,
6266079,MACBOOKPRO256SPACB0002,Apple,"MacBook Pro (13-inch, 2021)","A2338 (16GB RAM, M1 8 Core)",Wi-Fi,256GB,Space Gray,B Grade,"",,
6267917,A29921218181TBSLVA,Apple,"MacBook Pro (14-inch, 2023)","(18GB RAM, M3 12CPU/18GPU)",Wi-Fi,1TB,Silver,A Grade,"",,
6271078,IPH16128GBBLACC,Apple,iPhone 16,A3081,Unlocked,128GB,Black,C Grade,"",,
6277010,IPADPRO11INCA3358256SPBLA,Apple,iPad Pro 11 inch M5,A3358,Wi-Fi & Cellular,256GB,Space Black,A Grade,"",,
6284308,ASUSROGG17RYZEN73060,ASUS,"Rog Strix G17 (17-inch, 2021)","(16GB RAM, RYZEN 7 5800H)",Wi-Fi,1TB,Black,A Grade,"",,
6284369,STUDIODISPLAYA525SILVB,Apple,Apple Studio Display,A2525,5K,N/A,Silver,B Grade,"",,
6284374,STUDIODISPLAYA525SILVB0002,Apple,2022 Studio Display 5k,A2525,5K,Select a Capacity,Silver,B Grade,"",,
6284375,STUDIODISPLAYA525,Apple,2022 Studio Display 5k,A2525,5K,N/A,Silver,B Grade,"",,
6284386,INSPIRON7573512GREYC,Dell,"Inspiron 7573 2-in-1 Touch (15-inch, 2018)","(16GB RAM, i7 8550U)",Wi-Fi,512GB,Grey,C Grade,"",,
6288312,MGTA1535WHITN,Apple,Magic Trackpad,Type C,N/A,A1535,White,NEW,"",,
6288313,MGTA1535BWHT,Apple,Magic Trackpad,Type C,N/A,A1535,White,B Grade,"",,
6288314,MAGIMOUSA3204WHITA,Apple,Magic Mouse,Type C,N/A,A3204,White,A Grade,"",,
6288315,AMTA3120WHTA,Apple,Magic Trackpad,Type C,N/A,A3120,White,A Grade,"",,
6288331,MACSTUDIOM1MAX512SILVA,Apple,"Mac Studio M1 Max (32GB RAM, 10C/24C)",A2348,Wi-Fi,512GB,Silver,A Grade,"",,
6288332,MACSTUDIOM1MAX512SILVC,Apple,"Mac Studio M1 Max (32GB RAM, 10C/24C)",A2348,Wi-Fi,512GB,Silver,C Grade,"",,
6288496,MACBOOKPRO512SPBLA,Apple,"MacBook Pro (14-inch, 2024)","A3401 (24GB RAM, M4 Pro 12C 16C GPU)",Wi-Fi,512GB,Space Black,A Grade,"",,
6288497,MACBOOKPRO512SPBLC,Apple,"MacBook Pro (14-inch, 2024)","A3401 (24GB RAM, M4 Pro 12C 16C GPU)",Wi-Fi,512GB,Space Black,C Grade,"",,
6288559,IMAC24218GBM1256GBSILVCD,Apple,"iMac (24-inch, 2021)","(8GB RAM, M1 8C/8G)",Wi-Fi,256GB,Silver,CD Grade,"",,
6288565,IMAC24218GBM1256GBSILVCD0002,Apple,"iMac (24-inch, 2021)","(8GB RAM, M1 8C/8G)",Wi-Fi,256GB,Silver,CD Grade,LCD Blemish Light,,
6288566,MACBOOKPRO512SPBLC0002,Apple,"MacBook Pro (14-inch, 2024)","A3401 (24GB RAM, M4 Pro 12C 16C GPU)",Wi-Fi,512GB,Space Black,C Grade,MDM Bypassed,,
6288571,MACBOOKPRO256SPACC0002,Apple,"MacBook Pro (13-inch, 2020)","A2289 (8GB RAM, 1.4GHz i5)",Wi-Fi,256GB,Space Grey,C Grade,"",,
6303711,IMAC24218GBM12TBYELLA,Apple,"iMac (24-inch, 2021)","(8GB RAM, M1 8C/8G)",Wi-Fi,2TB,Yellow,A Grade,"",,
6305647,IP16PMA2395BLKA,Apple,iPhone 16 Pro Max,A3295,Unlocked,256GB,Black Titanium,A Grade,"",,
6305664,AWATCHS941MMGPSA,Apple,Watch Series 9,41MM GPS,GPS + Cellular,N/A,Midnight,A Grade,"",,
6305705,WATCHULTRA49GPS+TITA,Apple,Watch Ultra 1,49MM GPS,GPS + Cellular,N/A,Titanium,A Grade,"",,
6313326,IPHONE12PROMA2411128GPACIB0002,Apple,iPhone 12 Pro Max,A2411,Unlocked,128GB,Pacific Blue,B Grade,No Power,,
6313363,THINKBOOK256SILVA,Lenovo,"Thinkbook (14-inch, 2020)","(16GB RAM, i7 1065G7)",Wi-Fi,256GB,Silver,A Grade,"",,
6313364,THINKBOOK16G4512GREYA,Lenovo,"Thinkbook 16 G4+ IAP (16-inch, 2022)","(16GB RAM, i5 12500H)",Wi-Fi,512GB,Grey,A Grade,"",,
6313370,TUFGAMIF158GBI5512GBBLACB,ASUS,"TUF Gaming F15 (15.6-inch, 2020)","(8GB RAM, i5 10300H)",Wi-Fi,512GB,Black,B Grade,"",,
6386811,MBP132016GBM1256GBSPACC,Apple,"MacBook Pro (13-inch, M1, 2020)","A2338 (16GB RAM, M1 8 Core)",Wi-Fi,256GB,Space Gray,C Grade,"",,
6386833,MBA13208GBM1256GBGOLDB0004,Apple,"MacBook Air (13-inch, M1, 2020)","A2337 (8GB RAM, M1 7 Core GPU)",Wi-Fi,256GB,Gold,B Grade,Broken LCD,,
6397719,IPH17PRO256GBDPBLA,Apple,iPhone 17 Pro,A3522,Unlocked,256GB,Deep Blue,A Grade,"",,
6397745,IPH17256GBSTGRN,Apple,iPhone 17,A3258,Unlocked,256GB,Steel Grey,NEW,"",,
6397746,IPH17AIR256GBSKYBN,Apple,iPhone 17 Air,A3260,Unlocked,256GB,Sky Blue,NEW,"",,
6398178,MSICLAW7ULT732512BLKO,MSI,Handheld Claw 7 A1+ A2VM - A2VM-001US,"(32GB RAM, Intel Core Ultra 7 258V)",Wi-Fi,512GB,Black,OPEN BOX,"",,
6398179,MSICLAW7ULT732512BLKN,MSI,Handheld Claw 7 A1+ A2VM - A2VM-001US,"(32GB RAM, Intel Core Ultra 7 258V)",Wi-Fi,512GB,Black,NEW,"",,
6398192,MSPRO7+I7161TBSILVA,Microsoft,"Surface Pro 7+ (13-inch, 2020)","(16GB RAM, i7 1165G7)",Wi-Fi,1TB,Silver,A Grade,"",,
6398207,MSIGE76I7321TBBLACB,MSI,"GE76 (17-inch, 2021)","(32GB RAM, i7 11800H)",Wi-Fi,1TB,Black,B Grade,"",,
6398209,MSIGE76i7321TBBLKC,MSI,"GE76 (17-inch, 2021)","(32GB RAM, i7 11800H)",Wi-Fi,1TB,Black,C Grade,"",,
6398582,MACIM2421M18C7G8G256GGRNWFB,Apple,"iMac (24-inch, 2021)","(8GB RAM, M1 8C/7G)",Wi-Fi,256GB,Green,B Grade,"",,
6398616,IMAC2421M18816512GLD,Apple,"iMac (24-inch, 2021)","(16GB RAM, M1 8C/8G)",Wi-Fi,512GB,Gold,A Grade,"",,
6398635,IMAC242116GBM1256GBSILVA,Apple,"iMac (24-inch, 2021)","(16GB RAM, M1 8C/8G)",Wi-Fi,256GB,Silver,A Grade,"",,
6398636,IMAC242116GBM1256GBGOLDA,Apple,"iMac (24-inch, 2021)","(16GB RAM, M1 8C/8G)",Wi-Fi,256GB,Gold,A Grade,"",,
6399403,MBA13208GBM1256GBGOLDBM0002,Apple,"MacBook Air (13-inch, M1, 2020)","A2337 (8GB RAM, M1 7 Core GPU)",Wi-Fi,256GB,Gold,BM Grade,Broken LCD,,
6399404,MBA13208GBM1256GBGOLDBM0003,Apple,"MacBook Air (13-inch, M1, 2020)","A2337 (8GB RAM, M1 7 Core GPU)",Wi-Fi,256GB,Gold,BM Grade,"LCD Lines - See Photos, LCD Flicker",,
6399529,MSPRO7+i7161TBSLVB,Microsoft,"Surface Pro 7+ (13-inch, 2020)","(16GB RAM, i7 1165G7)",Wi-Fi,1TB,Silver,B Grade,"",,
6399794,MBP132016GBM1256GBSPACA,Apple,"MacBook Pro (13-inch, M1, 2020)","A2338 (16GB RAM, M1 8 Core)",Wi-Fi,256GB,Space Grey,A Grade,"",,
6402588,MBP132016GBM1512GBSPACB,Apple,"MacBook Pro (13-inch, M1, 2020)","A2338 (16GB RAM, M1 8 Core)",Wi-Fi,512GB,Space Gray,B Grade,"",,
6402592,MBP132016GBM1256GBSPACC0002,Apple,"MacBook Pro (13-inch, M1, 2020)","A2338 (16GB RAM, M1 8 Core)",Wi-Fi,256GB,Space Gray,C Grade,LCD Lines - See Photos,,
6417735,IPH17PROMAX256GBCOSMA,Apple,iPhone 17 Pro Max,A3525,Unlocked,256GB,Cosmic Orange,A Grade,"",,
6441718,IPH15PROMAX256GBBLUEC,Apple,iPhone 15 Pro Max,A2849,Unlocked,256GB,Blue,C Grade,"",,
6441852,GALAXYWATCH740MMN/AGREEA,Samsung,Galaxy Watch 7 40MM,SM-L300NZGAXAC,GPS,N/A,Green,A Grade,"",,
6441962,LOQ15ARP9512GREYA,Lenovo,"LOQ 15ARP9 (15-inch, 2022)","(16GB RAM, i5-12450HX)",Wi-Fi,512GB,Grey,A Grade,"",,
6441971,MACBOOKPRO512SPBLO,Apple,"MacBook Pro (14-inch, 2025)","A3434 (16GB RAM, M5 10C 10C GPU)",Wi-Fi,512GB,Space Black,OPEN BOX,"",,
6441972,MACBOOKPRO512SPBLA0002,Apple,"MacBook Pro (14-inch, 2025)","A3434 (16GB RAM, M5 10C 10C GPU)",Wi-Fi,512GB,Space Black,A Grade,"",,
6441976,MACBOOKPRO512SPBLBM,Apple,"MacBook Pro (14-inch, 2025)","A3434 (16GB RAM, M5 10C 10C GPU)",Wi-Fi,512GB,Space Black,BM Grade,"",,
6441985,MACBOOKPRO256SPACC0003,Apple,"MacBook Pro (13-inch, 2021)","A2338 (8GB RAM, M1 8 Core)",Wi-Fi,256GB,Space Grey,C Grade,LCD Blemish Light,,
6442036,LOGIKEYSTOGO920006701UK,LOGITECH,"Logitech Keys-to-Go Bluetooth Keyboard for iPhone, iPad, Mac - Black",097855110442,Bluetooth,920-006701,Unknown,Unknown,"",,
6442037,LOGIKEYSTOGO920006701N,LOGITECH,"Logitech Keys-to-Go Bluetooth Keyboard for iPhone, iPad, Mac - Black",097855110442,Bluetooth,920-006701,Unknown,NEW,"",,
6442051,LATITUDE7430512GREYB,Dell,"Latitude 7430 (14-inch, 2022)","(16GB RAM, i7 1265U)",Wi-Fi,512GB,Grey,B Grade,"",,
6442262,MSIGF62VRI7161TBBLACD,MSI,"GF62VR (17-inch, 2017)","(16GB RAM, i7 7700HQ)",Wi-Fi,1TB,Black,D Grade,"",,
6442264,MSIGF62VRI7161TBBLACCD,MSI,"GF62VR (17-inch, 2017)","(16GB RAM, i7 7700HQ)",Wi-Fi,1TB,Black,CD Grade,"",,
6442268,MSIGF62VRI7161TBBLACCD0002,MSI,"GF62VR (17-inch, 2017)","(16GB RAM, i7 7700HQ)",Wi-Fi,1TB,Black,CD Grade,Missing Keys,,
6494965,IPH14256GBMIDNA,Apple,iPhone 14,A2881,Unlocked,256GB,Midnight,A Grade,"",,
6495022,PLAYSTATION5DISCSLIM1TBWHITA,Sony,PlayStation 5 Disc Slim,CFI-2115,Wi-Fi,1TB,White,A Grade,"",,
6495072,GALAXYFIT3N/ABLACUK,Samsung,Galaxy Fit 3,SM-R390,GPS,N/A,Black,Unknown,"",,
6495082,GALAXYFIT3N/ABLACBM,Samsung,Galaxy Fit 3,SM-R390,GPS,N/A,Black,BM Grade,"",,
6495252,WATCHSERIES841MMGPSN/AMIDNB,Apple,Watch Series 8,41MM GPS,GPS,N/A,Midnight,B Grade,"",,
6495269,WATCHSERIES845MMGPSN/AMIDNC,Apple,Watch Series 8,45MM GPS,GPS + LTE,N/A,Midnight,C Grade,"",,
6495270,WATCHSERIES845MMGPSN/AMIDNB,Apple,Watch Series 8,45MM GPS,GPS + LTE,N/A,Midnight,B Grade,"",,
6495276,WATCHSERIES845MMGPSN/AMIDNB0002,Apple,Watch Series 8,45MM GPS,GPS + LTE,N/A,Midnight,B Grade,Bad Battery,,
6495752,LEGION515IRX9512BLACA,Lenovo,"Legion 5 15IRX9 (15-inch, 2025)","(24GB RAM, I7-13650HX)",Wi-Fi,512GB,Black,A Grade,"",,
6496663,MACBOOKPRO256SPACC0004,Apple,"MacBook Pro (15-inch, 2019)","A1990 (16GB RAM, 2.6GHz i7 6 Core)",Wi-Fi,256GB,Space Gray,C Grade,"Service Battery Warning, LCD Blemish Light",,
6496744,MACBOOKPRO1TBSPACB0002,Apple,"MacBook Pro (13-inch, 2019)","A1989 (8GB RAM, 2.8GHz i7)",Wi-Fi,1TB,Space Grey,B Grade,"",,
6496818,MACBOOKPRO256SILVB0002,Apple,"MacBook Pro (13-inch, 2020)","A2289 (8GB RAM, 1.4GHz i5)",Wi-Fi,256GB,Silver,B Grade,"",,
6496820,MACBOOKPRO256SILVBM0002,Apple,"MacBook Pro (13-inch, 2020)","A2289 (8GB RAM, 1.4GHz i5)",Wi-Fi,256GB,Silver,BM Grade,"",,
6498118,MACBOOKPRO512SPACA0002,Apple,"MacBook Pro (16-inch, 2019)","A2141 (32GB RAM, 2.4GHz i9)",Wi-Fi,512GB,Space Grey,A Grade,"",,
6521120,SURFACEPRO6256SILVBM0002,Microsoft,"Surface Pro 6 (12-inch, 2018)","(8GB RAM, i5 8350U)",Wi-Fi,256GB,Silver,BM Grade,"",,
6521187,SONYWH1000XXBZYY2998BLACUK,Sony,Sony WH-1000XM5 Over-Ear Noise Cancelling Bluetooth Headphones - Black,WH1000XX/BZ,YY2998,027242933279,Bluetooth,Unknown,"",,
6521188,SONYWH1000XXBZYY2998BLACO,Sony,Sony WH-1000XM5 Over-Ear Noise Cancelling Bluetooth Headphones - Black,WH1000XX/BZ,YY2998,027242933279,Bluetooth,OPEN BOX,"",,
6521189,SONYWH1000XXBZYY2998BLACO0002,Sony,Sony WH-1000XX/BZ,YY2998,Bluetooth,027242933279,Black,OPEN BOX,"",,
6521190,SONYWH1000XXBZCOLLEXIONBLACO,Sony,WH-1000XX/BZ The Collexion,YY2998,Bluetooth,027242933279,Black,OPEN BOX,"",,
6521191,PHONE16PROA3292128GBWHITTIA,Apple,iPhone 16 Pro,A3292,Unlocked,128GB,White Titanium,A Grade,"",,
6521192,IPH15PRO256GBBLTIA,Apple,iPhone 15 Pro,A2848,Unlocked,256GB,Black Titanium,A Grade,"",,
6521193,IPHONE11A211164GBLACBM,Apple,iPhone 11,A2111,Unlocked,64GB,Black,BM Grade,"",,
6521194,MACBOOKPRO512SPACB0002,Apple,"MacBook Pro (13-inch, 2020)","A2251 (32GB RAM, 2.3GHz i7)",Wi-Fi,512GB,Space Grey,B Grade,"",,
6521195,MACBOOKPRO2TBSILVB,Apple,"MacBook Pro (16-inch, 2019)","A2141 (64GB RAM, 2.4GHz i9)",Wi-Fi,2TB,Silver,B Grade,"",,
6521196,MACBOOKPRO1TBSPACB0003,Apple,"MacBook Pro (16-inch, 2019)","A2141 (64GB RAM, 2.4GHz i9)",Wi-Fi,1TB,Space Grey,B Grade,"",,
6521199,MACBOOKPRO256SPACBM0002,Apple,"MacBook Pro (13-inch, 2020)","A2289 (16GB RAM, 1.4GHz i5)",Wi-Fi,256GB,Space Gray,BM Grade,"",,
6521213,TUFGAMINGF1516GBI5210H512GBBLACBM,ASUS,"TUF Gaming F15 (16-inch, 2025)","(16GB RAM, Intel Core 5 210H)",Wi-Fi,512GB,Black,BM Grade,"",,
6521214,TUFGAMINGF1516GBI5210H512GBBLACA,ASUS,"TUF Gaming F15 (16-inch, 2025)","(16GB RAM, Intel Core 5 210H)",Wi-Fi,512GB,Black,A Grade,"",,
6521215,TUFGAMINGF15144HZ16GBI5210H512GBBLACA,ASUS,"TUF Gaming F15 144Hz (16-inch, 2025)","(16GB RAM, Intel Core 5 210H)",Wi-Fi,512GB,Black,A Grade,"",,
6521236,THINKBOOK16G6IRL32GBI71335U512GBGREYA,Lenovo,"Thinkbook 16 G6 IRL (16-inch, 2024)","(32GB RAM, i7 1335U)",Wi-Fi,512GB,Grey,A Grade,"",,
6521238,PROBOOKX360435G816GBR75850U256GBSILVC,HP,"ProBook X360 435 G8 (13-inch, 2021)","(16GB RAM, Ryzen 7 Pro 5850U)",Wi-Fi,256GB,Silver,C Grade,"",,
6521239,V15G4IRU16GBI51335U256GBLACD,Lenovo,"V15 G4 IRU (15-inch, 2023)","(16GB RAM, i5 1335U)",Wi-Fi,256GB,Black,D Grade,"",,
6521240,V15G4IRU16GBI51335U256GBLACBM,Lenovo,"V15 G4 IRU (15-inch, 2023)","(16GB RAM, i5 1335U)",Wi-Fi,256GB,Black,BM Grade,"",,
6521241,MACBOOKPRO512SPACB000020002,Apple,"MacBook Pro (13-inch, 2018)","A1989 (16GB RAM, 2.3GHz i5)",Wi-Fi,512GB,Space Grey,B Grade,"",,
6521250,SKHYNIX4GBDDR4HMA851S6DJR6N3200AAC,SK-HYNIX,4GB DDR4 LAPTOP RAM,HMA851S6DJR6N,LAPTOP,3200AA,Green,C Grade,"",,
6521251,LOTOF394SKHYNIX4GBDC,SK-HYNIX,LOT OF 394 - 4GB DDR4 LAPTOP RAM,HMA851S6DJR6N,LAPTOP,3200AA,Green,C Grade,"",,
6521256,MBP161916GBI91TBSPACC,Apple,"MacBook Pro (16-inch, 2019)","A2141 (16GB RAM, Intel Core i9)",Wi-Fi,1TB SSD,Space Gray,C Grade,"",,
6528264,IPH17AIR256GBSKYBOP,Apple,iPhone 17 Air,A3260,Unlocked,256GB,Sky Blue,OPEN BOX,"",,
6528265,IP17AIRSB256GBOP,Apple,iPhone 17 Air,A3260,Unlocked,256GB,Space Black,OPEN BOX,"",,
6528267,S24FEGP128N,Samsung,Galaxy S24 FE,SM-S721WZKA,Wi-Fi,128GB,Graphite,NEW,"",,
6528269,GPXLPR9256PRCN,Google,Pixel 9,Pro,Unlocked,256GB,Porcelain,NEW,"",,
6528272,LNVYPR14IRP8i713161GRB,Lenovo,"Yoga Pro 9 14IRP8 (14-inch OLED 2-IN-1, 2023)","(16GB RAM, I7-1360P)",Wi-Fi,1TB,Grey,B Grade,"",,
6529514,MBP132016GBI520512GBSPACB0002,Apple,"MacBook Pro (13-inch, 2020)","A2251 (16GB RAM, 2.0GHz i5 Quad Core)",Wi-Fi,512GB,Space Grey,B Grade,"",,
6530932,IMAC24VESAM116256YLWA,Apple,"iMac (24-inch VESA Mount (No Stand), 2021)","(16GB RAM, M1 8C/8G)",Wi-Fi,256GB,Gold,A Grade,"",,
6531069,IMAC24218GBM12TBYELLCD,Apple,"iMac (24-inch, 2021)","(8GB RAM, M1 8C/8G)",Wi-Fi,2TB,Yellow,CD Grade,"",,
6531070,IMAC24218GBM12TBYELLCD0002,Apple,"iMac (24-inch, 2021)","(8GB RAM, M1 8C/8G)",Wi-Fi,2TB,Yellow,CD Grade,Cracked Front Glass,,
6531118,MBP132016GBI520512GBSPACBM,Apple,"MacBook Pro (13-inch, 2020)","A2251 (16GB RAM, 2.0GHz i5 Quad Core)",Wi-Fi,512GB,Space Gray,BM Grade,"",,
6533204,IPH15128GBBLACB,Apple,iPhone 15,A2846,Unlocked,128GB,Black,B Grade,"",,
6533205,IPH15128GBBLACBM,Apple,iPhone 15,A2846,Unlocked,128GB,Black,BM Grade,"",,
6533206,IPAD9THGENA260264GSPACC,Apple,iPad 9th Gen,A2602,Wi-Fi,64GB,Space Grey,C Grade,"",,
6533207,IPAD9THGENA260264GSPACC0002,Apple,iPad 9th Gen,A2602,Wi-Fi,64GB,Space Grey,C Grade,Power Button Stuck,,
6533210,IPADMINI664GBSTARBM,Apple,iPad mini 6,A2568,Wi-Fi,64GB,Starlight,BM Grade,"",,
6533213,IPADMINI664GBSTARD,Apple,iPad mini 6,A2568,Wi-Fi,64GB,Starlight,D Grade,"",,
6533214,IPADMINI664GBSTARD0002,Apple,iPad mini 6,A2568,Wi-Fi,64GB,Starlight,D Grade,Cracked Front Glass,,
6533215,IPADMINI664GBSTARD0003,Apple,iPad mini 6,A2568,Wi-Fi,64GB,Starlight,D Grade,Broken LCD,,
6533255,IPADMINI6A256764GBSPACA,Apple,iPad mini 6,A2567,Wi-Fi,64GB,Space Grey,A Grade,"",,
6533260,IPADMINI6A256764GBSPACB,Apple,iPad mini 6,A2567,Wi-Fi,64GB,Space Grey,B Grade,"",,
6533721,,BOSE,QuietComfort Ultra Headphones Gen 1,Updated,Bluetooth,N/A,Lunar Blue,C Grade,"",,
6538717,WTCHSE344MIDNGPSB,Apple,Watch Series SE 3,44MM GPS,GPS,N/A,Midnight,B Grade,"",,
6538720,,Apple,Watch Ultra 3,49MM GPS,GPS + Cellular,N/A,Natural Titanium,A Grade,"",,
6538721,WATCHULT349ANTLBLUA,Apple,Watch Ultra 3,49MM GPS,GPS + Cellular,N/A,Natural Titanium + Light Blue Alp Lp S,A Grade,"",,
6538728,MBP132016GBM1512GBSPACC,Apple,"MacBook Pro (13-inch, M1, 2020)","A2338 (16GB RAM, M1 8 Core)",Wi-Fi,512GB,Space Gray,C Grade,"",,
6538761,MBP14M3810512SLVO,Apple,"MacBook Pro (14-inch, 2023)","A2992 (8GB RAM, M3 8CPU/10GPU)",Wi-Fi,512GB,Silver,OPEN BOX,"",,
6591548,,Apple,iPhone 15 Plus,A3093,Unlocked,256GB,Blue,B Grade,"",,
6591549,IP15PL256BLA,Apple,iPhone 15 Plus,A3093,Unlocked,256GB,Blue,A Grade,"",,
6591596,ROGSTRG152022RYZ7161TBA,ASUS,"Rog Strix G15 (15-inch, 2022)","(16GB RAM, Ryzen 7 6800H)",Wi-Fi,1TB,Black,A Grade,"",,
6591597,,Dell,"G17 7700 (17-inch, 2020)","(16GB RAM, i7 10750H)",Wi-Fi,512GB,Black,B Grade,"",,
6591598,G17770017512BLKC,Dell,"G17 7700 (17-inch, 2020)","(16GB RAM, i7 10750H)",Wi-Fi,512GB,Black,C Grade,"",,
6591599,,ASUS,"TUF Gaming FX507G (17.3-inch, 2019)","(16GB RAM, I7-8750H)",Wi-Fi,256GB,Black,B Grade,"",,
6591600,,ASUS,"TUF Gaming FX507G (17.3-inch, 2019)","(16GB RAM, I7-8750H)",Wi-Fi,256GB,Black,C Grade,"",,
6591601,TUFFX507G17162568750HBLKCKYS,ASUS,"TUF Gaming FX507G (17.3-inch, 2019)","(16GB RAM, I7-8750H)",Wi-Fi,256GB,Black,C Grade,Missing Keys,,
6591604,,HP,"Elitebook 840 (14-inch, 2014)","(8GB RAM, i5 4200U)",Wi-Fi,128GB,Black,BM Grade,"",,
6591605,HPELTBK840I54200U128BLKC,HP,"Elitebook 840 (14-inch, 2014)","(8GB RAM, i5 4200U)",Wi-Fi,128GB,Black,C Grade,"",,
6591612,,Dell,"Latitude E7470 (13-inch, 2016)","7370 (8GB RAM, i5 6300U )",Wi-Fi,256GB,Black,C Grade,No Battery Installed,,
6591613,E744014I746008256BLKC,Dell,"Latitude E7440 (14-inch, 2014)","(8GB RAM, i7 4600U)",Wi-Fi,256GB,Black,C Grade,No Battery Installed,,
